2026-03-22 15:42:58 - app - INFO - 日志系统初始化完成
2026-03-22 15:42:59 - app - INFO - 应用初始化完成，配置: default
学生表的excluded_from_scheduling字段已存在
学生表的默认上课时段字段已存在
学生表的默认上课星期字段已存在
学生表的source字段已存在
学生课程默认排课设置表已存在
教师表的status字段已存在
教师表的employment_type字段已存在
教师表的bio字段已存在
教师表的resume_path字段已存在
教师表的resume_filename字段已存在
学生课程表的时段字段已存在
学生课程表的教室字段已存在
学生课程表的试课状态字段已存在
学生课程表的备注字段已存在
课时统计表结构正常
缴费表的type字段已存在
老师课时表的incentive字段已存在
老师课时表的remark字段已存在
老师课时表的base_salary字段已存在
老师课时表的is_settled字段已存在
老师课时表的settled_at字段已存在
财务记录表的revenue_mode字段已存在
课时统计表的course_id字段已存在
老师课时表的course_id字段已存在
学生课程表的is_confirmed字段已存在
学生课程表的marketing_lead_id字段已存在
教师简历表已存在
用户权限表已存在
用户权限表的功能权限字段已存在
学生课程默认排课设置表已存在
学生课程默认排课设置表的 scheduling_paused 字段已存在
学生课程默认排课设置表的 default_teacher_id 字段已存在
学生课程默认排课设置表的 default_classroom 字段已存在
用户表的session_token字段已存在
营销线索表的 trial_status 字段已存在
学生表的 scheduling_paused 字段已存在
使用端口: 5000
教务管理系统后端API启动成功！
Debug模式: 已启用
API地址: http://localhost:5000
前端开发服务器: http://localhost:3000
 * Serving Flask app 'app'
 * Debug mode: on
2026-03-22 15:43:00 - app - INFO - 日志系统初始化完成
2026-03-22 15:43:01 - app - INFO - 应用初始化完成，配置: default
 * Debugger is active!
学生表的excluded_from_scheduling字段已存在
学生表的默认上课时段字段已存在
学生表的默认上课星期字段已存在
学生表的source字段已存在
学生课程默认排课设置表已存在
教师表的status字段已存在
教师表的employment_type字段已存在
教师表的bio字段已存在
教师表的resume_path字段已存在
教师表的resume_filename字段已存在
学生课程表的时段字段已存在
学生课程表的教室字段已存在
学生课程表的试课状态字段已存在
学生课程表的备注字段已存在
课时统计表结构正常
缴费表的type字段已存在
老师课时表的incentive字段已存在
老师课时表的remark字段已存在
老师课时表的base_salary字段已存在
老师课时表的is_settled字段已存在
老师课时表的settled_at字段已存在
财务记录表的revenue_mode字段已存在
课时统计表的course_id字段已存在
老师课时表的course_id字段已存在
学生课程表的is_confirmed字段已存在
学生课程表的marketing_lead_id字段已存在
教师简历表已存在
用户权限表已存在
用户权限表的功能权限字段已存在
学生课程默认排课设置表已存在
学生课程默认排课设置表的 scheduling_paused 字段已存在
学生课程默认排课设置表的 default_teacher_id 字段已存在
学生课程默认排课设置表的 default_classroom 字段已存在
用户表的session_token字段已存在
营销线索表的 trial_status 字段已存在
学生表的 scheduling_paused 字段已存在
使用端口: 5000
教务管理系统后端API启动成功！
Debug模式: 已启用
API地址: http://localhost:5000
前端开发服务器: http://localhost:3000
[DEBUG] get_valid_student_ids_for_management_page: 来源1=0, 来源2=29, 来源3=0, 来源4=29, 来源5=6, union_ids=29, 最终有效学生数=29
[DEBUG] get_valid_student_ids_for_management_page: 来源1=0, 来源2=29, 来源3=0, 来源4=29, 来源5=6, union_ids=29, 最终有效学生数=29
[DEBUG] get_valid_student_ids_for_management_page: 来源1=0, 来源2=29, 来源3=0, 来源4=29, 来源5=6, union_ids=29, 最终有效学生数=29
[DEBUG] get_valid_student_ids_for_management_page: 来源1=0, 来源2=29, 来源3=0, 来源4=29, 来源5=6, union_ids=29, 最终有效学生数=29
[DEBUG] get_valid_student_ids_for_management_page: 来源1=0, 来源2=29, 来源3=0, 来源4=29, 来源5=6, union_ids=29, 最终有效学生数=29
[DEBUG] get_valid_student_ids_for_management_page: 来源1=0, 来源2=29, 来源3=0, 来源4=29, 来源5=6, union_ids=29, 最终有效学生数=29
[DEBUG] get_valid_student_ids_for_management_page: 来源1=0, 来源2=29, 来源3=0, 来源4=29, 来源5=6, union_ids=29, 最终有效学生数=29
[DEBUG] get_valid_student_ids_for_management_page: 来源1=0, 来源2=29, 来源3=0, 来源4=29, 来源5=6, union_ids=29, 最终有效学生数=29
API查询: month=2026-03, week=4
日期范围: 2026-03-23 到 2026-03-29
查询结果数量: 2
第一条记录日期: 2026-03-28
[DEBUG] get_valid_student_ids_for_management_page: 来源1=0, 来源2=29, 来源3=0, 来源4=29, 来源5=6, union_ids=29, 最终有效学生数=29
[DEBUG] get_valid_student_ids_for_management_page: 来源1=0, 来源2=29, 来源3=0, 来源4=29, 来源5=6, union_ids=29, 最终有效学生数=29
[DEBUG] get_valid_student_ids_for_management_page: 来源1=0, 来源2=29, 来源3=0, 来源4=29, 来源5=6, union_ids=29, 最终有效学生数=29
[DEBUG] get_valid_student_ids_for_management_page: 来源1=0, 来源2=29, 来源3=0, 来源4=29, 来源5=6, union_ids=29, 最终有效学生数=29
[DEBUG] get_valid_student_ids_for_management_page: 来源1=0, 来源2=29, 来源3=0, 来源4=29, 来源5=6, union_ids=29, 最终有效学生数=29
[DEBUG] get_valid_student_ids_for_management_page: 来源1=0, 来源2=29, 来源3=0, 来源4=29, 来源5=6, union_ids=29, 最终有效学生数=29
API查询: month=2026-03, week=4
日期范围: 2026-03-23 到 2026-03-29
查询结果数量: 1
第一条记录日期: 2026-03-28
[DEBUG] get_valid_student_ids_for_management_page: 来源1=0, 来源2=29, 来源3=0, 来源4=29, 来源5=6, union_ids=29, 最终有效学生数=29
[DEBUG] get_valid_student_ids_for_management_page: 来源1=0, 来源2=29, 来源3=0, 来源4=29, 来源5=6, union_ids=29, 最终有效学生数=29
API查询: month=2026-03, week=4
日期范围: 2026-03-23 到 2026-03-29
查询结果数量: 1
第一条记录日期: 2026-03-28
[DEBUG] get_valid_student_ids_for_management_page: 来源1=0, 来源2=29, 来源3=0, 来源4=29, 来源5=6, union_ids=29, 最终有效学生数=29
API查询: month=2026-03, week=4
日期范围: 2026-03-23 到 2026-03-29
查询结果数量: 0
[DEBUG] get_valid_student_ids_for_management_page: 来源1=0, 来源2=29, 来源3=0, 来源4=29, 来源5=6, union_ids=29, 最终有效学生数=29
API查询: month=2026-03, week=4
日期范围: 2026-03-23 到 2026-03-29
查询结果数量: 0
[DEBUG] get_valid_student_ids_for_management_page: 来源1=0, 来源2=29, 来源3=0, 来源4=29, 来源5=6, union_ids=29, 最终有效学生数=29
API查询: month=2026-03, week=4
日期范围: 2026-03-23 到 2026-03-29
查询结果数量: 0
[DEBUG] get_valid_student_ids_for_management_page: 来源1=0, 来源2=29, 来源3=0, 来源4=29, 来源5=6, union_ids=29, 最终有效学生数=29
[DEBUG] get_valid_student_ids_for_management_page: 来源1=0, 来源2=29, 来源3=0, 来源4=29, 来源5=6, union_ids=29, 最终有效学生数=29
[DEBUG] get_valid_student_ids_for_management_page: 来源1=0, 来源2=29, 来源3=0, 来源4=29, 来源5=6, union_ids=29, 最终有效学生数=29
API查询: month=2026-03, week=4
日期范围: 2026-03-23 到 2026-03-29
查询结果数量: 0
[DEBUG] get_valid_student_ids_for_management_page: 来源1=0, 来源2=29, 来源3=0, 来源4=29, 来源5=6, union_ids=29, 最终有效学生数=29
[DEBUG] get_valid_student_ids_for_management_page: 来源1=0, 来源2=29, 来源3=0, 来源4=29, 来源5=6, union_ids=29, 最终有效学生数=29
API查询: month=2026-03, week=4
日期范围: 2026-03-23 到 2026-03-29
查询结果数量: 2
第一条记录日期: 2026-03-28
[DEBUG] get_valid_student_ids_for_management_page: 来源1=0, 来源2=29, 来源3=0, 来源4=29, 来源5=6, union_ids=29, 最终有效学生数=29
[DEBUG] get_valid_student_ids_for_management_page: 来源1=0, 来源2=29, 来源3=0, 来源4=29, 来源5=6, union_ids=29, 最终有效学生数=29
[DEBUG] get_valid_student_ids_for_management_page: 来源1=0, 来源2=29, 来源3=0, 来源4=29, 来源5=6, union_ids=29, 最终有效学生数=29
[DEBUG] get_valid_student_ids_for_management_page: 来源1=0, 来源2=29, 来源3=0, 来源4=29, 来源5=6, union_ids=29, 最终有效学生数=29
[DEBUG] get_valid_student_ids_for_management_page: 来源1=0, 来源2=29, 来源3=0, 来源4=29, 来源5=6, union_ids=29, 最终有效学生数=29
[DEBUG] get_valid_student_ids_for_management_page: 来源1=0, 来源2=29, 来源3=0, 来源4=29, 来源5=6, union_ids=29, 最终有效学生数=29
[DEBUG] get_valid_student_ids_for_management_page: 来源1=0, 来源2=29, 来源3=0, 来源4=29, 来源5=6, union_ids=29, 最终有效学生数=29
[DEBUG] get_valid_student_ids_for_management_page: 来源1=0, 来源2=29, 来源3=0, 来源4=29, 来源5=6, union_ids=29, 最终有效学生数=29
API查询: month=2026-03, week=4
日期范围: 2026-03-23 到 2026-03-29
查询结果数量: 2
第一条记录日期: 2026-03-28
[DEBUG] get_valid_student_ids_for_management_page: 来源1=0, 来源2=29, 来源3=0, 来源4=29, 来源5=6, union_ids=29, 最终有效学生数=29
[DEBUG] get_valid_student_ids_for_management_page: 来源1=0, 来源2=29, 来源3=0, 来源4=29, 来源5=6, union_ids=29, 最终有效学生数=29
[DEBUG] get_valid_student_ids_for_management_page: 来源1=0, 来源2=29, 来源3=0, 来源4=29, 来源5=6, union_ids=29, 最终有效学生数=29
[DEBUG] get_valid_student_ids_for_management_page: 来源1=0, 来源2=29, 来源3=0, 来源4=29, 来源5=6, union_ids=29, 最终有效学生数=29
[DEBUG] get_valid_student_ids_for_management_page: 来源1=0, 来源2=29, 来源3=0, 来源4=29, 来源5=6, union_ids=29, 最终有效学生数=29
[DEBUG] get_valid_student_ids_for_management_page: 来源1=0, 来源2=29, 来源3=0, 来源4=29, 来源5=6, union_ids=29, 最终有效学生数=29
[DEBUG] get_valid_student_ids_for_management_page: 来源1=0, 来源2=29, 来源3=0, 来源4=29, 来源5=6, union_ids=29, 最终有效学生数=29
API查询: month=2026-03, week=4
日期范围: 2026-03-23 到 2026-03-29
查询结果数量: 1
第一条记录日期: 2026-03-28
[DEBUG] get_valid_student_ids_for_management_page: 来源1=0, 来源2=29, 来源3=0, 来源4=29, 来源5=6, union_ids=29, 最终有效学生数=29
API查询: month=2026-03, week=4
日期范围: 2026-03-23 到 2026-03-29
查询结果数量: 1
第一条记录日期: 2026-03-28
[DEBUG] get_valid_student_ids_for_management_page: 来源1=0, 来源2=29, 来源3=0, 来源4=29, 来源5=6, union_ids=29, 最终有效学生数=29
API查询: month=2026-03, week=4
日期范围: 2026-03-23 到 2026-03-29
查询结果数量: 0
[DEBUG] get_valid_student_ids_for_management_page: 来源1=0, 来源2=29, 来源3=0, 来源4=29, 来源5=6, union_ids=29, 最终有效学生数=29
API查询: month=2026-03, week=4
日期范围: 2026-03-23 到 2026-03-29
查询结果数量: 0
[DEBUG] get_valid_student_ids_for_management_page: 来源1=0, 来源2=29, 来源3=0, 来源4=29, 来源5=6, union_ids=29, 最终有效学生数=29
API查询: month=2026-03, week=4
日期范围: 2026-03-23 到 2026-03-29
查询结果数量: 0
[DEBUG] get_valid_student_ids_for_management_page: 来源1=0, 来源2=29, 来源3=0, 来源4=29, 来源5=6, union_ids=29, 最终有效学生数=29
[DEBUG] get_valid_student_ids_for_management_page: 来源1=0, 来源2=29, 来源3=0, 来源4=29, 来源5=6, union_ids=29, 最终有效学生数=29
API查询: month=2026-03, week=4
日期范围: 2026-03-23 到 2026-03-29
查询结果数量: 0
[DEBUG] get_valid_student_ids_for_management_page: 来源1=0, 来源2=29, 来源3=0, 来源4=29, 来源5=6, union_ids=29, 最终有效学生数=29
[DEBUG] get_valid_student_ids_for_management_page: 来源1=0, 来源2=29, 来源3=0, 来源4=29, 来源5=6, union_ids=29, 最终有效学生数=29
[DEBUG] get_valid_student_ids_for_management_page: 来源1=0, 来源2=29, 来源3=0, 来源4=29, 来源5=6, union_ids=29, 最终有效学生数=29
API查询: month=2026-03, week=4
日期范围: 2026-03-23 到 2026-03-29
查询结果数量: 2
第一条记录日期: 2026-03-28
Stats request: month=2026-03, student_id=None, course_id=None
[DEBUG] get_valid_student_ids_for_management_page: 来源1=0, 来源2=29, 来源3=0, 来源4=29, 来源5=6, union_ids=29, 最终有效学生数=29
[DEBUG] get_valid_student_ids_for_management_page: 来源1=0, 来源2=29, 来源3=0, 来源4=29, 来源5=6, union_ids=29, 最终有效学生数=29
[DEBUG] get_valid_student_ids_for_management_page: 来源1=0, 来源2=29, 来源3=0, 来源4=29, 来源5=6, union_ids=29, 最终有效学生数=29
[DEBUG] get_valid_student_ids_for_management_page: 来源1=0, 来源2=29, 来源3=0, 来源4=29, 来源5=6, union_ids=29, 最终有效学生数=29
[DEBUG] get_valid_student_ids_for_management_page: 来源1=0, 来源2=29, 来源3=0, 来源4=29, 来源5=6, union_ids=29, 最终有效学生数=29
[DEBUG] get_valid_student_ids_for_management_page: 来源1=0, 来源2=29, 来源3=0, 来源4=29, 来源5=6, union_ids=29, 最终有效学生数=29
[DEBUG] get_valid_student_ids_for_management_page: 来源1=0, 来源2=29, 来源3=0, 来源4=29, 来源5=6, union_ids=29, 最终有效学生数=29
[DEBUG] get_valid_student_ids_for_management_page: 来源1=0, 来源2=29, 来源3=0, 来源4=29, 来源5=6, union_ids=29, 最终有效学生数=29
[DEBUG] get_valid_student_ids_for_management_page: 来源1=0, 来源2=29, 来源3=0, 来源4=29, 来源5=6, union_ids=29, 最终有效学生数=29
[DEBUG] get_valid_student_ids_for_management_page: 来源1=0, 来源2=29, 来源3=0, 来源4=29, 来源5=6, union_ids=29, 最终有效学生数=29
[DEBUG] get_valid_student_ids_for_management_page: 来源1=0, 来源2=29, 来源3=0, 来源4=29, 来源5=6, union_ids=29, 最终有效学生数=29
[DEBUG] get_valid_student_ids_for_management_page: 来源1=0, 来源2=29, 来源3=0, 来源4=29, 来源5=6, union_ids=29, 最终有效学生数=29
[DEBUG] get_valid_student_ids_for_management_page: 来源1=0, 来源2=29, 来源3=0, 来源4=29, 来源5=6, union_ids=29, 最终有效学生数=29
API查询: month=2026-03, week=3
日期范围: 2026-03-16 到 2026-03-22
查询结果数量: 0
[DEBUG] get_valid_student_ids_for_management_page: 来源1=0, 来源2=29, 来源3=0, 来源4=29, 来源5=6, union_ids=29, 最终有效学生数=29
[DEBUG] get_valid_student_ids_for_management_page: 来源1=0, 来源2=29, 来源3=0, 来源4=29, 来源5=6, union_ids=29, 最终有效学生数=29
API查询: month=2026-03, week=3
日期范围: 2026-03-16 到 2026-03-22
查询结果数量: 1
第一条记录日期: 2026-03-18
[DEBUG] get_valid_student_ids_for_management_page: 来源1=0, 来源2=29, 来源3=0, 来源4=29, 来源5=6, union_ids=29, 最终有效学生数=29
API查询: month=2026-03, week=3
日期范围: 2026-03-16 到 2026-03-22
查询结果数量: 0
[DEBUG] get_valid_student_ids_for_management_page: 来源1=0, 来源2=29, 来源3=0, 来源4=29, 来源5=6, union_ids=29, 最终有效学生数=29
API查询: month=2026-03, week=3
日期范围: 2026-03-16 到 2026-03-22
查询结果数量: 0
[DEBUG] get_valid_student_ids_for_management_page: 来源1=0, 来源2=29, 来源3=0, 来源4=29, 来源5=6, union_ids=29, 最终有效学生数=29
API查询: month=2026-03, week=3
日期范围: 2026-03-16 到 2026-03-22
查询结果数量: 0
[DEBUG] get_valid_student_ids_for_management_page: 来源1=0, 来源2=29, 来源3=0, 来源4=29, 来源5=6, union_ids=29, 最终有效学生数=29
API查询: month=2026-03, week=3
日期范围: 2026-03-16 到 2026-03-22
查询结果数量: 0
[DEBUG] get_valid_student_ids_for_management_page: 来源1=0, 来源2=29, 来源3=0, 来源4=29, 来源5=6, union_ids=29, 最终有效学生数=29
[DEBUG] get_valid_student_ids_for_management_page: 来源1=0, 来源2=29, 来源3=0, 来源4=29, 来源5=6, union_ids=29, 最终有效学生数=29
[DEBUG] get_valid_student_ids_for_management_page: 来源1=0, 来源2=29, 来源3=0, 来源4=29, 来源5=6, union_ids=29, 最终有效学生数=29
API查询: month=2026-03, week=3
日期范围: 2026-03-16 到 2026-03-22
查询结果数量: 1
第一条记录日期: 2026-03-18
[DEBUG] get_valid_student_ids_for_management_page: 来源1=0, 来源2=29, 来源3=0, 来源4=29, 来源5=6, union_ids=29, 最终有效学生数=29
[DEBUG] get_valid_student_ids_for_management_page: 来源1=0, 来源2=29, 来源3=0, 来源4=29, 来源5=6, union_ids=29, 最终有效学生数=29
[DEBUG] get_valid_student_ids_for_management_page: 来源1=0, 来源2=29, 来源3=0, 来源4=29, 来源5=6, union_ids=29, 最终有效学生数=29
API查询: month=2026-03, week=3
日期范围: 2026-03-16 到 2026-03-22
查询结果数量: 1
第一条记录日期: 2026-03-18
[DEBUG] get_valid_student_ids_for_management_page: 来源1=0, 来源2=29, 来源3=0, 来源4=29, 来源5=6, union_ids=29, 最终有效学生数=29
[DEBUG] get_valid_student_ids_for_management_page: 来源1=0, 来源2=29, 来源3=0, 来源4=29, 来源5=6, union_ids=29, 最终有效学生数=29
[DEBUG] get_valid_student_ids_for_management_page: 来源1=0, 来源2=29, 来源3=0, 来源4=29, 来源5=6, union_ids=29, 最终有效学生数=29
[DEBUG] get_valid_student_ids_for_management_page: 来源1=0, 来源2=29, 来源3=0, 来源4=29, 来源5=6, union_ids=29, 最终有效学生数=29
[DEBUG] get_valid_student_ids_for_management_page: 来源1=0, 来源2=29, 来源3=0, 来源4=29, 来源5=6, union_ids=29, 最终有效学生数=29
[DEBUG] get_valid_student_ids_for_management_page: 来源1=0, 来源2=29, 来源3=0, 来源4=29, 来源5=6, union_ids=29, 最终有效学生数=29
[DEBUG] get_valid_student_ids_for_management_page: 来源1=0, 来源2=29, 来源3=0, 来源4=29, 来源5=6, union_ids=29, 最终有效学生数=29
[DEBUG] get_valid_student_ids_for_management_page: 来源1=0, 来源2=29, 来源3=0, 来源4=29, 来源5=6, union_ids=29, 最终有效学生数=29
[DEBUG] get_valid_student_ids_for_management_page: 来源1=0, 来源2=29, 来源3=0, 来源4=29, 来源5=6, union_ids=29, 最终有效学生数=29
[DEBUG] get_valid_student_ids_for_management_page: 来源1=0, 来源2=29, 来源3=0, 来源4=29, 来源5=6, union_ids=29, 最终有效学生数=29
[DEBUG] get_valid_student_ids_for_management_page: 来源1=0, 来源2=29, 来源3=0, 来源4=29, 来源5=6, union_ids=29, 最终有效学生数=29
[DEBUG] get_valid_student_ids_for_management_page: 来源1=0, 来源2=29, 来源3=0, 来源4=29, 来源5=6, union_ids=29, 最终有效学生数=29
[DEBUG] get_valid_student_ids_for_management_page: 来源1=0, 来源2=29, 来源3=0, 来源4=29, 来源5=6, union_ids=29, 最终有效学生数=29
API查询: month=2026-03, week=4
日期范围: 2026-03-23 到 2026-03-29
查询结果数量: 0
[DEBUG] get_valid_student_ids_for_management_page: 来源1=0, 来源2=29, 来源3=0, 来源4=29, 来源5=6, union_ids=29, 最终有效学生数=29
API查询: month=2026-03, week=4
日期范围: 2026-03-23 到 2026-03-29
查询结果数量: 1
第一条记录日期: 2026-03-28
[DEBUG] get_valid_student_ids_for_management_page: 来源1=0, 来源2=29, 来源3=0, 来源4=29, 来源5=6, union_ids=29, 最终有效学生数=29
API查询: month=2026-03, week=4
日期范围: 2026-03-23 到 2026-03-29
查询结果数量: 0
[DEBUG] get_valid_student_ids_for_management_page: 来源1=0, 来源2=29, 来源3=0, 来源4=29, 来源5=6, union_ids=29, 最终有效学生数=29
API查询: month=2026-03, week=4
日期范围: 2026-03-23 到 2026-03-29
查询结果数量: 1
第一条记录日期: 2026-03-28
[DEBUG] get_valid_student_ids_for_management_page: 来源1=0, 来源2=29, 来源3=0, 来源4=29, 来源5=6, union_ids=29, 最终有效学生数=29
API查询: month=2026-03, week=4
日期范围: 2026-03-23 到 2026-03-29
查询结果数量: 0
[DEBUG] get_valid_student_ids_for_management_page: 来源1=0, 来源2=29, 来源3=0, 来源4=29, 来源5=6, union_ids=29, 最终有效学生数=29
API查询: month=2026-03, week=4
日期范围: 2026-03-23 到 2026-03-29
查询结果数量: 0
[DEBUG] get_valid_student_ids_for_management_page: 来源1=0, 来源2=29, 来源3=0, 来源4=29, 来源5=6, union_ids=29, 最终有效学生数=29
[DEBUG] get_valid_student_ids_for_management_page: 来源1=0, 来源2=29, 来源3=0, 来源4=29, 来源5=6, union_ids=29, 最终有效学生数=29
[DEBUG] get_valid_student_ids_for_management_page: 来源1=0, 来源2=29, 来源3=0, 来源4=29, 来源5=6, union_ids=29, 最终有效学生数=29
API查询: month=2026-03, week=4
日期范围: 2026-03-23 到 2026-03-29
查询结果数量: 2
第一条记录日期: 2026-03-28
[DEBUG] get_valid_student_ids_for_management_page: 来源1=0, 来源2=29, 来源3=0, 来源4=29, 来源5=6, union_ids=29, 最终有效学生数=29
[DEBUG] get_valid_student_ids_for_management_page: 来源1=0, 来源2=29, 来源3=0, 来源4=29, 来源5=6, union_ids=29, 最终有效学生数=29
[DEBUG] get_valid_student_ids_for_management_page: 来源1=0, 来源2=29, 来源3=0, 来源4=29, 来源5=6, union_ids=29, 最终有效学生数=29
API查询: month=2026-03, week=4
日期范围: 2026-03-23 到 2026-03-29
查询结果数量: 2
第一条记录日期: 2026-03-28
[DEBUG] get_valid_student_ids_for_management_page: 来源1=0, 来源2=29, 来源3=0, 来源4=29, 来源5=6, union_ids=29, 最终有效学生数=29
[DEBUG] get_valid_student_ids_for_management_page: 来源1=0, 来源2=29, 来源3=0, 来源4=29, 来源5=6, union_ids=29, 最终有效学生数=29
[DEBUG] get_valid_student_ids_for_management_page: 来源1=0, 来源2=29, 来源3=0, 来源4=29, 来源5=6, union_ids=29, 最终有效学生数=29
API查询: month=2026-03, week=4
日期范围: 2026-03-23 到 2026-03-29
查询结果数量: 2
第一条记录日期: 2026-03-28
[DEBUG] get_valid_student_ids_for_management_page: 来源1=0, 来源2=29, 来源3=0, 来源4=29, 来源5=6, union_ids=29, 最终有效学生数=29
[DEBUG] get_valid_student_ids_for_management_page: 来源1=0, 来源2=29, 来源3=0, 来源4=29, 来源5=6, union_ids=29, 最终有效学生数=29
[DEBUG] get_valid_student_ids_for_management_page: 来源1=0, 来源2=29, 来源3=0, 来源4=29, 来源5=6, union_ids=29, 最终有效学生数=29
API查询: month=2026-03, week=3
日期范围: 2026-03-16 到 2026-03-22
查询结果数量: 1
第一条记录日期: 2026-03-18
[DEBUG] get_valid_student_ids_for_management_page: 来源1=0, 来源2=29, 来源3=0, 来源4=29, 来源5=6, union_ids=29, 最终有效学生数=29
[DEBUG] get_valid_student_ids_for_management_page: 来源1=0, 来源2=29, 来源3=0, 来源4=29, 来源5=6, union_ids=29, 最终有效学生数=29
[DEBUG] get_valid_student_ids_for_management_page: 来源1=0, 来源2=29, 来源3=0, 来源4=29, 来源5=6, union_ids=29, 最终有效学生数=29
API查询: month=2026-03, week=3
日期范围: 2026-03-16 到 2026-03-22
查询结果数量: 1
第一条记录日期: 2026-03-18
[DEBUG] get_valid_student_ids_for_management_page: 来源1=0, 来源2=29, 来源3=0, 来源4=29, 来源5=6, union_ids=29, 最终有效学生数=29
[DEBUG] get_valid_student_ids_for_management_page: 来源1=0, 来源2=29, 来源3=0, 来源4=29, 来源5=6, union_ids=29, 最终有效学生数=29
[DEBUG] get_valid_student_ids_for_management_page: 来源1=0, 来源2=29, 来源3=0, 来源4=29, 来源5=6, union_ids=29, 最终有效学生数=29
API查询: month=2026-03, week=3
日期范围: 2026-03-16 到 2026-03-22
查询结果数量: 0
[DEBUG] get_valid_student_ids_for_management_page: 来源1=0, 来源2=29, 来源3=0, 来源4=29, 来源5=6, union_ids=29, 最终有效学生数=29
[DEBUG] get_valid_student_ids_for_management_page: 来源1=0, 来源2=29, 来源3=0, 来源4=29, 来源5=6, union_ids=29, 最终有效学生数=29
[DEBUG] get_valid_student_ids_for_management_page: 来源1=0, 来源2=29, 来源3=0, 来源4=29, 来源5=6, union_ids=29, 最终有效学生数=29
API查询: month=2026-03, week=3
日期范围: 2026-03-16 到 2026-03-22
查询结果数量: 0
[DEBUG] get_valid_student_ids_for_management_page: 来源1=0, 来源2=29, 来源3=0, 来源4=29, 来源5=6, union_ids=29, 最终有效学生数=29
[DEBUG] get_valid_student_ids_for_management_page: 来源1=0, 来源2=29, 来源3=0, 来源4=29, 来源5=6, union_ids=29, 最终有效学生数=29
[DEBUG] get_valid_student_ids_for_management_page: 来源1=0, 来源2=29, 来源3=0, 来源4=29, 来源5=6, union_ids=29, 最终有效学生数=29
[DEBUG] get_valid_student_ids_for_management_page: 来源1=0, 来源2=29, 来源3=0, 来源4=29, 来源5=6, union_ids=29, 最终有效学生数=29
[DEBUG] get_valid_student_ids_for_management_page: 来源1=0, 来源2=29, 来源3=0, 来源4=29, 来源5=6, union_ids=29, 最终有效学生数=29
[DEBUG] get_valid_student_ids_for_management_page: 来源1=0, 来源2=29, 来源3=0, 来源4=29, 来源5=6, union_ids=29, 最终有效学生数=29
[DEBUG] get_valid_student_ids_for_management_page: 来源1=0, 来源2=29, 来源3=0, 来源4=29, 来源5=6, union_ids=29, 最终有效学生数=29
[DEBUG] get_valid_student_ids_for_management_page: 来源1=0, 来源2=29, 来源3=0, 来源4=29, 来源5=6, union_ids=29, 最终有效学生数=29
[DEBUG] get_valid_student_ids_for_management_page: 来源1=0, 来源2=29, 来源3=0, 来源4=29, 来源5=6, union_ids=29, 最终有效学生数=29
[DEBUG] get_valid_student_ids_for_management_page: 来源1=0, 来源2=29, 来源3=0, 来源4=29, 来源5=6, union_ids=29, 最终有效学生数=29
[DEBUG] get_valid_student_ids_for_management_page: 来源1=0, 来源2=29, 来源3=0, 来源4=29, 来源5=6, union_ids=29, 最终有效学生数=29
[DEBUG] get_valid_student_ids_for_management_page: 来源1=0, 来源2=29, 来源3=0, 来源4=29, 来源5=6, union_ids=29, 最终有效学生数=29
[DEBUG] get_valid_student_ids_for_management_page: 来源1=0, 来源2=29, 来源3=0, 来源4=29, 来源5=6, union_ids=29, 最终有效学生数=29
API查询: month=2026-03, week=3
日期范围: 2026-03-16 到 2026-03-22
查询结果数量: 0
[DEBUG] get_valid_student_ids_for_management_page: 来源1=0, 来源2=29, 来源3=0, 来源4=29, 来源5=6, union_ids=29, 最终有效学生数=29
API查询: month=2026-03, week=3
日期范围: 2026-03-16 到 2026-03-22
查询结果数量: 1
第一条记录日期: 2026-03-18
[DEBUG] get_valid_student_ids_for_management_page: 来源1=0, 来源2=29, 来源3=0, 来源4=29, 来源5=6, union_ids=29, 最终有效学生数=29
API查询: month=2026-03, week=3
日期范围: 2026-03-16 到 2026-03-22
查询结果数量: 0
[DEBUG] get_valid_student_ids_for_management_page: 来源1=0, 来源2=29, 来源3=0, 来源4=29, 来源5=6, union_ids=29, 最终有效学生数=29
API查询: month=2026-03, week=3
日期范围: 2026-03-16 到 2026-03-22
查询结果数量: 0
[DEBUG] get_valid_student_ids_for_management_page: 来源1=0, 来源2=29, 来源3=0, 来源4=29, 来源5=6, union_ids=29, 最终有效学生数=29
API查询: month=2026-03, week=3
日期范围: 2026-03-16 到 2026-03-22
查询结果数量: 0
[DEBUG] get_valid_student_ids_for_management_page: 来源1=0, 来源2=29, 来源3=0, 来源4=29, 来源5=6, union_ids=29, 最终有效学生数=29
API查询: month=2026-03, week=3
日期范围: 2026-03-16 到 2026-03-22
查询结果数量: 0
[DEBUG] get_valid_student_ids_for_management_page: 来源1=0, 来源2=29, 来源3=0, 来源4=29, 来源5=6, union_ids=29, 最终有效学生数=29
[DEBUG] get_valid_student_ids_for_management_page: 来源1=0, 来源2=29, 来源3=0, 来源4=29, 来源5=6, union_ids=29, 最终有效学生数=29
[DEBUG] get_valid_student_ids_for_management_page: 来源1=0, 来源2=29, 来源3=0, 来源4=29, 来源5=6, union_ids=29, 最终有效学生数=29
[DEBUG] get_valid_student_ids_for_management_page: 来源1=0, 来源2=29, 来源3=0, 来源4=29, 来源5=6, union_ids=29, 最终有效学生数=29
[DEBUG] get_valid_student_ids_for_management_page: 来源1=0, 来源2=29, 来源3=0, 来源4=29, 来源5=6, union_ids=29, 最终有效学生数=29
[DEBUG] get_valid_student_ids_for_management_page: 来源1=0, 来源2=29, 来源3=0, 来源4=29, 来源5=6, union_ids=29, 最终有效学生数=29
[DEBUG] get_valid_student_ids_for_management_page: 来源1=0, 来源2=29, 来源3=0, 来源4=29, 来源5=6, union_ids=29, 最终有效学生数=29
[DEBUG] get_valid_student_ids_for_management_page: 来源1=0, 来源2=29, 来源3=0, 来源4=29, 来源5=6, union_ids=29, 最终有效学生数=29
[DEBUG] get_valid_student_ids_for_management_page: 来源1=0, 来源2=29, 来源3=0, 来源4=29, 来源5=6, union_ids=29, 最终有效学生数=29
[DEBUG] get_valid_student_ids_for_management_page: 来源1=0, 来源2=29, 来源3=0, 来源4=29, 来源5=6, union_ids=29, 最终有效学生数=29
[DEBUG] get_valid_student_ids_for_management_page: 来源1=0, 来源2=29, 来源3=0, 来源4=29, 来源5=6, union_ids=29, 最终有效学生数=29
[DEBUG] get_valid_student_ids_for_management_page: 来源1=0, 来源2=29, 来源3=0, 来源4=29, 来源5=6, union_ids=29, 最终有效学生数=29
[DEBUG] get_valid_student_ids_for_management_page: 来源1=0, 来源2=29, 来源3=0, 来源4=29, 来源5=6, union_ids=29, 最终有效学生数=29
API查询: month=2026-03, week=3
日期范围: 2026-03-16 到 2026-03-22
查询结果数量: 1
第一条记录日期: 2026-03-18
[DEBUG] get_valid_student_ids_for_management_page: 来源1=0, 来源2=29, 来源3=0, 来源4=29, 来源5=6, union_ids=29, 最终有效学生数=29
API查询: month=2026-03, week=4
日期范围: 2026-03-23 到 2026-03-29
查询结果数量: 1
第一条记录日期: 2026-03-28
[DEBUG] get_valid_student_ids_for_management_page: 来源1=0, 来源2=29, 来源3=0, 来源4=29, 来源5=6, union_ids=29, 最终有效学生数=29
API查询: month=2026-03, week=4
日期范围: 2026-03-23 到 2026-03-29
查询结果数量: 1
第一条记录日期: 2026-03-28
[DEBUG] get_valid_student_ids_for_management_page: 来源1=0, 来源2=29, 来源3=0, 来源4=29, 来源5=6, union_ids=29, 最终有效学生数=29
API查询: month=2026-03, week=4
日期范围: 2026-03-23 到 2026-03-29
查询结果数量: 0
[DEBUG] get_valid_student_ids_for_management_page: 来源1=0, 来源2=29, 来源3=0, 来源4=29, 来源5=6, union_ids=29, 最终有效学生数=29
API查询: month=2026-03, week=4
日期范围: 2026-03-23 到 2026-03-29
查询结果数量: 0
[DEBUG] get_valid_student_ids_for_management_page: 来源1=0, 来源2=29, 来源3=0, 来源4=29, 来源5=6, union_ids=29, 最终有效学生数=29
API查询: month=2026-03, week=4
日期范围: 2026-03-23 到 2026-03-29
查询结果数量: 0
[DEBUG] get_valid_student_ids_for_management_page: 来源1=0, 来源2=29, 来源3=0, 来源4=29, 来源5=6, union_ids=29, 最终有效学生数=29
[DEBUG] get_valid_student_ids_for_management_page: 来源1=0, 来源2=29, 来源3=0, 来源4=29, 来源5=6, union_ids=29, 最终有效学生数=29
[DEBUG] get_valid_student_ids_for_management_page: 来源1=0, 来源2=29, 来源3=0, 来源4=29, 来源5=6, union_ids=29, 最终有效学生数=29
[DEBUG] get_valid_student_ids_for_management_page: 来源1=0, 来源2=29, 来源3=0, 来源4=29, 来源5=6, union_ids=29, 最终有效学生数=29
[DEBUG] get_valid_student_ids_for_management_page: 来源1=0, 来源2=29, 来源3=0, 来源4=29, 来源5=6, union_ids=29, 最终有效学生数=29
[DEBUG] get_valid_student_ids_for_management_page: 来源1=0, 来源2=29, 来源3=0, 来源4=29, 来源5=6, union_ids=29, 最终有效学生数=29
[DEBUG] get_valid_student_ids_for_management_page: 来源1=0, 来源2=29, 来源3=0, 来源4=29, 来源5=6, union_ids=29, 最终有效学生数=29
[DEBUG] get_valid_student_ids_for_management_page: 来源1=0, 来源2=29, 来源3=0, 来源4=29, 来源5=6, union_ids=29, 最终有效学生数=29
[DEBUG] get_valid_student_ids_for_management_page: 来源1=0, 来源2=29, 来源3=0, 来源4=29, 来源5=6, union_ids=29, 最终有效学生数=29
[DEBUG] get_valid_student_ids_for_management_page: 来源1=0, 来源2=29, 来源3=0, 来源4=29, 来源5=6, union_ids=29, 最终有效学生数=29
[DEBUG] get_valid_student_ids_for_management_page: 来源1=0, 来源2=29, 来源3=0, 来源4=29, 来源5=6, union_ids=29, 最终有效学生数=29
[DEBUG] get_valid_student_ids_for_management_page: 来源1=0, 来源2=29, 来源3=0, 来源4=29, 来源5=6, union_ids=29, 最终有效学生数=29
API查询: month=2026-03, week=4
日期范围: 2026-03-23 到 2026-03-29
查询结果数量: 0
[DEBUG] get_valid_student_ids_for_management_page: 来源1=0, 来源2=29, 来源3=0, 来源4=29, 来源5=6, union_ids=29, 最终有效学生数=29
API查询: month=2026-04, week=1
日期范围: 2026-04-06 到 2026-04-12
查询结果数量: 0
[DEBUG] get_valid_student_ids_for_management_page: 来源1=0, 来源2=29, 来源3=0, 来源4=29, 来源5=6, union_ids=29, 最终有效学生数=29
API查询: month=2026-04, week=1
日期范围: 2026-04-06 到 2026-04-12
查询结果数量: 0
[DEBUG] get_valid_student_ids_for_management_page: 来源1=0, 来源2=29, 来源3=0, 来源4=29, 来源5=6, union_ids=29, 最终有效学生数=29
API查询: month=2026-03, week=4
日期范围: 2026-03-23 到 2026-03-29
查询结果数量: 2
第一条记录日期: 2026-03-28
[DEBUG] get_valid_student_ids_for_management_page: 来源1=0, 来源2=29, 来源3=0, 来源4=29, 来源5=6, union_ids=29, 最终有效学生数=29
[DEBUG] get_valid_student_ids_for_management_page: 来源1=0, 来源2=29, 来源3=0, 来源4=29, 来源5=6, union_ids=29, 最终有效学生数=29
API查询: month=2026-04, week=1
日期范围: 2026-04-06 到 2026-04-12
查询结果数量: 0
[DEBUG] get_valid_student_ids_for_management_page: 来源1=0, 来源2=29, 来源3=0, 来源4=29, 来源5=6, union_ids=29, 最终有效学生数=29
[DEBUG] get_valid_student_ids_for_management_page: 来源1=0, 来源2=29, 来源3=0, 来源4=29, 来源5=6, union_ids=29, 最终有效学生数=29
[DEBUG] get_valid_student_ids_for_management_page: 来源1=0, 来源2=29, 来源3=0, 来源4=29, 来源5=6, union_ids=29, 最终有效学生数=29
API查询: month=2026-04, week=1
日期范围: 2026-04-06 到 2026-04-12
查询结果数量: 0
[DEBUG] get_valid_student_ids_for_management_page: 来源1=0, 来源2=29, 来源3=0, 来源4=29, 来源5=6, union_ids=29, 最终有效学生数=29
[DEBUG] get_valid_student_ids_for_management_page: 来源1=0, 来源2=29, 来源3=0, 来源4=29, 来源5=6, union_ids=29, 最终有效学生数=29
[DEBUG] get_valid_student_ids_for_management_page: 来源1=0, 来源2=29, 来源3=0, 来源4=29, 来源5=6, union_ids=29, 最终有效学生数=29
[DEBUG] get_valid_student_ids_for_management_page: 来源1=0, 来源2=29, 来源3=0, 来源4=29, 来源5=6, union_ids=29, 最终有效学生数=29
[DEBUG] get_valid_student_ids_for_management_page: 来源1=0, 来源2=29, 来源3=0, 来源4=29, 来源5=6, union_ids=29, 最终有效学生数=29
[DEBUG] get_valid_student_ids_for_management_page: 来源1=0, 来源2=29, 来源3=0, 来源4=29, 来源5=6, union_ids=29, 最终有效学生数=29
[DEBUG] get_valid_student_ids_for_management_page: 来源1=0, 来源2=29, 来源3=0, 来源4=29, 来源5=6, union_ids=29, 最终有效学生数=29
[DEBUG] get_valid_student_ids_for_management_page: 来源1=0, 来源2=29, 来源3=0, 来源4=29, 来源5=6, union_ids=29, 最终有效学生数=29
API查询: month=2026-04, week=1
日期范围: 2026-04-06 到 2026-04-12
查询结果数量: 0
[DEBUG] get_valid_student_ids_for_management_page: 来源1=0, 来源2=29, 来源3=0, 来源4=29, 来源5=6, union_ids=29, 最终有效学生数=29
API查询: month=2026-04, week=1
日期范围: 2026-04-06 到 2026-04-12
查询结果数量: 0
[DEBUG] get_valid_student_ids_for_management_page: 来源1=0, 来源2=29, 来源3=0, 来源4=29, 来源5=6, union_ids=29, 最终有效学生数=29
[DEBUG] get_valid_student_ids_for_management_page: 来源1=0, 来源2=29, 来源3=0, 来源4=29, 来源5=6, union_ids=29, 最终有效学生数=29
[DEBUG] get_valid_student_ids_for_management_page: 来源1=0, 来源2=29, 来源3=0, 来源4=29, 来源5=6, union_ids=29, 最终有效学生数=29
API查询: month=2026-04, week=1
日期范围: 2026-04-06 到 2026-04-12
查询结果数量: 0
[DEBUG] get_valid_student_ids_for_management_page: 来源1=0, 来源2=29, 来源3=0, 来源4=29, 来源5=6, union_ids=29, 最终有效学生数=29
API查询: month=2026-03, week=3
日期范围: 2026-03-16 到 2026-03-22
查询结果数量: 1
第一条记录日期: 2026-03-18
[DEBUG] get_valid_student_ids_for_management_page: 来源1=0, 来源2=29, 来源3=0, 来源4=29, 来源5=6, union_ids=29, 最终有效学生数=29
[DEBUG] get_valid_student_ids_for_management_page: 来源1=0, 来源2=29, 来源3=0, 来源4=29, 来源5=6, union_ids=29, 最终有效学生数=29
API查询: month=2026-03, week=4
日期范围: 2026-03-23 到 2026-03-29
查询结果数量: 2
第一条记录日期: 2026-03-28
[DEBUG] get_valid_student_ids_for_management_page: 来源1=0, 来源2=29, 来源3=0, 来源4=29, 来源5=6, union_ids=29, 最终有效学生数=29
API查询: month=2026-04, week=1
日期范围: 2026-04-06 到 2026-04-12
查询结果数量: 0
[DEBUG] get_valid_student_ids_for_management_page: 来源1=0, 来源2=29, 来源3=0, 来源4=29, 来源5=6, union_ids=29, 最终有效学生数=29
[DEBUG] get_valid_student_ids_for_management_page: 来源1=0, 来源2=29, 来源3=0, 来源4=29, 来源5=6, union_ids=29, 最终有效学生数=29
[DEBUG] get_valid_student_ids_for_management_page: 来源1=0, 来源2=29, 来源3=0, 来源4=29, 来源5=6, union_ids=29, 最终有效学生数=29
[DEBUG] get_valid_student_ids_for_management_page: 来源1=0, 来源2=29, 来源3=0, 来源4=29, 来源5=6, union_ids=29, 最终有效学生数=29
[DEBUG] get_valid_student_ids_for_management_page: 来源1=0, 来源2=29, 来源3=0, 来源4=29, 来源5=6, union_ids=29, 最终有效学生数=29
[DEBUG] get_valid_student_ids_for_management_page: 来源1=0, 来源2=29, 来源3=0, 来源4=29, 来源5=6, union_ids=29, 最终有效学生数=29
API查询: month=2026-03, week=3
日期范围: 2026-03-16 到 2026-03-22
查询结果数量: 1
第一条记录日期: 2026-03-18
[DEBUG] get_valid_student_ids_for_management_page: 来源1=0, 来源2=29, 来源3=0, 来源4=29, 来源5=6, union_ids=29, 最终有效学生数=29
API查询: month=2026-04, week=1
日期范围: 2026-04-06 到 2026-04-12
查询结果数量: 0
[DEBUG] get_valid_student_ids_for_management_page: 来源1=0, 来源2=29, 来源3=0, 来源4=29, 来源5=6, union_ids=29, 最终有效学生数=29
[DEBUG] get_valid_student_ids_for_management_page: 来源1=0, 来源2=29, 来源3=0, 来源4=29, 来源5=6, union_ids=29, 最终有效学生数=29
[DEBUG] get_valid_student_ids_for_management_page: 来源1=0, 来源2=29, 来源3=0, 来源4=29, 来源5=6, union_ids=29, 最终有效学生数=29
API查询: month=2026-03, week=4
日期范围: 2026-03-23 到 2026-03-29
查询结果数量: 2
第一条记录日期: 2026-03-28
[DEBUG] get_valid_student_ids_for_management_page: 来源1=0, 来源2=29, 来源3=0, 来源4=29, 来源5=6, union_ids=29, 最终有效学生数=29
[DEBUG] get_valid_student_ids_for_management_page: 来源1=0, 来源2=29, 来源3=0, 来源4=29, 来源5=6, union_ids=29, 最终有效学生数=29
API查询: month=2026-03, week=3
日期范围: 2026-03-16 到 2026-03-22
查询结果数量: 1
第一条记录日期: 2026-03-18
[DEBUG] get_valid_student_ids_for_management_page: 来源1=0, 来源2=29, 来源3=0, 来源4=29, 来源5=6, union_ids=29, 最终有效学生数=29
[DEBUG] get_valid_student_ids_for_management_page: 来源1=0, 来源2=29, 来源3=0, 来源4=29, 来源5=6, union_ids=29, 最终有效学生数=29
[DEBUG] get_valid_student_ids_for_management_page: 来源1=0, 来源2=29, 来源3=0, 来源4=29, 来源5=6, union_ids=29, 最终有效学生数=29
API查询: month=2026-03, week=3
日期范围: 2026-03-16 到 2026-03-22
查询结果数量: 1
第一条记录日期: 2026-03-18
[DEBUG] get_valid_student_ids_for_management_page: 来源1=0, 来源2=29, 来源3=0, 来源4=29, 来源5=6, union_ids=29, 最终有效学生数=29
[DEBUG] get_valid_student_ids_for_management_page: 来源1=0, 来源2=29, 来源3=0, 来源4=29, 来源5=6, union_ids=29, 最终有效学生数=29
[DEBUG] get_valid_student_ids_for_management_page: 来源1=0, 来源2=29, 来源3=0, 来源4=29, 来源5=6, union_ids=29, 最终有效学生数=29
API查询: month=2026-03, week=3
日期范围: 2026-03-16 到 2026-03-22
查询结果数量: 1
第一条记录日期: 2026-03-18
[DEBUG] get_valid_student_ids_for_management_page: 来源1=0, 来源2=29, 来源3=0, 来源4=29, 来源5=6, union_ids=29, 最终有效学生数=29
[DEBUG] get_valid_student_ids_for_management_page: 来源1=0, 来源2=29, 来源3=0, 来源4=29, 来源5=6, union_ids=29, 最终有效学生数=29
[DEBUG] get_valid_student_ids_for_management_page: 来源1=0, 来源2=29, 来源3=0, 来源4=29, 来源5=6, union_ids=29, 最终有效学生数=29
API查询: month=2026-03, week=3
日期范围: 2026-03-16 到 2026-03-22
查询结果数量: 1
第一条记录日期: 2026-03-18
[DEBUG] get_valid_student_ids_for_management_page: 来源1=0, 来源2=29, 来源3=0, 来源4=29, 来源5=6, union_ids=29, 最终有效学生数=29
[DEBUG] get_valid_student_ids_for_management_page: 来源1=0, 来源2=29, 来源3=0, 来源4=29, 来源5=6, union_ids=29, 最终有效学生数=29
[DEBUG] get_valid_student_ids_for_management_page: 来源1=0, 来源2=29, 来源3=0, 来源4=29, 来源5=6, union_ids=29, 最终有效学生数=29
API查询: month=2026-04, week=1
日期范围: 2026-04-06 到 2026-04-12
查询结果数量: 1
第一条记录日期: 2026-04-11
Stats request: month=2026-03, student_id=None, course_id=None
[DEBUG] get_valid_student_ids_for_management_page: 来源1=0, 来源2=29, 来源3=0, 来源4=29, 来源5=6, union_ids=29, 最终有效学生数=29
[DEBUG] get_valid_student_ids_for_management_page: 来源1=0, 来源2=29, 来源3=0, 来源4=29, 来源5=6, union_ids=29, 最终有效学生数=29
[DEBUG] get_valid_student_ids_for_management_page: 来源1=0, 来源2=29, 来源3=0, 来源4=29, 来源5=6, union_ids=29, 最终有效学生数=29
[DEBUG] get_valid_student_ids_for_management_page: 来源1=0, 来源2=29, 来源3=0, 来源4=29, 来源5=6, union_ids=29, 最终有效学生数=29
API查询: month=2026-04, week=1
日期范围: 2026-04-06 到 2026-04-12
查询结果数量: 1
第一条记录日期: 2026-04-11
[DEBUG] get_valid_student_ids_for_management_page: 来源1=0, 来源2=29, 来源3=0, 来源4=29, 来源5=6, union_ids=29, 最终有效学生数=29
[DEBUG] get_valid_student_ids_for_management_page: 来源1=0, 来源2=29, 来源3=0, 来源4=29, 来源5=6, union_ids=29, 最终有效学生数=29
[DEBUG] get_valid_student_ids_for_management_page: 来源1=0, 来源2=29, 来源3=0, 来源4=29, 来源5=6, union_ids=29, 最终有效学生数=29
API查询: month=2026-04, week=1
日期范围: 2026-04-06 到 2026-04-12
查询结果数量: 1
第一条记录日期: 2026-04-11
[DEBUG] get_valid_student_ids_for_management_page: 来源1=0, 来源2=29, 来源3=0, 来源4=29, 来源5=6, union_ids=29, 最终有效学生数=29
[DEBUG] get_valid_student_ids_for_management_page: 来源1=0, 来源2=29, 来源3=0, 来源4=29, 来源5=6, union_ids=29, 最终有效学生数=29
[DEBUG] get_valid_student_ids_for_management_page: 来源1=0, 来源2=29, 来源3=0, 来源4=29, 来源5=6, union_ids=29, 最终有效学生数=29
API查询: month=2026-04, week=1
日期范围: 2026-04-06 到 2026-04-12
查询结果数量: 1
第一条记录日期: 2026-04-11
[DEBUG] get_valid_student_ids_for_management_page: 来源1=0, 来源2=29, 来源3=0, 来源4=29, 来源5=6, union_ids=29, 最终有效学生数=29
[DEBUG] get_valid_student_ids_for_management_page: 来源1=0, 来源2=29, 来源3=0, 来源4=29, 来源5=6, union_ids=29, 最终有效学生数=29
[DEBUG] get_valid_student_ids_for_management_page: 来源1=0, 来源2=29, 来源3=0, 来源4=29, 来源5=6, union_ids=29, 最终有效学生数=29
API查询: month=2026-04, week=1
日期范围: 2026-04-06 到 2026-04-12
查询结果数量: 1
第一条记录日期: 2026-04-11
[DEBUG] get_valid_student_ids_for_management_page: 来源1=0, 来源2=29, 来源3=0, 来源4=29, 来源5=6, union_ids=29, 最终有效学生数=29
[DEBUG] get_valid_student_ids_for_management_page: 来源1=0, 来源2=29, 来源3=0, 来源4=29, 来源5=6, union_ids=29, 最终有效学生数=29
[DEBUG] get_valid_student_ids_for_management_page: 来源1=0, 来源2=29, 来源3=0, 来源4=29, 来源5=6, union_ids=29, 最终有效学生数=29
[DEBUG] get_valid_student_ids_for_management_page: 来源1=0, 来源2=29, 来源3=0, 来源4=29, 来源5=6, union_ids=29, 最终有效学生数=29
[DEBUG] get_valid_student_ids_for_management_page: 来源1=0, 来源2=29, 来源3=0, 来源4=29, 来源5=6, union_ids=29, 最终有效学生数=29
[DEBUG] get_valid_student_ids_for_management_page: 来源1=0, 来源2=29, 来源3=0, 来源4=29, 来源5=6, union_ids=29, 最终有效学生数=29
[DEBUG] get_valid_student_ids_for_management_page: 来源1=0, 来源2=29, 来源3=0, 来源4=29, 来源5=6, union_ids=29, 最终有效学生数=29
[DEBUG] get_valid_student_ids_for_management_page: 来源1=0, 来源2=29, 来源3=0, 来源4=29, 来源5=6, union_ids=29, 最终有效学生数=29
[DEBUG] get_valid_student_ids_for_management_page: 来源1=0, 来源2=29, 来源3=0, 来源4=29, 来源5=6, union_ids=29, 最终有效学生数=29
[DEBUG] get_valid_student_ids_for_management_page: 来源1=0, 来源2=29, 来源3=0, 来源4=29, 来源5=6, union_ids=29, 最终有效学生数=29
[DEBUG] get_valid_student_ids_for_management_page: 来源1=0, 来源2=29, 来源3=0, 来源4=29, 来源5=6, union_ids=29, 最终有效学生数=29
[DEBUG] get_valid_student_ids_for_management_page: 来源1=0, 来源2=29, 来源3=0, 来源4=29, 来源5=6, union_ids=29, 最终有效学生数=29
[DEBUG] get_valid_student_ids_for_management_page: 来源1=0, 来源2=29, 来源3=0, 来源4=29, 来源5=6, union_ids=29, 最终有效学生数=29
API查询: month=2026-03, week=3
日期范围: 2026-03-16 到 2026-03-22
查询结果数量: 0
[DEBUG] get_valid_student_ids_for_management_page: 来源1=0, 来源2=29, 来源3=0, 来源4=29, 来源5=6, union_ids=29, 最终有效学生数=29
API查询: month=2026-03, week=3
日期范围: 2026-03-16 到 2026-03-22
查询结果数量: 0
[DEBUG] get_valid_student_ids_for_management_page: 来源1=0, 来源2=29, 来源3=0, 来源4=29, 来源5=6, union_ids=29, 最终有效学生数=29
API查询: month=2026-03, week=3
日期范围: 2026-03-16 到 2026-03-22
查询结果数量: 0
[DEBUG] get_valid_student_ids_for_management_page: 来源1=0, 来源2=29, 来源3=0, 来源4=29, 来源5=6, union_ids=29, 最终有效学生数=29
API查询: month=2026-03, week=3
日期范围: 2026-03-16 到 2026-03-22
查询结果数量: 1
第一条记录日期: 2026-03-18
[DEBUG] get_valid_student_ids_for_management_page: 来源1=0, 来源2=29, 来源3=0, 来源4=29, 来源5=6, union_ids=29, 最终有效学生数=29
API查询: month=2026-03, week=3
日期范围: 2026-03-16 到 2026-03-22
查询结果数量: 0
[DEBUG] get_valid_student_ids_for_management_page: 来源1=0, 来源2=29, 来源3=0, 来源4=29, 来源5=6, union_ids=29, 最终有效学生数=29
API查询: month=2026-03, week=3
日期范围: 2026-03-16 到 2026-03-22
查询结果数量: 0
[DEBUG] get_valid_student_ids_for_management_page: 来源1=0, 来源2=29, 来源3=0, 来源4=29, 来源5=6, union_ids=29, 最终有效学生数=29
[DEBUG] get_valid_student_ids_for_management_page: 来源1=0, 来源2=29, 来源3=0, 来源4=29, 来源5=6, union_ids=29, 最终有效学生数=29
[DEBUG] get_valid_student_ids_for_management_page: 来源1=0, 来源2=29, 来源3=0, 来源4=29, 来源5=6, union_ids=29, 最终有效学生数=29
[DEBUG] get_valid_student_ids_for_management_page: 来源1=0, 来源2=29, 来源3=0, 来源4=29, 来源5=6, union_ids=29, 最终有效学生数=29
[DEBUG] get_valid_student_ids_for_management_page: 来源1=0, 来源2=29, 来源3=0, 来源4=29, 来源5=6, union_ids=29, 最终有效学生数=29
[DEBUG] get_valid_student_ids_for_management_page: 来源1=0, 来源2=29, 来源3=0, 来源4=29, 来源5=6, union_ids=29, 最终有效学生数=29
[DEBUG] get_valid_student_ids_for_management_page: 来源1=0, 来源2=29, 来源3=0, 来源4=29, 来源5=6, union_ids=29, 最终有效学生数=29
[DEBUG] get_valid_student_ids_for_management_page: 来源1=0, 来源2=29, 来源3=0, 来源4=29, 来源5=6, union_ids=29, 最终有效学生数=29
[DEBUG] get_valid_student_ids_for_management_page: 来源1=0, 来源2=29, 来源3=0, 来源4=29, 来源5=6, union_ids=29, 最终有效学生数=29
[DEBUG] get_valid_student_ids_for_management_page: 来源1=0, 来源2=29, 来源3=0, 来源4=29, 来源5=6, union_ids=29, 最终有效学生数=29
[DEBUG] get_valid_student_ids_for_management_page: 来源1=0, 来源2=29, 来源3=0, 来源4=29, 来源5=6, union_ids=29, 最终有效学生数=29
[DEBUG] get_valid_student_ids_for_management_page: 来源1=0, 来源2=29, 来源3=0, 来源4=29, 来源5=6, union_ids=29, 最终有效学生数=29
API查询: month=2026-03, week=3
日期范围: 2026-03-16 到 2026-03-22
查询结果数量: 1
第一条记录日期: 2026-03-18
[DEBUG] get_valid_student_ids_for_management_page: 来源1=0, 来源2=29, 来源3=0, 来源4=29, 来源5=6, union_ids=29, 最终有效学生数=29
[DEBUG] get_valid_student_ids_for_management_page: 来源1=0, 来源2=29, 来源3=0, 来源4=29, 来源5=6, union_ids=29, 最终有效学生数=29
API查询: month=2026-04, week=1
日期范围: 2026-04-06 到 2026-04-12
查询结果数量: 1
第一条记录日期: 2026-04-11
[DEBUG] get_valid_student_ids_for_management_page: 来源1=0, 来源2=29, 来源3=0, 来源4=29, 来源5=6, union_ids=29, 最终有效学生数=29
API查询: month=2026-04, week=1
日期范围: 2026-04-06 到 2026-04-12
查询结果数量: 0
[DEBUG] get_valid_student_ids_for_management_page: 来源1=0, 来源2=29, 来源3=0, 来源4=29, 来源5=6, union_ids=29, 最终有效学生数=29
API查询: month=2026-04, week=1
日期范围: 2026-04-06 到 2026-04-12
查询结果数量: 0
[DEBUG] get_valid_student_ids_for_management_page: 来源1=0, 来源2=29, 来源3=0, 来源4=29, 来源5=6, union_ids=29, 最终有效学生数=29
API查询: month=2026-04, week=1
日期范围: 2026-04-06 到 2026-04-12
查询结果数量: 0
[DEBUG] get_valid_student_ids_for_management_page: 来源1=0, 来源2=29, 来源3=0, 来源4=29, 来源5=6, union_ids=29, 最终有效学生数=29
API查询: month=2026-04, week=1
日期范围: 2026-04-06 到 2026-04-12
查询结果数量: 0
[DEBUG] get_valid_student_ids_for_management_page: 来源1=0, 来源2=29, 来源3=0, 来源4=29, 来源5=6, union_ids=29, 最终有效学生数=29
[DEBUG] get_valid_student_ids_for_management_page: 来源1=0, 来源2=29, 来源3=0, 来源4=29, 来源5=6, union_ids=29, 最终有效学生数=29
[DEBUG] get_valid_student_ids_for_management_page: 来源1=0, 来源2=29, 来源3=0, 来源4=29, 来源5=6, union_ids=29, 最终有效学生数=29
[DEBUG] get_valid_student_ids_for_management_page: 来源1=0, 来源2=29, 来源3=0, 来源4=29, 来源5=6, union_ids=29, 最终有效学生数=29
[DEBUG] get_valid_student_ids_for_management_page: 来源1=0, 来源2=29, 来源3=0, 来源4=29, 来源5=6, union_ids=29, 最终有效学生数=29
[DEBUG] get_valid_student_ids_for_management_page: 来源1=0, 来源2=29, 来源3=0, 来源4=29, 来源5=6, union_ids=29, 最终有效学生数=29
API查询: month=2026-04, week=1
日期范围: 2026-04-06 到 2026-04-12
查询结果数量: 0
[DEBUG] get_valid_student_ids_for_management_page: 来源1=0, 来源2=29, 来源3=0, 来源4=29, 来源5=6, union_ids=29, 最终有效学生数=29
[DEBUG] get_valid_student_ids_for_management_page: 来源1=0, 来源2=29, 来源3=0, 来源4=29, 来源5=6, union_ids=29, 最终有效学生数=29
API查询: month=2026-04, week=1
日期范围: 2026-04-06 到 2026-04-12
查询结果数量: 1
第一条记录日期: 2026-04-11
[DEBUG] get_valid_student_ids_for_management_page: 来源1=0, 来源2=29, 来源3=0, 来源4=29, 来源5=6, union_ids=29, 最终有效学生数=29
API查询: month=2026-03, week=3
日期范围: 2026-03-16 到 2026-03-22
查询结果数量: 1
第一条记录日期: 2026-03-18
[DEBUG] get_valid_student_ids_for_management_page: 来源1=0, 来源2=29, 来源3=0, 来源4=29, 来源5=6, union_ids=29, 最终有效学生数=29
[DEBUG] get_valid_student_ids_for_management_page: 来源1=0, 来源2=29, 来源3=0, 来源4=29, 来源5=6, union_ids=29, 最终有效学生数=29
[DEBUG] get_valid_student_ids_for_management_page: 来源1=0, 来源2=29, 来源3=0, 来源4=29, 来源5=6, union_ids=29, 最终有效学生数=29
[DEBUG] get_valid_student_ids_for_management_page: 来源1=0, 来源2=29, 来源3=0, 来源4=29, 来源5=6, union_ids=29, 最终有效学生数=29
[DEBUG] get_valid_student_ids_for_management_page: 来源1=0, 来源2=29, 来源3=0, 来源4=29, 来源5=6, union_ids=29, 最终有效学生数=29
API查询: month=2026-04, week=1
日期范围: 2026-04-06 到 2026-04-12
查询结果数量: 1
第一条记录日期: 2026-04-11
[DEBUG] get_valid_student_ids_for_management_page: 来源1=0, 来源2=29, 来源3=0, 来源4=29, 来源5=6, union_ids=29, 最终有效学生数=29
API查询: month=2026-03, week=3
日期范围: 2026-03-16 到 2026-03-22
查询结果数量: 1
第一条记录日期: 2026-03-18
[DEBUG] get_valid_student_ids_for_management_page: 来源1=0, 来源2=29, 来源3=0, 来源4=29, 来源5=6, union_ids=29, 最终有效学生数=29
[DEBUG] get_valid_student_ids_for_management_page: 来源1=0, 来源2=29, 来源3=0, 来源4=29, 来源5=6, union_ids=29, 最终有效学生数=29
[DEBUG] get_valid_student_ids_for_management_page: 来源1=0, 来源2=29, 来源3=0, 来源4=29, 来源5=6, union_ids=29, 最终有效学生数=29
[DEBUG] get_valid_student_ids_for_management_page: 来源1=0, 来源2=29, 来源3=0, 来源4=29, 来源5=6, union_ids=29, 最终有效学生数=29
API查询: month=2026-04, week=1
日期范围: 2026-04-06 到 2026-04-12
查询结果数量: 1
第一条记录日期: 2026-04-11
[DEBUG] get_valid_student_ids_for_management_page: 来源1=0, 来源2=29, 来源3=0, 来源4=29, 来源5=6, union_ids=29, 最终有效学生数=29
[DEBUG] get_valid_student_ids_for_management_page: 来源1=0, 来源2=29, 来源3=0, 来源4=29, 来源5=6, union_ids=29, 最终有效学生数=29
API查询: month=2026-03, week=3
日期范围: 2026-03-16 到 2026-03-22
查询结果数量: 1
第一条记录日期: 2026-03-18
[DEBUG] get_valid_student_ids_for_management_page: 来源1=0, 来源2=29, 来源3=0, 来源4=29, 来源5=6, union_ids=29, 最终有效学生数=29
[DEBUG] get_valid_student_ids_for_management_page: 来源1=0, 来源2=29, 来源3=0, 来源4=29, 来源5=6, union_ids=29, 最终有效学生数=29
[DEBUG] get_valid_student_ids_for_management_page: 来源1=0, 来源2=29, 来源3=0, 来源4=29, 来源5=6, union_ids=29, 最终有效学生数=29
API查询: month=2026-04, week=1
日期范围: 2026-04-06 到 2026-04-12
查询结果数量: 1
第一条记录日期: 2026-04-11
[DEBUG] get_valid_student_ids_for_management_page: 来源1=0, 来源2=29, 来源3=0, 来源4=29, 来源5=6, union_ids=29, 最终有效学生数=29
[DEBUG] get_valid_student_ids_for_management_page: 来源1=0, 来源2=29, 来源3=0, 来源4=29, 来源5=6, union_ids=29, 最终有效学生数=29
[DEBUG] get_valid_student_ids_for_management_page: 来源1=0, 来源2=29, 来源3=0, 来源4=29, 来源5=6, union_ids=29, 最终有效学生数=29
API查询: month=2026-04, week=1
日期范围: 2026-04-06 到 2026-04-12
查询结果数量: 1
第一条记录日期: 2026-04-11
[DEBUG] get_valid_student_ids_for_management_page: 来源1=0, 来源2=29, 来源3=0, 来源4=29, 来源5=6, union_ids=29, 最终有效学生数=29
[DEBUG] get_valid_student_ids_for_management_page: 来源1=0, 来源2=29, 来源3=0, 来源4=29, 来源5=6, union_ids=29, 最终有效学生数=29
[DEBUG] get_valid_student_ids_for_management_page: 来源1=0, 来源2=29, 来源3=0, 来源4=29, 来源5=6, union_ids=29, 最终有效学生数=29
API查询: month=2026-04, week=1
日期范围: 2026-04-06 到 2026-04-12
查询结果数量: 1
第一条记录日期: 2026-04-11
[DEBUG] get_valid_student_ids_for_management_page: 来源1=0, 来源2=29, 来源3=0, 来源4=29, 来源5=6, union_ids=29, 最终有效学生数=29
[DEBUG] get_valid_student_ids_for_management_page: 来源1=0, 来源2=29, 来源3=0, 来源4=29, 来源5=6, union_ids=29, 最终有效学生数=29
[DEBUG] get_valid_student_ids_for_management_page: 来源1=0, 来源2=29, 来源3=0, 来源4=29, 来源5=6, union_ids=29, 最终有效学生数=29
API查询: month=2026-04, week=1
日期范围: 2026-04-06 到 2026-04-12
查询结果数量: 0
[DEBUG] get_valid_student_ids_for_management_page: 来源1=0, 来源2=29, 来源3=0, 来源4=29, 来源5=6, union_ids=29, 最终有效学生数=29
[DEBUG] get_valid_student_ids_for_management_page: 来源1=0, 来源2=29, 来源3=0, 来源4=29, 来源5=6, union_ids=29, 最终有效学生数=29
[DEBUG] get_valid_student_ids_for_management_page: 来源1=0, 来源2=29, 来源3=0, 来源4=29, 来源5=6, union_ids=29, 最终有效学生数=29
API查询: month=2026-04, week=1
日期范围: 2026-04-06 到 2026-04-12
查询结果数量: 0
[DEBUG] get_valid_student_ids_for_management_page: 来源1=0, 来源2=29, 来源3=0, 来源4=29, 来源5=6, union_ids=29, 最终有效学生数=29
[DEBUG] get_valid_student_ids_for_management_page: 来源1=0, 来源2=29, 来源3=0, 来源4=29, 来源5=6, union_ids=29, 最终有效学生数=29
[DEBUG] get_valid_student_ids_for_management_page: 来源1=0, 来源2=29, 来源3=0, 来源4=29, 来源5=6, union_ids=29, 最终有效学生数=29
[DEBUG] get_valid_student_ids_for_management_page: 来源1=0, 来源2=29, 来源3=0, 来源4=29, 来源5=6, union_ids=29, 最终有效学生数=29
[DEBUG] get_valid_student_ids_for_management_page: 来源1=0, 来源2=29, 来源3=0, 来源4=29, 来源5=6, union_ids=29, 最终有效学生数=29
[DEBUG] get_valid_student_ids_for_management_page: 来源1=0, 来源2=29, 来源3=0, 来源4=29, 来源5=6, union_ids=29, 最终有效学生数=29
[DEBUG] get_valid_student_ids_for_management_page: 来源1=0, 来源2=29, 来源3=0, 来源4=29, 来源5=6, union_ids=29, 最终有效学生数=29
[DEBUG] get_valid_student_ids_for_management_page: 来源1=0, 来源2=29, 来源3=0, 来源4=29, 来源5=6, union_ids=29, 最终有效学生数=29
[DEBUG] get_valid_student_ids_for_management_page: 来源1=0, 来源2=29, 来源3=0, 来源4=29, 来源5=6, union_ids=29, 最终有效学生数=29
[DEBUG] get_valid_student_ids_for_management_page: 来源1=0, 来源2=29, 来源3=0, 来源4=29, 来源5=6, union_ids=29, 最终有效学生数=29
[DEBUG] get_valid_student_ids_for_management_page: 来源1=0, 来源2=29, 来源3=0, 来源4=29, 来源5=6, union_ids=29, 最终有效学生数=29
[DEBUG] get_valid_student_ids_for_management_page: 来源1=0, 来源2=29, 来源3=0, 来源4=29, 来源5=6, union_ids=29, 最终有效学生数=29
[DEBUG] get_valid_student_ids_for_management_page: 来源1=0, 来源2=29, 来源3=0, 来源4=29, 来源5=6, union_ids=29, 最终有效学生数=29
API查询: month=2026-03, week=3
日期范围: 2026-03-16 到 2026-03-22
查询结果数量: 0
[DEBUG] get_valid_student_ids_for_management_page: 来源1=0, 来源2=29, 来源3=0, 来源4=29, 来源5=6, union_ids=29, 最终有效学生数=29
API查询: month=2026-03, week=3
日期范围: 2026-03-16 到 2026-03-22
查询结果数量: 1
第一条记录日期: 2026-03-18
[DEBUG] get_valid_student_ids_for_management_page: 来源1=0, 来源2=29, 来源3=0, 来源4=29, 来源5=6, union_ids=29, 最终有效学生数=29
API查询: month=2026-03, week=3
日期范围: 2026-03-16 到 2026-03-22
查询结果数量: 0
[DEBUG] get_valid_student_ids_for_management_page: 来源1=0, 来源2=29, 来源3=0, 来源4=29, 来源5=6, union_ids=29, 最终有效学生数=29
API查询: month=2026-03, week=3
日期范围: 2026-03-16 到 2026-03-22
查询结果数量: 0
[DEBUG] get_valid_student_ids_for_management_page: 来源1=0, 来源2=29, 来源3=0, 来源4=29, 来源5=6, union_ids=29, 最终有效学生数=29
API查询: month=2026-03, week=3
日期范围: 2026-03-16 到 2026-03-22
查询结果数量: 0
[DEBUG] get_valid_student_ids_for_management_page: 来源1=0, 来源2=29, 来源3=0, 来源4=29, 来源5=6, union_ids=29, 最终有效学生数=29
API查询: month=2026-03, week=3
日期范围: 2026-03-16 到 2026-03-22
查询结果数量: 0
[DEBUG] get_valid_student_ids_for_management_page: 来源1=0, 来源2=29, 来源3=0, 来源4=29, 来源5=6, union_ids=29, 最终有效学生数=29
[DEBUG] get_valid_student_ids_for_management_page: 来源1=0, 来源2=29, 来源3=0, 来源4=29, 来源5=6, union_ids=29, 最终有效学生数=29
[DEBUG] get_valid_student_ids_for_management_page: 来源1=0, 来源2=29, 来源3=0, 来源4=29, 来源5=6, union_ids=29, 最终有效学生数=29
[DEBUG] get_valid_student_ids_for_management_page: 来源1=0, 来源2=29, 来源3=0, 来源4=29, 来源5=6, union_ids=29, 最终有效学生数=29
[DEBUG] get_valid_student_ids_for_management_page: 来源1=0, 来源2=29, 来源3=0, 来源4=29, 来源5=6, union_ids=29, 最终有效学生数=29
[DEBUG] get_valid_student_ids_for_management_page: 来源1=0, 来源2=29, 来源3=0, 来源4=29, 来源5=6, union_ids=29, 最终有效学生数=29
[DEBUG] get_valid_student_ids_for_management_page: 来源1=0, 来源2=29, 来源3=0, 来源4=29, 来源5=6, union_ids=29, 最终有效学生数=29
[DEBUG] get_valid_student_ids_for_management_page: 来源1=0, 来源2=29, 来源3=0, 来源4=29, 来源5=6, union_ids=29, 最终有效学生数=29
[DEBUG] get_valid_student_ids_for_management_page: 来源1=0, 来源2=29, 来源3=0, 来源4=29, 来源5=6, union_ids=29, 最终有效学生数=29
[DEBUG] get_valid_student_ids_for_management_page: 来源1=0, 来源2=29, 来源3=0, 来源4=29, 来源5=6, union_ids=29, 最终有效学生数=29
[DEBUG] get_valid_student_ids_for_management_page: 来源1=0, 来源2=29, 来源3=0, 来源4=29, 来源5=6, union_ids=29, 最终有效学生数=29
[DEBUG] get_valid_student_ids_for_management_page: 来源1=0, 来源2=29, 来源3=0, 来源4=29, 来源5=6, union_ids=29, 最终有效学生数=29
API查询: month=2026-03, week=3
日期范围: 2026-03-16 到 2026-03-22
查询结果数量: 1
第一条记录日期: 2026-03-18
[DEBUG] get_valid_student_ids_for_management_page: 来源1=0, 来源2=29, 来源3=0, 来源4=29, 来源5=6, union_ids=29, 最终有效学生数=29
API查询: month=2026-04, week=1
日期范围: 2026-04-06 到 2026-04-12
查询结果数量: 1
第一条记录日期: 2026-04-11
[DEBUG] get_valid_student_ids_for_management_page: 来源1=0, 来源2=29, 来源3=0, 来源4=29, 来源5=6, union_ids=29, 最终有效学生数=29
[DEBUG] get_valid_student_ids_for_management_page: 来源1=0, 来源2=29, 来源3=0, 来源4=29, 来源5=6, union_ids=29, 最终有效学生数=29
API查询: month=2026-04, week=1
日期范围: 2026-04-06 到 2026-04-12
查询结果数量: 0
[DEBUG] get_valid_student_ids_for_management_page: 来源1=0, 来源2=29, 来源3=0, 来源4=29, 来源5=6, union_ids=29, 最终有效学生数=29
API查询: month=2026-04, week=1
日期范围: 2026-04-06 到 2026-04-12
查询结果数量: 0
[DEBUG] get_valid_student_ids_for_management_page: 来源1=0, 来源2=29, 来源3=0, 来源4=29, 来源5=6, union_ids=29, 最终有效学生数=29
API查询: month=2026-04, week=1
日期范围: 2026-04-06 到 2026-04-12
查询结果数量: 0
[DEBUG] get_valid_student_ids_for_management_page: 来源1=0, 来源2=29, 来源3=0, 来源4=29, 来源5=6, union_ids=29, 最终有效学生数=29
[DEBUG] get_valid_student_ids_for_management_page: 来源1=0, 来源2=29, 来源3=0, 来源4=29, 来源5=6, union_ids=29, 最终有效学生数=29
API查询: month=2026-04, week=1
日期范围: 2026-04-06 到 2026-04-12
查询结果数量: 0
[DEBUG] get_valid_student_ids_for_management_page: 来源1=0, 来源2=29, 来源3=0, 来源4=29, 来源5=6, union_ids=29, 最终有效学生数=29
[DEBUG] get_valid_student_ids_for_management_page: 来源1=0, 来源2=29, 来源3=0, 来源4=29, 来源5=6, union_ids=29, 最终有效学生数=29
[DEBUG] get_valid_student_ids_for_management_page: 来源1=0, 来源2=29, 来源3=0, 来源4=29, 来源5=6, union_ids=29, 最终有效学生数=29
[DEBUG] get_valid_student_ids_for_management_page: 来源1=0, 来源2=29, 来源3=0, 来源4=29, 来源5=6, union_ids=29, 最终有效学生数=29
[DEBUG] get_valid_student_ids_for_management_page: 来源1=0, 来源2=29, 来源3=0, 来源4=29, 来源5=6, union_ids=29, 最终有效学生数=29
API查询: month=2026-04, week=1
日期范围: 2026-04-06 到 2026-04-12
查询结果数量: 0
[DEBUG] get_valid_student_ids_for_management_page: 来源1=0, 来源2=29, 来源3=0, 来源4=29, 来源5=6, union_ids=29, 最终有效学生数=29
[DEBUG] get_valid_student_ids_for_management_page: 来源1=0, 来源2=29, 来源3=0, 来源4=29, 来源5=6, union_ids=29, 最终有效学生数=29
API查询: month=2026-04, week=1
日期范围: 2026-04-06 到 2026-04-12
查询结果数量: 1
第一条记录日期: 2026-04-11
[DEBUG] get_valid_student_ids_for_management_page: 来源1=0, 来源2=29, 来源3=0, 来源4=29, 来源5=6, union_ids=29, 最终有效学生数=29
API查询: month=2026-03, week=3
日期范围: 2026-03-16 到 2026-03-22
查询结果数量: 1
第一条记录日期: 2026-03-18
[DEBUG] get_valid_student_ids_for_management_page: 来源1=0, 来源2=29, 来源3=0, 来源4=29, 来源5=6, union_ids=29, 最终有效学生数=29
[DEBUG] get_valid_student_ids_for_management_page: 来源1=0, 来源2=29, 来源3=0, 来源4=29, 来源5=6, union_ids=29, 最终有效学生数=29
[DEBUG] get_valid_student_ids_for_management_page: 来源1=0, 来源2=29, 来源3=0, 来源4=29, 来源5=6, union_ids=29, 最终有效学生数=29
[DEBUG] get_valid_student_ids_for_management_page: 来源1=0, 来源2=29, 来源3=0, 来源4=29, 来源5=6, union_ids=29, 最终有效学生数=29
[DEBUG] get_valid_student_ids_for_management_page: 来源1=0, 来源2=29, 来源3=0, 来源4=29, 来源5=6, union_ids=29, 最终有效学生数=29
API查询: month=2026-04, week=1
日期范围: 2026-04-06 到 2026-04-12
查询结果数量: 1
第一条记录日期: 2026-04-11
[DEBUG] get_valid_student_ids_for_management_page: 来源1=0, 来源2=29, 来源3=0, 来源4=29, 来源5=6, union_ids=29, 最终有效学生数=29
API查询: month=2026-03, week=3
日期范围: 2026-03-16 到 2026-03-22
查询结果数量: 1
第一条记录日期: 2026-03-18
[DEBUG] get_valid_student_ids_for_management_page: 来源1=0, 来源2=29, 来源3=0, 来源4=29, 来源5=6, union_ids=29, 最终有效学生数=29
[DEBUG] get_valid_student_ids_for_management_page: 来源1=0, 来源2=29, 来源3=0, 来源4=29, 来源5=6, union_ids=29, 最终有效学生数=29
[DEBUG] get_valid_student_ids_for_management_page: 来源1=0, 来源2=29, 来源3=0, 来源4=29, 来源5=6, union_ids=29, 最终有效学生数=29
[DEBUG] get_valid_student_ids_for_management_page: 来源1=0, 来源2=29, 来源3=0, 来源4=29, 来源5=6, union_ids=29, 最终有效学生数=29
[DEBUG] get_valid_student_ids_for_management_page: 来源1=0, 来源2=29, 来源3=0, 来源4=29, 来源5=6, union_ids=29, 最终有效学生数=29
API查询: month=2026-04, week=1
日期范围: 2026-04-06 到 2026-04-12
查询结果数量: 1
第一条记录日期: 2026-04-11
[DEBUG] get_valid_student_ids_for_management_page: 来源1=0, 来源2=29, 来源3=0, 来源4=29, 来源5=6, union_ids=29, 最终有效学生数=29
API查询: month=2026-03, week=3
日期范围: 2026-03-16 到 2026-03-22
查询结果数量: 1
第一条记录日期: 2026-03-18
[DEBUG] get_valid_student_ids_for_management_page: 来源1=0, 来源2=29, 来源3=0, 来源4=29, 来源5=6, union_ids=29, 最终有效学生数=29
[DEBUG] get_valid_student_ids_for_management_page: 来源1=0, 来源2=29, 来源3=0, 来源4=29, 来源5=6, union_ids=29, 最终有效学生数=29
[DEBUG] get_valid_student_ids_for_management_page: 来源1=0, 来源2=29, 来源3=0, 来源4=29, 来源5=6, union_ids=29, 最终有效学生数=29
[DEBUG] get_valid_student_ids_for_management_page: 来源1=0, 来源2=29, 来源3=0, 来源4=29, 来源5=6, union_ids=29, 最终有效学生数=29
[DEBUG] get_valid_student_ids_for_management_page: 来源1=0, 来源2=29, 来源3=0, 来源4=29, 来源5=6, union_ids=29, 最终有效学生数=29
[DEBUG] get_valid_student_ids_for_management_page: 来源1=0, 来源2=29, 来源3=0, 来源4=29, 来源5=6, union_ids=29, 最终有效学生数=29
[DEBUG] get_valid_student_ids_for_management_page: 来源1=0, 来源2=29, 来源3=0, 来源4=29, 来源5=6, union_ids=29, 最终有效学生数=29
[DEBUG] get_valid_student_ids_for_management_page: 来源1=0, 来源2=29, 来源3=0, 来源4=29, 来源5=6, union_ids=29, 最终有效学生数=29
[DEBUG] get_valid_student_ids_for_management_page: 来源1=0, 来源2=29, 来源3=0, 来源4=29, 来源5=6, union_ids=29, 最终有效学生数=29
[DEBUG] get_valid_student_ids_for_management_page: 来源1=0, 来源2=29, 来源3=0, 来源4=29, 来源5=6, union_ids=29, 最终有效学生数=29
[DEBUG] get_valid_student_ids_for_management_page: 来源1=0, 来源2=29, 来源3=0, 来源4=29, 来源5=6, union_ids=29, 最终有效学生数=29
[DEBUG] get_valid_student_ids_for_management_page: 来源1=0, 来源2=29, 来源3=0, 来源4=29, 来源5=6, union_ids=29, 最终有效学生数=29
[DEBUG] get_valid_student_ids_for_management_page: 来源1=0, 来源2=29, 来源3=0, 来源4=29, 来源5=6, union_ids=29, 最终有效学生数=29
API查询: month=2026-03, week=4
日期范围: 2026-03-23 到 2026-03-29
查询结果数量: 0
[DEBUG] get_valid_student_ids_for_management_page: 来源1=0, 来源2=29, 来源3=0, 来源4=29, 来源5=6, union_ids=29, 最终有效学生数=29
API查询: month=2026-03, week=4
日期范围: 2026-03-23 到 2026-03-29
查询结果数量: 1
第一条记录日期: 2026-03-28
[DEBUG] get_valid_student_ids_for_management_page: 来源1=0, 来源2=29, 来源3=0, 来源4=29, 来源5=6, union_ids=29, 最终有效学生数=29
API查询: month=2026-03, week=4
日期范围: 2026-03-23 到 2026-03-29
查询结果数量: 0
[DEBUG] get_valid_student_ids_for_management_page: 来源1=0, 来源2=29, 来源3=0, 来源4=29, 来源5=6, union_ids=29, 最终有效学生数=29
API查询: month=2026-03, week=4
日期范围: 2026-03-23 到 2026-03-29
查询结果数量: 0
[DEBUG] get_valid_student_ids_for_management_page: 来源1=0, 来源2=29, 来源3=0, 来源4=29, 来源5=6, union_ids=29, 最终有效学生数=29
API查询: month=2026-03, week=4
日期范围: 2026-03-23 到 2026-03-29
查询结果数量: 1
第一条记录日期: 2026-03-28
[DEBUG] get_valid_student_ids_for_management_page: 来源1=0, 来源2=29, 来源3=0, 来源4=29, 来源5=6, union_ids=29, 最终有效学生数=29
API查询: month=2026-03, week=4
日期范围: 2026-03-23 到 2026-03-29
查询结果数量: 0
[DEBUG] get_valid_student_ids_for_management_page: 来源1=0, 来源2=29, 来源3=0, 来源4=29, 来源5=6, union_ids=29, 最终有效学生数=29
[DEBUG] get_valid_student_ids_for_management_page: 来源1=0, 来源2=29, 来源3=0, 来源4=29, 来源5=6, union_ids=29, 最终有效学生数=29
[DEBUG] get_valid_student_ids_for_management_page: 来源1=0, 来源2=29, 来源3=0, 来源4=29, 来源5=6, union_ids=29, 最终有效学生数=29
[DEBUG] get_valid_student_ids_for_management_page: 来源1=0, 来源2=29, 来源3=0, 来源4=29, 来源5=6, union_ids=29, 最终有效学生数=29
[DEBUG] get_valid_student_ids_for_management_page: 来源1=0, 来源2=29, 来源3=0, 来源4=29, 来源5=6, union_ids=29, 最终有效学生数=29
[DEBUG] get_valid_student_ids_for_management_page: 来源1=0, 来源2=29, 来源3=0, 来源4=29, 来源5=6, union_ids=29, 最终有效学生数=29
[DEBUG] get_valid_student_ids_for_management_page: 来源1=0, 来源2=29, 来源3=0, 来源4=29, 来源5=6, union_ids=29, 最终有效学生数=29
API查询: month=2026-03, week=3
日期范围: 2026-03-16 到 2026-03-22
查询结果数量: 1
第一条记录日期: 2026-03-18
[DEBUG] get_valid_student_ids_for_management_page: 来源1=0, 来源2=29, 来源3=0, 来源4=29, 来源5=6, union_ids=29, 最终有效学生数=29
API查询: month=2026-04, week=1
日期范围: 2026-04-06 到 2026-04-12
查询结果数量: 1
第一条记录日期: 2026-04-11
[DEBUG] get_valid_student_ids_for_management_page: 来源1=0, 来源2=29, 来源3=0, 来源4=29, 来源5=6, union_ids=29, 最终有效学生数=29
API查询: month=2026-03, week=4
日期范围: 2026-03-23 到 2026-03-29
查询结果数量: 2
第一条记录日期: 2026-03-28
[DEBUG] get_valid_student_ids_for_management_page: 来源1=0, 来源2=29, 来源3=0, 来源4=29, 来源5=6, union_ids=29, 最终有效学生数=29
[DEBUG] get_valid_student_ids_for_management_page: 来源1=0, 来源2=29, 来源3=0, 来源4=29, 来源5=6, union_ids=29, 最终有效学生数=29
[DEBUG] get_valid_student_ids_for_management_page: 来源1=0, 来源2=29, 来源3=0, 来源4=29, 来源5=6, union_ids=29, 最终有效学生数=29
[DEBUG] get_valid_student_ids_for_management_page: 来源1=0, 来源2=29, 来源3=0, 来源4=29, 来源5=6, union_ids=29, 最终有效学生数=29
[DEBUG] get_valid_student_ids_for_management_page: 来源1=0, 来源2=29, 来源3=0, 来源4=29, 来源5=6, union_ids=29, 最终有效学生数=29
[DEBUG] get_valid_student_ids_for_management_page: 来源1=0, 来源2=29, 来源3=0, 来源4=29, 来源5=6, union_ids=29, 最终有效学生数=29
[DEBUG] get_valid_student_ids_for_management_page: 来源1=0, 来源2=29, 来源3=0, 来源4=29, 来源5=6, union_ids=29, 最终有效学生数=29
API查询: month=2026-04, week=1
日期范围: 2026-04-06 到 2026-04-12
查询结果数量: 1
第一条记录日期: 2026-04-11
[DEBUG] get_valid_student_ids_for_management_page: 来源1=0, 来源2=29, 来源3=0, 来源4=29, 来源5=6, union_ids=29, 最终有效学生数=29
API查询: month=2026-03, week=4
日期范围: 2026-03-23 到 2026-03-29
查询结果数量: 2
第一条记录日期: 2026-03-28
[DEBUG] get_valid_student_ids_for_management_page: 来源1=0, 来源2=29, 来源3=0, 来源4=29, 来源5=6, union_ids=29, 最终有效学生数=29
API查询: month=2026-03, week=3
日期范围: 2026-03-16 到 2026-03-22
查询结果数量: 1
第一条记录日期: 2026-03-18
[DEBUG] get_valid_student_ids_for_management_page: 来源1=0, 来源2=29, 来源3=0, 来源4=29, 来源5=6, union_ids=29, 最终有效学生数=29
[DEBUG] get_valid_student_ids_for_management_page: 来源1=0, 来源2=29, 来源3=0, 来源4=29, 来源5=6, union_ids=29, 最终有效学生数=29
[DEBUG] get_valid_student_ids_for_management_page: 来源1=0, 来源2=29, 来源3=0, 来源4=29, 来源5=6, union_ids=29, 最终有效学生数=29
API查询: month=2026-03, week=4
日期范围: 2026-03-23 到 2026-03-29
查询结果数量: 2
第一条记录日期: 2026-03-28
[DEBUG] get_valid_student_ids_for_management_page: 来源1=0, 来源2=29, 来源3=0, 来源4=29, 来源5=6, union_ids=29, 最终有效学生数=29
[DEBUG] get_valid_student_ids_for_management_page: 来源1=0, 来源2=29, 来源3=0, 来源4=29, 来源5=6, union_ids=29, 最终有效学生数=29
[DEBUG] get_valid_student_ids_for_management_page: 来源1=0, 来源2=29, 来源3=0, 来源4=29, 来源5=6, union_ids=29, 最终有效学生数=29
API查询: month=2026-03, week=4
日期范围: 2026-03-23 到 2026-03-29
查询结果数量: 1
第一条记录日期: 2026-03-28
[DEBUG] get_valid_student_ids_for_management_page: 来源1=0, 来源2=29, 来源3=0, 来源4=29, 来源5=6, union_ids=29, 最终有效学生数=29
[DEBUG] get_valid_student_ids_for_management_page: 来源1=0, 来源2=29, 来源3=0, 来源4=29, 来源5=6, union_ids=29, 最终有效学生数=29
[DEBUG] get_valid_student_ids_for_management_page: 来源1=0, 来源2=29, 来源3=0, 来源4=29, 来源5=6, union_ids=29, 最终有效学生数=29
API查询: month=2026-03, week=4
日期范围: 2026-03-23 到 2026-03-29
查询结果数量: 1
第一条记录日期: 2026-03-28
[DEBUG] get_valid_student_ids_for_management_page: 来源1=0, 来源2=29, 来源3=0, 来源4=29, 来源5=6, union_ids=29, 最终有效学生数=29
[DEBUG] get_valid_student_ids_for_management_page: 来源1=0, 来源2=29, 来源3=0, 来源4=29, 来源5=6, union_ids=29, 最终有效学生数=29
[DEBUG] get_valid_student_ids_for_management_page: 来源1=0, 来源2=29, 来源3=0, 来源4=29, 来源5=6, union_ids=29, 最终有效学生数=29
API查询: month=2026-03, week=4
日期范围: 2026-03-23 到 2026-03-29
查询结果数量: 2
第一条记录日期: 2026-03-28
[DEBUG] get_valid_student_ids_for_management_page: 来源1=0, 来源2=29, 来源3=0, 来源4=29, 来源5=6, union_ids=29, 最终有效学生数=29
[DEBUG] get_valid_student_ids_for_management_page: 来源1=0, 来源2=29, 来源3=0, 来源4=29, 来源5=6, union_ids=29, 最终有效学生数=29
[DEBUG] get_valid_student_ids_for_management_page: 来源1=0, 来源2=29, 来源3=0, 来源4=29, 来源5=6, union_ids=29, 最终有效学生数=29
API查询: month=2026-03, week=4
日期范围: 2026-03-23 到 2026-03-29
查询结果数量: 1
第一条记录日期: 2026-03-24
[DEBUG] get_valid_student_ids_for_management_page: 来源1=0, 来源2=29, 来源3=0, 来源4=29, 来源5=6, union_ids=29, 最终有效学生数=29
[DEBUG] get_valid_student_ids_for_management_page: 来源1=0, 来源2=29, 来源3=0, 来源4=29, 来源5=6, union_ids=29, 最终有效学生数=29
[DEBUG] get_valid_student_ids_for_management_page: 来源1=0, 来源2=29, 来源3=0, 来源4=29, 来源5=6, union_ids=29, 最终有效学生数=29
[DEBUG] get_valid_student_ids_for_management_page: 来源1=0, 来源2=29, 来源3=0, 来源4=29, 来源5=6, union_ids=29, 最终有效学生数=29
[DEBUG] get_valid_student_ids_for_management_page: 来源1=0, 来源2=29, 来源3=0, 来源4=29, 来源5=6, union_ids=29, 最终有效学生数=29
[DEBUG] get_valid_student_ids_for_management_page: 来源1=0, 来源2=29, 来源3=0, 来源4=29, 来源5=6, union_ids=29, 最终有效学生数=29
[DEBUG] get_valid_student_ids_for_management_page: 来源1=0, 来源2=29, 来源3=0, 来源4=29, 来源5=6, union_ids=29, 最终有效学生数=29
[DEBUG] get_valid_student_ids_for_management_page: 来源1=0, 来源2=29, 来源3=0, 来源4=29, 来源5=6, union_ids=29, 最终有效学生数=29
[DEBUG] get_valid_student_ids_for_management_page: 来源1=0, 来源2=29, 来源3=0, 来源4=29, 来源5=6, union_ids=29, 最终有效学生数=29
[DEBUG] get_valid_student_ids_for_management_page: 来源1=0, 来源2=29, 来源3=0, 来源4=29, 来源5=6, union_ids=29, 最终有效学生数=29
[DEBUG] get_valid_student_ids_for_management_page: 来源1=0, 来源2=29, 来源3=0, 来源4=29, 来源5=6, union_ids=29, 最终有效学生数=29
[DEBUG] get_valid_student_ids_for_management_page: 来源1=0, 来源2=29, 来源3=0, 来源4=29, 来源5=6, union_ids=29, 最终有效学生数=29
API查询: month=2026-03, week=3
日期范围: 2026-03-16 到 2026-03-22
查询结果数量: 1
第一条记录日期: 2026-03-18
[DEBUG] get_valid_student_ids_for_management_page: 来源1=0, 来源2=29, 来源3=0, 来源4=29, 来源5=6, union_ids=29, 最终有效学生数=29
[DEBUG] get_valid_student_ids_for_management_page: 来源1=0, 来源2=29, 来源3=0, 来源4=29, 来源5=6, union_ids=29, 最终有效学生数=29
API查询: month=2026-03, week=3
日期范围: 2026-03-16 到 2026-03-22
查询结果数量: 0
[DEBUG] get_valid_student_ids_for_management_page: 来源1=0, 来源2=29, 来源3=0, 来源4=29, 来源5=6, union_ids=29, 最终有效学生数=29
API查询: month=2026-03, week=3
日期范围: 2026-03-16 到 2026-03-22
查询结果数量: 0
[DEBUG] get_valid_student_ids_for_management_page: 来源1=0, 来源2=29, 来源3=0, 来源4=29, 来源5=6, union_ids=29, 最终有效学生数=29
API查询: month=2026-03, week=3
日期范围: 2026-03-16 到 2026-03-22
查询结果数量: 0
[DEBUG] get_valid_student_ids_for_management_page: 来源1=0, 来源2=29, 来源3=0, 来源4=29, 来源5=6, union_ids=29, 最终有效学生数=29
API查询: month=2026-03, week=3
日期范围: 2026-03-16 到 2026-03-22
查询结果数量: 0
[DEBUG] get_valid_student_ids_for_management_page: 来源1=0, 来源2=29, 来源3=0, 来源4=29, 来源5=6, union_ids=29, 最终有效学生数=29
API查询: month=2026-03, week=3
日期范围: 2026-03-16 到 2026-03-22
查询结果数量: 0
[DEBUG] get_valid_student_ids_for_management_page: 来源1=0, 来源2=29, 来源3=0, 来源4=29, 来源5=6, union_ids=29, 最终有效学生数=29
[DEBUG] get_valid_student_ids_for_management_page: 来源1=0, 来源2=29, 来源3=0, 来源4=29, 来源5=6, union_ids=29, 最终有效学生数=29
[DEBUG] get_valid_student_ids_for_management_page: 来源1=0, 来源2=29, 来源3=0, 来源4=29, 来源5=6, union_ids=29, 最终有效学生数=29
[DEBUG] get_valid_student_ids_for_management_page: 来源1=0, 来源2=29, 来源3=0, 来源4=29, 来源5=6, union_ids=29, 最终有效学生数=29
[DEBUG] get_valid_student_ids_for_management_page: 来源1=0, 来源2=29, 来源3=0, 来源4=29, 来源5=6, union_ids=29, 最终有效学生数=29
[DEBUG] get_valid_student_ids_for_management_page: 来源1=0, 来源2=29, 来源3=0, 来源4=29, 来源5=6, union_ids=29, 最终有效学生数=29
[DEBUG] get_valid_student_ids_for_management_page: 来源1=0, 来源2=29, 来源3=0, 来源4=29, 来源5=6, union_ids=29, 最终有效学生数=29
[DEBUG] get_valid_student_ids_for_management_page: 来源1=0, 来源2=29, 来源3=0, 来源4=29, 来源5=6, union_ids=29, 最终有效学生数=29
[DEBUG] get_valid_student_ids_for_management_page: 来源1=0, 来源2=29, 来源3=0, 来源4=29, 来源5=6, union_ids=29, 最终有效学生数=29
[DEBUG] get_valid_student_ids_for_management_page: 来源1=0, 来源2=29, 来源3=0, 来源4=29, 来源5=6, union_ids=29, 最终有效学生数=29
[DEBUG] get_valid_student_ids_for_management_page: 来源1=0, 来源2=29, 来源3=0, 来源4=29, 来源5=6, union_ids=29, 最终有效学生数=29
[DEBUG] get_valid_student_ids_for_management_page: 来源1=0, 来源2=29, 来源3=0, 来源4=29, 来源5=6, union_ids=29, 最终有效学生数=29
[DEBUG] get_valid_student_ids_for_management_page: 来源1=0, 来源2=29, 来源3=0, 来源4=29, 来源5=6, union_ids=29, 最终有效学生数=29
API查询: month=2026-03, week=3
日期范围: 2026-03-16 到 2026-03-22
查询结果数量: 1
第一条记录日期: 2026-03-18
[DEBUG] get_valid_student_ids_for_management_page: 来源1=0, 来源2=29, 来源3=0, 来源4=29, 来源5=6, union_ids=29, 最终有效学生数=29
API查询: month=2026-03, week=4
日期范围: 2026-03-23 到 2026-03-29
查询结果数量: 1
第一条记录日期: 2026-03-28
[DEBUG] get_valid_student_ids_for_management_page: 来源1=0, 来源2=29, 来源3=0, 来源4=29, 来源5=6, union_ids=29, 最终有效学生数=29
API查询: month=2026-03, week=4
日期范围: 2026-03-23 到 2026-03-29
查询结果数量: 1
第一条记录日期: 2026-03-24
[DEBUG] get_valid_student_ids_for_management_page: 来源1=0, 来源2=29, 来源3=0, 来源4=29, 来源5=6, union_ids=29, 最终有效学生数=29
API查询: month=2026-03, week=4
日期范围: 2026-03-23 到 2026-03-29
查询结果数量: 0
[DEBUG] get_valid_student_ids_for_management_page: 来源1=0, 来源2=29, 来源3=0, 来源4=29, 来源5=6, union_ids=29, 最终有效学生数=29
API查询: month=2026-03, week=4
日期范围: 2026-03-23 到 2026-03-29
查询结果数量: 0
[DEBUG] get_valid_student_ids_for_management_page: 来源1=0, 来源2=29, 来源3=0, 来源4=29, 来源5=6, union_ids=29, 最终有效学生数=29
API查询: month=2026-03, week=4
日期范围: 2026-03-23 到 2026-03-29
查询结果数量: 0
[DEBUG] get_valid_student_ids_for_management_page: 来源1=0, 来源2=29, 来源3=0, 来源4=29, 来源5=6, union_ids=29, 最终有效学生数=29
[DEBUG] get_valid_student_ids_for_management_page: 来源1=0, 来源2=29, 来源3=0, 来源4=29, 来源5=6, union_ids=29, 最终有效学生数=29
[DEBUG] get_valid_student_ids_for_management_page: 来源1=0, 来源2=29, 来源3=0, 来源4=29, 来源5=6, union_ids=29, 最终有效学生数=29
[DEBUG] get_valid_student_ids_for_management_page: 来源1=0, 来源2=29, 来源3=0, 来源4=29, 来源5=6, union_ids=29, 最终有效学生数=29
[DEBUG] get_valid_student_ids_for_management_page: 来源1=0, 来源2=29, 来源3=0, 来源4=29, 来源5=6, union_ids=29, 最终有效学生数=29
[DEBUG] get_valid_student_ids_for_management_page: 来源1=0, 来源2=29, 来源3=0, 来源4=29, 来源5=6, union_ids=29, 最终有效学生数=29
[DEBUG] get_valid_student_ids_for_management_page: 来源1=0, 来源2=29, 来源3=0, 来源4=29, 来源5=6, union_ids=29, 最终有效学生数=29
API查询: month=2026-03, week=4
日期范围: 2026-03-23 到 2026-03-29
查询结果数量: 2
第一条记录日期: 2026-03-28
[DEBUG] get_valid_student_ids_for_management_page: 来源1=0, 来源2=29, 来源3=0, 来源4=29, 来源5=6, union_ids=29, 最终有效学生数=29
API查询: month=2026-03, week=4
日期范围: 2026-03-23 到 2026-03-29
查询结果数量: 0
[DEBUG] get_valid_student_ids_for_management_page: 来源1=0, 来源2=29, 来源3=0, 来源4=29, 来源5=6, union_ids=29, 最终有效学生数=29
API查询: month=2026-03, week=3
日期范围: 2026-03-16 到 2026-03-22
查询结果数量: 1
第一条记录日期: 2026-03-18
[DEBUG] get_valid_student_ids_for_management_page: 来源1=0, 来源2=29, 来源3=0, 来源4=29, 来源5=6, union_ids=29, 最终有效学生数=29
[DEBUG] get_valid_student_ids_for_management_page: 来源1=0, 来源2=29, 来源3=0, 来源4=29, 来源5=6, union_ids=29, 最终有效学生数=29
[DEBUG] get_valid_student_ids_for_management_page: 来源1=0, 来源2=29, 来源3=0, 来源4=29, 来源5=6, union_ids=29, 最终有效学生数=29
[DEBUG] get_valid_student_ids_for_management_page: 来源1=0, 来源2=29, 来源3=0, 来源4=29, 来源5=6, union_ids=29, 最终有效学生数=29
API查询: month=2026-03, week=4
日期范围: 2026-03-23 到 2026-03-29
查询结果数量: 2
第一条记录日期: 2026-03-28
[DEBUG] get_valid_student_ids_for_management_page: 来源1=0, 来源2=29, 来源3=0, 来源4=29, 来源5=6, union_ids=29, 最终有效学生数=29
[DEBUG] get_valid_student_ids_for_management_page: 来源1=0, 来源2=29, 来源3=0, 来源4=29, 来源5=6, union_ids=29, 最终有效学生数=29
API查询: month=2026-03, week=3
日期范围: 2026-03-16 到 2026-03-22
查询结果数量: 1
第一条记录日期: 2026-03-18
[DEBUG] get_valid_student_ids_for_management_page: 来源1=0, 来源2=29, 来源3=0, 来源4=29, 来源5=6, union_ids=29, 最终有效学生数=29
[DEBUG] get_valid_student_ids_for_management_page: 来源1=0, 来源2=29, 来源3=0, 来源4=29, 来源5=6, union_ids=29, 最终有效学生数=29
[DEBUG] get_valid_student_ids_for_management_page: 来源1=0, 来源2=29, 来源3=0, 来源4=29, 来源5=6, union_ids=29, 最终有效学生数=29
[DEBUG] get_valid_student_ids_for_management_page: 来源1=0, 来源2=29, 来源3=0, 来源4=29, 来源5=6, union_ids=29, 最终有效学生数=29
API查询: month=2026-03, week=4
日期范围: 2026-03-23 到 2026-03-29
查询结果数量: 2
第一条记录日期: 2026-03-28
[DEBUG] get_valid_student_ids_for_management_page: 来源1=0, 来源2=29, 来源3=0, 来源4=29, 来源5=6, union_ids=29, 最终有效学生数=29
[DEBUG] get_valid_student_ids_for_management_page: 来源1=0, 来源2=29, 来源3=0, 来源4=29, 来源5=6, union_ids=29, 最终有效学生数=29
API查询: month=2026-03, week=3
日期范围: 2026-03-16 到 2026-03-22
查询结果数量: 1
第一条记录日期: 2026-03-18
[DEBUG] get_valid_student_ids_for_management_page: 来源1=0, 来源2=29, 来源3=0, 来源4=29, 来源5=6, union_ids=29, 最终有效学生数=29
[DEBUG] get_valid_student_ids_for_management_page: 来源1=0, 来源2=29, 来源3=0, 来源4=29, 来源5=6, union_ids=29, 最终有效学生数=29
[DEBUG] get_valid_student_ids_for_management_page: 来源1=0, 来源2=29, 来源3=0, 来源4=29, 来源5=6, union_ids=29, 最终有效学生数=29
API查询: month=2026-03, week=4
日期范围: 2026-03-23 到 2026-03-29
查询结果数量: 2
第一条记录日期: 2026-03-28
[DEBUG] get_valid_student_ids_for_management_page: 来源1=0, 来源2=29, 来源3=0, 来源4=29, 来源5=6, union_ids=29, 最终有效学生数=29
[DEBUG] get_valid_student_ids_for_management_page: 来源1=0, 来源2=29, 来源3=0, 来源4=29, 来源5=6, union_ids=29, 最终有效学生数=29
[DEBUG] get_valid_student_ids_for_management_page: 来源1=0, 来源2=29, 来源3=0, 来源4=29, 来源5=6, union_ids=29, 最终有效学生数=29
API查询: month=2026-03, week=4
日期范围: 2026-03-23 到 2026-03-29
查询结果数量: 2
第一条记录日期: 2026-03-28
收到批量确认请求: course_ids=[10], type=<class 'list'>
[DEBUG] get_valid_student_ids_for_management_page: 来源1=0, 来源2=29, 来源3=0, 来源4=29, 来源5=6, union_ids=29, 最终有效学生数=29
[DEBUG] get_valid_student_ids_for_management_page: 来源1=0, 来源2=29, 来源3=0, 来源4=29, 来源5=6, union_ids=29, 最终有效学生数=29
[DEBUG] get_valid_student_ids_for_management_page: 来源1=0, 来源2=29, 来源3=0, 来源4=29, 来源5=6, union_ids=29, 最终有效学生数=29
[DEBUG] get_valid_student_ids_for_management_page: 来源1=0, 来源2=29, 来源3=0, 来源4=29, 来源5=6, union_ids=29, 最终有效学生数=29
[DEBUG] get_valid_student_ids_for_management_page: 来源1=0, 来源2=29, 来源3=0, 来源4=29, 来源5=6, union_ids=29, 最终有效学生数=29
API查询: month=2026-03, week=4
日期范围: 2026-03-23 到 2026-03-29
查询结果数量: 1
第一条记录日期: 2026-03-24
[DEBUG] get_valid_student_ids_for_management_page: 来源1=0, 来源2=29, 来源3=0, 来源4=29, 来源5=6, union_ids=29, 最终有效学生数=29
API查询: month=2026-03, week=4
日期范围: 2026-03-23 到 2026-03-29
查询结果数量: 2
第一条记录日期: 2026-03-28
[DEBUG] get_valid_student_ids_for_management_page: 来源1=0, 来源2=29, 来源3=0, 来源4=29, 来源5=6, union_ids=29, 最终有效学生数=29
[DEBUG] get_valid_student_ids_for_management_page: 来源1=0, 来源2=29, 来源3=0, 来源4=29, 来源5=6, union_ids=29, 最终有效学生数=29
[DEBUG] get_valid_student_ids_for_management_page: 来源1=0, 来源2=29, 来源3=0, 来源4=29, 来源5=6, union_ids=29, 最终有效学生数=29
API查询: month=2026-03, week=4
日期范围: 2026-03-23 到 2026-03-29
查询结果数量: 2
第一条记录日期: 2026-03-28
[DEBUG] get_valid_student_ids_for_management_page: 来源1=0, 来源2=29, 来源3=0, 来源4=29, 来源5=6, union_ids=29, 最终有效学生数=29
[DEBUG] get_valid_student_ids_for_management_page: 来源1=0, 来源2=29, 来源3=0, 来源4=29, 来源5=6, union_ids=29, 最终有效学生数=29
[DEBUG] get_valid_student_ids_for_management_page: 来源1=0, 来源2=29, 来源3=0, 来源4=29, 来源5=6, union_ids=29, 最终有效学生数=29
API查询: month=2026-03, week=3
日期范围: 2026-03-16 到 2026-03-22
查询结果数量: 1
第一条记录日期: 2026-03-18
[DEBUG] get_valid_student_ids_for_management_page: 来源1=0, 来源2=29, 来源3=0, 来源4=29, 来源5=6, union_ids=29, 最终有效学生数=29
[DEBUG] get_valid_student_ids_for_management_page: 来源1=0, 来源2=29, 来源3=0, 来源4=29, 来源5=6, union_ids=29, 最终有效学生数=29
[DEBUG] get_valid_student_ids_for_management_page: 来源1=0, 来源2=29, 来源3=0, 来源4=29, 来源5=6, union_ids=29, 最终有效学生数=29
API查询: month=2026-03, week=3
日期范围: 2026-03-16 到 2026-03-22
查询结果数量: 1
第一条记录日期: 2026-03-18
[DEBUG] get_valid_student_ids_for_management_page: 来源1=0, 来源2=29, 来源3=0, 来源4=29, 来源5=6, union_ids=29, 最终有效学生数=29
[DEBUG] get_valid_student_ids_for_management_page: 来源1=0, 来源2=29, 来源3=0, 来源4=29, 来源5=6, union_ids=29, 最终有效学生数=29
[DEBUG] get_valid_student_ids_for_management_page: 来源1=0, 来源2=29, 来源3=0, 来源4=29, 来源5=6, union_ids=29, 最终有效学生数=29
API查询: month=2026-03, week=4
日期范围: 2026-03-23 到 2026-03-29
查询结果数量: 2
第一条记录日期: 2026-03-28
[DEBUG] get_valid_student_ids_for_management_page: 来源1=0, 来源2=29, 来源3=0, 来源4=29, 来源5=6, union_ids=29, 最终有效学生数=29
[DEBUG] get_valid_student_ids_for_management_page: 来源1=0, 来源2=29, 来源3=0, 来源4=29, 来源5=6, union_ids=29, 最终有效学生数=29
[DEBUG] get_valid_student_ids_for_management_page: 来源1=0, 来源2=29, 来源3=0, 来源4=29, 来源5=6, union_ids=29, 最终有效学生数=29
API查询: month=2026-03, week=4
日期范围: 2026-03-23 到 2026-03-29
查询结果数量: 2
第一条记录日期: 2026-03-28
[DEBUG] get_valid_student_ids_for_management_page: 来源1=0, 来源2=29, 来源3=0, 来源4=29, 来源5=6, union_ids=29, 最终有效学生数=29
[DEBUG] get_valid_student_ids_for_management_page: 来源1=0, 来源2=29, 来源3=0, 来源4=29, 来源5=6, union_ids=29, 最终有效学生数=29
[DEBUG] get_valid_student_ids_for_management_page: 来源1=0, 来源2=29, 来源3=0, 来源4=29, 来源5=6, union_ids=29, 最终有效学生数=29
API查询: month=2026-03, week=3
日期范围: 2026-03-16 到 2026-03-22
查询结果数量: 1
第一条记录日期: 2026-03-18
[DEBUG] get_valid_student_ids_for_management_page: 来源1=0, 来源2=29, 来源3=0, 来源4=29, 来源5=6, union_ids=29, 最终有效学生数=29
[DEBUG] get_valid_student_ids_for_management_page: 来源1=0, 来源2=29, 来源3=0, 来源4=29, 来源5=6, union_ids=29, 最终有效学生数=29
[DEBUG] get_valid_student_ids_for_management_page: 来源1=0, 来源2=29, 来源3=0, 来源4=29, 来源5=6, union_ids=29, 最终有效学生数=29
API查询: month=2026-03, week=3
日期范围: 2026-03-16 到 2026-03-22
查询结果数量: 1
第一条记录日期: 2026-03-18
[DEBUG] get_valid_student_ids_for_management_page: 来源1=0, 来源2=29, 来源3=0, 来源4=29, 来源5=6, union_ids=29, 最终有效学生数=29
[DEBUG] get_valid_student_ids_for_management_page: 来源1=0, 来源2=29, 来源3=0, 来源4=29, 来源5=6, union_ids=29, 最终有效学生数=29
[DEBUG] get_valid_student_ids_for_management_page: 来源1=0, 来源2=29, 来源3=0, 来源4=29, 来源5=6, union_ids=29, 最终有效学生数=29
API查询: month=2026-03, week=4
日期范围: 2026-03-23 到 2026-03-29
查询结果数量: 2
第一条记录日期: 2026-03-28
[DEBUG] get_valid_student_ids_for_management_page: 来源1=0, 来源2=29, 来源3=0, 来源4=29, 来源5=6, union_ids=29, 最终有效学生数=29
[DEBUG] get_valid_student_ids_for_management_page: 来源1=0, 来源2=29, 来源3=0, 来源4=29, 来源5=6, union_ids=29, 最终有效学生数=29
[DEBUG] get_valid_student_ids_for_management_page: 来源1=0, 来源2=29, 来源3=0, 来源4=29, 来源5=6, union_ids=29, 最终有效学生数=29
API查询: month=2026-03, week=4
日期范围: 2026-03-23 到 2026-03-29
查询结果数量: 2
第一条记录日期: 2026-03-28
[DEBUG] get_valid_student_ids_for_management_page: 来源1=0, 来源2=29, 来源3=0, 来源4=29, 来源5=6, union_ids=29, 最终有效学生数=29
[DEBUG] get_valid_student_ids_for_management_page: 来源1=0, 来源2=29, 来源3=0, 来源4=29, 来源5=6, union_ids=29, 最终有效学生数=29
[DEBUG] get_valid_student_ids_for_management_page: 来源1=0, 来源2=29, 来源3=0, 来源4=29, 来源5=6, union_ids=29, 最终有效学生数=29
API查询: month=2026-03, week=3
日期范围: 2026-03-16 到 2026-03-22
查询结果数量: 1
第一条记录日期: 2026-03-18
[DEBUG] get_valid_student_ids_for_management_page: 来源1=0, 来源2=29, 来源3=0, 来源4=29, 来源5=6, union_ids=29, 最终有效学生数=29
[DEBUG] get_valid_student_ids_for_management_page: 来源1=0, 来源2=29, 来源3=0, 来源4=29, 来源5=6, union_ids=29, 最终有效学生数=29
[DEBUG] get_valid_student_ids_for_management_page: 来源1=0, 来源2=29, 来源3=0, 来源4=29, 来源5=6, union_ids=29, 最终有效学生数=29
API查询: month=2026-03, week=3
日期范围: 2026-03-16 到 2026-03-22
查询结果数量: 1
第一条记录日期: 2026-03-18
[DEBUG] get_valid_student_ids_for_management_page: 来源1=0, 来源2=29, 来源3=0, 来源4=29, 来源5=6, union_ids=29, 最终有效学生数=29
[DEBUG] get_valid_student_ids_for_management_page: 来源1=0, 来源2=29, 来源3=0, 来源4=29, 来源5=6, union_ids=29, 最终有效学生数=29
[DEBUG] get_valid_student_ids_for_management_page: 来源1=0, 来源2=29, 来源3=0, 来源4=29, 来源5=6, union_ids=29, 最终有效学生数=29
API查询: month=2026-03, week=4
日期范围: 2026-03-23 到 2026-03-29
查询结果数量: 2
第一条记录日期: 2026-03-28
[DEBUG] get_valid_student_ids_for_management_page: 来源1=0, 来源2=29, 来源3=0, 来源4=29, 来源5=6, union_ids=29, 最终有效学生数=29
[DEBUG] get_valid_student_ids_for_management_page: 来源1=0, 来源2=29, 来源3=0, 来源4=29, 来源5=6, union_ids=29, 最终有效学生数=29
[DEBUG] get_valid_student_ids_for_management_page: 来源1=0, 来源2=29, 来源3=0, 来源4=29, 来源5=6, union_ids=29, 最终有效学生数=29
API查询: month=2026-03, week=4
日期范围: 2026-03-23 到 2026-03-29
查询结果数量: 2
第一条记录日期: 2026-03-28
[DEBUG] get_valid_student_ids_for_management_page: 来源1=0, 来源2=29, 来源3=0, 来源4=29, 来源5=6, union_ids=29, 最终有效学生数=29
[DEBUG] get_valid_student_ids_for_management_page: 来源1=0, 来源2=29, 来源3=0, 来源4=29, 来源5=6, union_ids=29, 最终有效学生数=29
[DEBUG] get_valid_student_ids_for_management_page: 来源1=0, 来源2=29, 来源3=0, 来源4=29, 来源5=6, union_ids=29, 最终有效学生数=29
[DEBUG] get_valid_student_ids_for_management_page: 来源1=0, 来源2=29, 来源3=0, 来源4=29, 来源5=6, union_ids=29, 最终有效学生数=29
[DEBUG] get_valid_student_ids_for_management_page: 来源1=0, 来源2=29, 来源3=0, 来源4=29, 来源5=6, union_ids=29, 最终有效学生数=29
[DEBUG] get_valid_student_ids_for_management_page: 来源1=0, 来源2=29, 来源3=0, 来源4=29, 来源5=6, union_ids=29, 最终有效学生数=29
[DEBUG] get_valid_student_ids_for_management_page: 来源1=0, 来源2=29, 来源3=0, 来源4=29, 来源5=6, union_ids=29, 最终有效学生数=29
[DEBUG] get_valid_student_ids_for_management_page: 来源1=0, 来源2=29, 来源3=0, 来源4=29, 来源5=6, union_ids=29, 最终有效学生数=29
[DEBUG] get_valid_student_ids_for_management_page: 来源1=0, 来源2=29, 来源3=0, 来源4=29, 来源5=6, union_ids=29, 最终有效学生数=29
[DEBUG] get_valid_student_ids_for_management_page: 来源1=0, 来源2=29, 来源3=0, 来源4=29, 来源5=6, union_ids=29, 最终有效学生数=29
[DEBUG] get_valid_student_ids_for_management_page: 来源1=0, 来源2=29, 来源3=0, 来源4=29, 来源5=6, union_ids=29, 最终有效学生数=29
[DEBUG] get_valid_student_ids_for_management_page: 来源1=0, 来源2=29, 来源3=0, 来源4=29, 来源5=6, union_ids=29, 最终有效学生数=29
[DEBUG] get_valid_student_ids_for_management_page: 来源1=0, 来源2=29, 来源3=0, 来源4=29, 来源5=6, union_ids=29, 最终有效学生数=29
API查询: month=2026-04, week=1
日期范围: 2026-04-06 到 2026-04-12
查询结果数量: 1
第一条记录日期: 2026-04-11
[DEBUG] get_valid_student_ids_for_management_page: 来源1=0, 来源2=29, 来源3=0, 来源4=29, 来源5=6, union_ids=29, 最终有效学生数=29
API查询: month=2026-04, week=1
日期范围: 2026-04-06 到 2026-04-12
查询结果数量: 0
[DEBUG] get_valid_student_ids_for_management_page: 来源1=0, 来源2=29, 来源3=0, 来源4=29, 来源5=6, union_ids=29, 最终有效学生数=29
API查询: month=2026-04, week=1
日期范围: 2026-04-06 到 2026-04-12
查询结果数量: 0
[DEBUG] get_valid_student_ids_for_management_page: 来源1=0, 来源2=29, 来源3=0, 来源4=29, 来源5=6, union_ids=29, 最终有效学生数=29
API查询: month=2026-04, week=1
日期范围: 2026-04-06 到 2026-04-12
查询结果数量: 0
[DEBUG] get_valid_student_ids_for_management_page: 来源1=0, 来源2=29, 来源3=0, 来源4=29, 来源5=6, union_ids=29, 最终有效学生数=29
API查询: month=2026-04, week=1
日期范围: 2026-04-06 到 2026-04-12
查询结果数量: 0
[DEBUG] get_valid_student_ids_for_management_page: 来源1=0, 来源2=29, 来源3=0, 来源4=29, 来源5=6, union_ids=29, 最终有效学生数=29
API查询: month=2026-04, week=1
日期范围: 2026-04-06 到 2026-04-12
查询结果数量: 0
[DEBUG] get_valid_student_ids_for_management_page: 来源1=0, 来源2=29, 来源3=0, 来源4=29, 来源5=6, union_ids=29, 最终有效学生数=29
[DEBUG] get_valid_student_ids_for_management_page: 来源1=0, 来源2=29, 来源3=0, 来源4=29, 来源5=6, union_ids=29, 最终有效学生数=29
[DEBUG] get_valid_student_ids_for_management_page: 来源1=0, 来源2=29, 来源3=0, 来源4=29, 来源5=6, union_ids=29, 最终有效学生数=29
API查询: month=2026-04, week=1
日期范围: 2026-04-06 到 2026-04-12
查询结果数量: 1
第一条记录日期: 2026-04-11
[DEBUG] get_valid_student_ids_for_management_page: 来源1=0, 来源2=29, 来源3=0, 来源4=29, 来源5=6, union_ids=29, 最终有效学生数=29
[DEBUG] get_valid_student_ids_for_management_page: 来源1=0, 来源2=29, 来源3=0, 来源4=29, 来源5=6, union_ids=29, 最终有效学生数=29
[DEBUG] get_valid_student_ids_for_management_page: 来源1=0, 来源2=29, 来源3=0, 来源4=29, 来源5=6, union_ids=29, 最终有效学生数=29
API查询: month=2026-04, week=1
日期范围: 2026-04-06 到 2026-04-12
查询结果数量: 1
第一条记录日期: 2026-04-11
[DEBUG] get_valid_student_ids_for_management_page: 来源1=0, 来源2=29, 来源3=0, 来源4=29, 来源5=6, union_ids=29, 最终有效学生数=29
[DEBUG] get_valid_student_ids_for_management_page: 来源1=0, 来源2=29, 来源3=0, 来源4=29, 来源5=6, union_ids=29, 最终有效学生数=29
[DEBUG] get_valid_student_ids_for_management_page: 来源1=0, 来源2=29, 来源3=0, 来源4=29, 来源5=6, union_ids=29, 最终有效学生数=29
API查询: month=2026-04, week=1
日期范围: 2026-04-06 到 2026-04-12
查询结果数量: 1
第一条记录日期: 2026-04-11
[DEBUG] get_valid_student_ids_for_management_page: 来源1=0, 来源2=29, 来源3=0, 来源4=29, 来源5=6, union_ids=29, 最终有效学生数=29
[DEBUG] get_valid_student_ids_for_management_page: 来源1=0, 来源2=29, 来源3=0, 来源4=29, 来源5=6, union_ids=29, 最终有效学生数=29
[DEBUG] get_valid_student_ids_for_management_page: 来源1=0, 来源2=29, 来源3=0, 来源4=29, 来源5=6, union_ids=29, 最终有效学生数=29
API查询: month=2026-03, week=3
日期范围: 2026-03-16 到 2026-03-22
查询结果数量: 1
第一条记录日期: 2026-03-18
[DEBUG] get_valid_student_ids_for_management_page: 来源1=0, 来源2=29, 来源3=0, 来源4=29, 来源5=6, union_ids=29, 最终有效学生数=29
[DEBUG] get_valid_student_ids_for_management_page: 来源1=0, 来源2=29, 来源3=0, 来源4=29, 来源5=6, union_ids=29, 最终有效学生数=29
[DEBUG] get_valid_student_ids_for_management_page: 来源1=0, 来源2=29, 来源3=0, 来源4=29, 来源5=6, union_ids=29, 最终有效学生数=29
API查询: month=2026-03, week=3
日期范围: 2026-03-16 到 2026-03-22
查询结果数量: 1
第一条记录日期: 2026-03-18
[DEBUG] get_valid_student_ids_for_management_page: 来源1=0, 来源2=29, 来源3=0, 来源4=29, 来源5=6, union_ids=29, 最终有效学生数=29
[DEBUG] get_valid_student_ids_for_management_page: 来源1=0, 来源2=29, 来源3=0, 来源4=29, 来源5=6, union_ids=29, 最终有效学生数=29
[DEBUG] get_valid_student_ids_for_management_page: 来源1=0, 来源2=29, 来源3=0, 来源4=29, 来源5=6, union_ids=29, 最终有效学生数=29
API查询: month=2026-03, week=4
日期范围: 2026-03-23 到 2026-03-29
查询结果数量: 2
第一条记录日期: 2026-03-28
[DEBUG] get_valid_student_ids_for_management_page: 来源1=0, 来源2=29, 来源3=0, 来源4=29, 来源5=6, union_ids=29, 最终有效学生数=29
[DEBUG] get_valid_student_ids_for_management_page: 来源1=0, 来源2=29, 来源3=0, 来源4=29, 来源5=6, union_ids=29, 最终有效学生数=29
[DEBUG] get_valid_student_ids_for_management_page: 来源1=0, 来源2=29, 来源3=0, 来源4=29, 来源5=6, union_ids=29, 最终有效学生数=29
API查询: month=2026-03, week=4
日期范围: 2026-03-23 到 2026-03-29
查询结果数量: 2
第一条记录日期: 2026-03-28
[DEBUG] get_valid_student_ids_for_management_page: 来源1=0, 来源2=29, 来源3=0, 来源4=29, 来源5=6, union_ids=29, 最终有效学生数=29
[DEBUG] get_valid_student_ids_for_management_page: 来源1=0, 来源2=29, 来源3=0, 来源4=29, 来源5=6, union_ids=29, 最终有效学生数=29
[DEBUG] get_valid_student_ids_for_management_page: 来源1=0, 来源2=29, 来源3=0, 来源4=29, 来源5=6, union_ids=29, 最终有效学生数=29
API查询: month=2026-03, week=3
日期范围: 2026-03-16 到 2026-03-22
查询结果数量: 1
第一条记录日期: 2026-03-18
[DEBUG] get_valid_student_ids_for_management_page: 来源1=0, 来源2=29, 来源3=0, 来源4=29, 来源5=6, union_ids=29, 最终有效学生数=29
[DEBUG] get_valid_student_ids_for_management_page: 来源1=0, 来源2=29, 来源3=0, 来源4=29, 来源5=6, union_ids=29, 最终有效学生数=29
[DEBUG] get_valid_student_ids_for_management_page: 来源1=0, 来源2=29, 来源3=0, 来源4=29, 来源5=6, union_ids=29, 最终有效学生数=29
API查询: month=2026-03, week=3
日期范围: 2026-03-16 到 2026-03-22
查询结果数量: 1
第一条记录日期: 2026-03-18
[DEBUG] get_valid_student_ids_for_management_page: 来源1=0, 来源2=29, 来源3=0, 来源4=29, 来源5=6, union_ids=29, 最终有效学生数=29
[DEBUG] get_valid_student_ids_for_management_page: 来源1=0, 来源2=29, 来源3=0, 来源4=29, 来源5=6, union_ids=29, 最终有效学生数=29
[DEBUG] get_valid_student_ids_for_management_page: 来源1=0, 来源2=29, 来源3=0, 来源4=29, 来源5=6, union_ids=29, 最终有效学生数=29
[DEBUG] get_valid_student_ids_for_management_page: 来源1=0, 来源2=29, 来源3=0, 来源4=29, 来源5=6, union_ids=29, 最终有效学生数=29
[DEBUG] get_valid_student_ids_for_management_page: 来源1=0, 来源2=29, 来源3=0, 来源4=29, 来源5=6, union_ids=29, 最终有效学生数=29
[DEBUG] get_valid_student_ids_for_management_page: 来源1=0, 来源2=29, 来源3=0, 来源4=29, 来源5=6, union_ids=29, 最终有效学生数=29
[DEBUG] get_valid_student_ids_for_management_page: 来源1=0, 来源2=29, 来源3=0, 来源4=29, 来源5=6, union_ids=29, 最终有效学生数=29
[DEBUG] get_valid_student_ids_for_management_page: 来源1=0, 来源2=29, 来源3=0, 来源4=29, 来源5=6, union_ids=29, 最终有效学生数=29
[DEBUG] get_valid_student_ids_for_management_page: 来源1=0, 来源2=29, 来源3=0, 来源4=29, 来源5=6, union_ids=29, 最终有效学生数=29
[DEBUG] get_valid_student_ids_for_management_page: 来源1=0, 来源2=29, 来源3=0, 来源4=29, 来源5=6, union_ids=29, 最终有效学生数=29
[DEBUG] get_valid_student_ids_for_management_page: 来源1=0, 来源2=29, 来源3=0, 来源4=29, 来源5=6, union_ids=29, 最终有效学生数=29
[DEBUG] get_valid_student_ids_for_management_page: 来源1=0, 来源2=29, 来源3=0, 来源4=29, 来源5=6, union_ids=29, 最终有效学生数=29
[DEBUG] get_valid_student_ids_for_management_page: 来源1=0, 来源2=29, 来源3=0, 来源4=29, 来源5=6, union_ids=29, 最终有效学生数=29
API查询: month=2026-03, week=2
日期范围: 2026-03-09 到 2026-03-15
查询结果数量: 0
[DEBUG] get_valid_student_ids_for_management_page: 来源1=0, 来源2=29, 来源3=0, 来源4=29, 来源5=6, union_ids=29, 最终有效学生数=29
API查询: month=2026-03, week=2
日期范围: 2026-03-09 到 2026-03-15
查询结果数量: 0
[DEBUG] get_valid_student_ids_for_management_page: 来源1=0, 来源2=29, 来源3=0, 来源4=29, 来源5=6, union_ids=29, 最终有效学生数=29
API查询: month=2026-03, week=2
日期范围: 2026-03-09 到 2026-03-15
查询结果数量: 0
[DEBUG] get_valid_student_ids_for_management_page: 来源1=0, 来源2=29, 来源3=0, 来源4=29, 来源5=6, union_ids=29, 最终有效学生数=29
API查询: month=2026-03, week=2
日期范围: 2026-03-09 到 2026-03-15
查询结果数量: 0
[DEBUG] get_valid_student_ids_for_management_page: 来源1=0, 来源2=29, 来源3=0, 来源4=29, 来源5=6, union_ids=29, 最终有效学生数=29
API查询: month=2026-03, week=2
日期范围: 2026-03-09 到 2026-03-15
查询结果数量: 0
[DEBUG] get_valid_student_ids_for_management_page: 来源1=0, 来源2=29, 来源3=0, 来源4=29, 来源5=6, union_ids=29, 最终有效学生数=29
API查询: month=2026-03, week=2
日期范围: 2026-03-09 到 2026-03-15
查询结果数量: 0
[DEBUG] get_valid_student_ids_for_management_page: 来源1=0, 来源2=29, 来源3=0, 来源4=29, 来源5=6, union_ids=29, 最终有效学生数=29
[DEBUG] get_valid_student_ids_for_management_page: 来源1=0, 来源2=29, 来源3=0, 来源4=29, 来源5=6, union_ids=29, 最终有效学生数=29
[DEBUG] get_valid_student_ids_for_management_page: 来源1=0, 来源2=29, 来源3=0, 来源4=29, 来源5=6, union_ids=29, 最终有效学生数=29
[DEBUG] get_valid_student_ids_for_management_page: 来源1=0, 来源2=29, 来源3=0, 来源4=29, 来源5=6, union_ids=29, 最终有效学生数=29
[DEBUG] get_valid_student_ids_for_management_page: 来源1=0, 来源2=29, 来源3=0, 来源4=29, 来源5=6, union_ids=29, 最终有效学生数=29
[DEBUG] get_valid_student_ids_for_management_page: 来源1=0, 来源2=29, 来源3=0, 来源4=29, 来源5=6, union_ids=29, 最终有效学生数=29
[DEBUG] get_valid_student_ids_for_management_page: 来源1=0, 来源2=29, 来源3=0, 来源4=29, 来源5=6, union_ids=29, 最终有效学生数=29
[DEBUG] get_valid_student_ids_for_management_page: 来源1=0, 来源2=29, 来源3=0, 来源4=29, 来源5=6, union_ids=29, 最终有效学生数=29
[DEBUG] get_valid_student_ids_for_management_page: 来源1=0, 来源2=29, 来源3=0, 来源4=29, 来源5=6, union_ids=29, 最终有效学生数=29
[DEBUG] get_valid_student_ids_for_management_page: 来源1=0, 来源2=29, 来源3=0, 来源4=29, 来源5=6, union_ids=29, 最终有效学生数=29
[DEBUG] get_valid_student_ids_for_management_page: 来源1=0, 来源2=29, 来源3=0, 来源4=29, 来源5=6, union_ids=29, 最终有效学生数=29
[DEBUG] get_valid_student_ids_for_management_page: 来源1=0, 来源2=29, 来源3=0, 来源4=29, 来源5=6, union_ids=29, 最终有效学生数=29
[DEBUG] get_valid_student_ids_for_management_page: 来源1=0, 来源2=29, 来源3=0, 来源4=29, 来源5=6, union_ids=29, 最终有效学生数=29
API查询: month=2026-03, week=1
日期范围: 2026-03-02 到 2026-03-08
查询结果数量: 0
[DEBUG] get_valid_student_ids_for_management_page: 来源1=0, 来源2=29, 来源3=0, 来源4=29, 来源5=6, union_ids=29, 最终有效学生数=29
API查询: month=2026-03, week=2
日期范围: 2026-03-09 到 2026-03-15
查询结果数量: 0
[DEBUG] get_valid_student_ids_for_management_page: 来源1=0, 来源2=29, 来源3=0, 来源4=29, 来源5=6, union_ids=29, 最终有效学生数=29
API查询: month=2026-03, week=1
日期范围: 2026-03-02 到 2026-03-08
查询结果数量: 0
[DEBUG] get_valid_student_ids_for_management_page: 来源1=0, 来源2=29, 来源3=0, 来源4=29, 来源5=6, union_ids=29, 最终有效学生数=29
API查询: month=2026-03, week=1
日期范围: 2026-03-02 到 2026-03-08
查询结果数量: 0
[DEBUG] get_valid_student_ids_for_management_page: 来源1=0, 来源2=29, 来源3=0, 来源4=29, 来源5=6, union_ids=29, 最终有效学生数=29
API查询: month=2026-03, week=1
日期范围: 2026-03-02 到 2026-03-08
查询结果数量: 0
[DEBUG] get_valid_student_ids_for_management_page: 来源1=0, 来源2=29, 来源3=0, 来源4=29, 来源5=6, union_ids=29, 最终有效学生数=29
API查询: month=2026-03, week=1
日期范围: 2026-03-02 到 2026-03-08
查询结果数量: 0
[DEBUG] get_valid_student_ids_for_management_page: 来源1=0, 来源2=29, 来源3=0, 来源4=29, 来源5=6, union_ids=29, 最终有效学生数=29
[DEBUG] get_valid_student_ids_for_management_page: 来源1=0, 来源2=29, 来源3=0, 来源4=29, 来源5=6, union_ids=29, 最终有效学生数=29
[DEBUG] get_valid_student_ids_for_management_page: 来源1=0, 来源2=29, 来源3=0, 来源4=29, 来源5=6, union_ids=29, 最终有效学生数=29
[DEBUG] get_valid_student_ids_for_management_page: 来源1=0, 来源2=29, 来源3=0, 来源4=29, 来源5=6, union_ids=29, 最终有效学生数=29
[DEBUG] get_valid_student_ids_for_management_page: 来源1=0, 来源2=29, 来源3=0, 来源4=29, 来源5=6, union_ids=29, 最终有效学生数=29
[DEBUG] get_valid_student_ids_for_management_page: 来源1=0, 来源2=29, 来源3=0, 来源4=29, 来源5=6, union_ids=29, 最终有效学生数=29
[DEBUG] get_valid_student_ids_for_management_page: 来源1=0, 来源2=29, 来源3=0, 来源4=29, 来源5=6, union_ids=29, 最终有效学生数=29
[DEBUG] get_valid_student_ids_for_management_page: 来源1=0, 来源2=29, 来源3=0, 来源4=29, 来源5=6, union_ids=29, 最终有效学生数=29
API查询: month=2026-03, week=1
日期范围: 2026-03-02 到 2026-03-08
查询结果数量: 0
[DEBUG] get_valid_student_ids_for_management_page: 来源1=0, 来源2=29, 来源3=0, 来源4=29, 来源5=6, union_ids=29, 最终有效学生数=29
API查询: month=2026-03, week=1
日期范围: 2026-03-02 到 2026-03-08
查询结果数量: 0
[DEBUG] get_valid_student_ids_for_management_page: 来源1=0, 来源2=29, 来源3=0, 来源4=29, 来源5=6, union_ids=29, 最终有效学生数=29
[DEBUG] get_valid_student_ids_for_management_page: 来源1=0, 来源2=29, 来源3=0, 来源4=29, 来源5=6, union_ids=29, 最终有效学生数=29
API查询: month=2026-03, week=2
日期范围: 2026-03-09 到 2026-03-15
查询结果数量: 0
[DEBUG] get_valid_student_ids_for_management_page: 来源1=0, 来源2=29, 来源3=0, 来源4=29, 来源5=6, union_ids=29, 最终有效学生数=29
[DEBUG] get_valid_student_ids_for_management_page: 来源1=0, 来源2=29, 来源3=0, 来源4=29, 来源5=6, union_ids=29, 最终有效学生数=29
API查询: month=2026-03, week=3
日期范围: 2026-03-16 到 2026-03-22
查询结果数量: 1
第一条记录日期: 2026-03-18
[DEBUG] get_valid_student_ids_for_management_page: 来源1=0, 来源2=29, 来源3=0, 来源4=29, 来源5=6, union_ids=29, 最终有效学生数=29
[DEBUG] get_valid_student_ids_for_management_page: 来源1=0, 来源2=29, 来源3=0, 来源4=29, 来源5=6, union_ids=29, 最终有效学生数=29
API查询: month=2026-03, week=1
日期范围: 2026-03-02 到 2026-03-08
查询结果数量: 0
[DEBUG] get_valid_student_ids_for_management_page: 来源1=0, 来源2=29, 来源3=0, 来源4=29, 来源5=6, union_ids=29, 最终有效学生数=29
[DEBUG] get_valid_student_ids_for_management_page: 来源1=0, 来源2=29, 来源3=0, 来源4=29, 来源5=6, union_ids=29, 最终有效学生数=29
[DEBUG] get_valid_student_ids_for_management_page: 来源1=0, 来源2=29, 来源3=0, 来源4=29, 来源5=6, union_ids=29, 最终有效学生数=29
API查询: month=2026-03, week=3
日期范围: 2026-03-16 到 2026-03-22
查询结果数量: 1
第一条记录日期: 2026-03-18
[DEBUG] get_valid_student_ids_for_management_page: 来源1=0, 来源2=29, 来源3=0, 来源4=29, 来源5=6, union_ids=29, 最终有效学生数=29
[DEBUG] get_valid_student_ids_for_management_page: 来源1=0, 来源2=29, 来源3=0, 来源4=29, 来源5=6, union_ids=29, 最终有效学生数=29
[DEBUG] get_valid_student_ids_for_management_page: 来源1=0, 来源2=29, 来源3=0, 来源4=29, 来源5=6, union_ids=29, 最终有效学生数=29
API查询: month=2026-03, week=4
日期范围: 2026-03-23 到 2026-03-29
查询结果数量: 2
第一条记录日期: 2026-03-28
[DEBUG] get_valid_student_ids_for_management_page: 来源1=0, 来源2=29, 来源3=0, 来源4=29, 来源5=6, union_ids=29, 最终有效学生数=29
[DEBUG] get_valid_student_ids_for_management_page: 来源1=0, 来源2=29, 来源3=0, 来源4=29, 来源5=6, union_ids=29, 最终有效学生数=29
[DEBUG] get_valid_student_ids_for_management_page: 来源1=0, 来源2=29, 来源3=0, 来源4=29, 来源5=6, union_ids=29, 最终有效学生数=29
API查询: month=2026-03, week=4
日期范围: 2026-03-23 到 2026-03-29
查询结果数量: 2
第一条记录日期: 2026-03-28
[DEBUG] get_valid_student_ids_for_management_page: 来源1=0, 来源2=29, 来源3=0, 来源4=29, 来源5=6, union_ids=29, 最终有效学生数=29
[DEBUG] get_valid_student_ids_for_management_page: 来源1=0, 来源2=29, 来源3=0, 来源4=29, 来源5=6, union_ids=29, 最终有效学生数=29
[DEBUG] get_valid_student_ids_for_management_page: 来源1=0, 来源2=29, 来源3=0, 来源4=29, 来源5=6, union_ids=29, 最终有效学生数=29
API查询: month=2026-04, week=1
日期范围: 2026-04-06 到 2026-04-12
查询结果数量: 1
第一条记录日期: 2026-04-11
[DEBUG] get_valid_student_ids_for_management_page: 来源1=0, 来源2=29, 来源3=0, 来源4=29, 来源5=6, union_ids=29, 最终有效学生数=29
[DEBUG] get_valid_student_ids_for_management_page: 来源1=0, 来源2=29, 来源3=0, 来源4=29, 来源5=6, union_ids=29, 最终有效学生数=29
[DEBUG] get_valid_student_ids_for_management_page: 来源1=0, 来源2=29, 来源3=0, 来源4=29, 来源5=6, union_ids=29, 最终有效学生数=29
API查询: month=2026-04, week=1
日期范围: 2026-04-06 到 2026-04-12
查询结果数量: 1
第一条记录日期: 2026-04-11
[DEBUG] get_valid_student_ids_for_management_page: 来源1=0, 来源2=29, 来源3=0, 来源4=29, 来源5=6, union_ids=29, 最终有效学生数=29
[DEBUG] get_valid_student_ids_for_management_page: 来源1=0, 来源2=29, 来源3=0, 来源4=29, 来源5=6, union_ids=29, 最终有效学生数=29
[DEBUG] get_valid_student_ids_for_management_page: 来源1=0, 来源2=29, 来源3=0, 来源4=29, 来源5=6, union_ids=29, 最终有效学生数=29
API查询: month=2026-03, week=4
日期范围: 2026-03-23 到 2026-03-29
查询结果数量: 2
第一条记录日期: 2026-03-28
[DEBUG] get_valid_student_ids_for_management_page: 来源1=0, 来源2=29, 来源3=0, 来源4=29, 来源5=6, union_ids=29, 最终有效学生数=29
[DEBUG] get_valid_student_ids_for_management_page: 来源1=0, 来源2=29, 来源3=0, 来源4=29, 来源5=6, union_ids=29, 最终有效学生数=29
[DEBUG] get_valid_student_ids_for_management_page: 来源1=0, 来源2=29, 来源3=0, 来源4=29, 来源5=6, union_ids=29, 最终有效学生数=29
API查询: month=2026-03, week=4
日期范围: 2026-03-23 到 2026-03-29
查询结果数量: 2
第一条记录日期: 2026-03-28
[DEBUG] get_valid_student_ids_for_management_page: 来源1=0, 来源2=29, 来源3=0, 来源4=29, 来源5=6, union_ids=29, 最终有效学生数=29
[DEBUG] get_valid_student_ids_for_management_page: 来源1=0, 来源2=29, 来源3=0, 来源4=29, 来源5=6, union_ids=29, 最终有效学生数=29
[DEBUG] get_valid_student_ids_for_management_page: 来源1=0, 来源2=29, 来源3=0, 来源4=29, 来源5=6, union_ids=29, 最终有效学生数=29
API查询: month=2026-04, week=1
日期范围: 2026-04-06 到 2026-04-12
查询结果数量: 1
第一条记录日期: 2026-04-11
[DEBUG] get_valid_student_ids_for_management_page: 来源1=0, 来源2=29, 来源3=0, 来源4=29, 来源5=6, union_ids=29, 最终有效学生数=29
[DEBUG] get_valid_student_ids_for_management_page: 来源1=0, 来源2=29, 来源3=0, 来源4=29, 来源5=6, union_ids=29, 最终有效学生数=29
[DEBUG] get_valid_student_ids_for_management_page: 来源1=0, 来源2=29, 来源3=0, 来源4=29, 来源5=6, union_ids=29, 最终有效学生数=29
API查询: month=2026-04, week=1
日期范围: 2026-04-06 到 2026-04-12
查询结果数量: 1
第一条记录日期: 2026-04-11
[DEBUG] get_valid_student_ids_for_management_page: 来源1=0, 来源2=29, 来源3=0, 来源4=29, 来源5=6, union_ids=29, 最终有效学生数=29
[DEBUG] get_valid_student_ids_for_management_page: 来源1=0, 来源2=29, 来源3=0, 来源4=29, 来源5=6, union_ids=29, 最终有效学生数=29
[DEBUG] get_valid_student_ids_for_management_page: 来源1=0, 来源2=29, 来源3=0, 来源4=29, 来源5=6, union_ids=29, 最终有效学生数=29
API查询: month=2026-03, week=4
日期范围: 2026-03-23 到 2026-03-29
查询结果数量: 2
第一条记录日期: 2026-03-28
[DEBUG] get_valid_student_ids_for_management_page: 来源1=0, 来源2=29, 来源3=0, 来源4=29, 来源5=6, union_ids=29, 最终有效学生数=29
[DEBUG] get_valid_student_ids_for_management_page: 来源1=0, 来源2=29, 来源3=0, 来源4=29, 来源5=6, union_ids=29, 最终有效学生数=29
[DEBUG] get_valid_student_ids_for_management_page: 来源1=0, 来源2=29, 来源3=0, 来源4=29, 来源5=6, union_ids=29, 最终有效学生数=29
API查询: month=2026-03, week=4
日期范围: 2026-03-23 到 2026-03-29
查询结果数量: 2
第一条记录日期: 2026-03-28
[DEBUG] get_valid_student_ids_for_management_page: 来源1=0, 来源2=29, 来源3=0, 来源4=29, 来源5=6, union_ids=29, 最终有效学生数=29
[DEBUG] get_valid_student_ids_for_management_page: 来源1=0, 来源2=29, 来源3=0, 来源4=29, 来源5=6, union_ids=29, 最终有效学生数=29
[DEBUG] get_valid_student_ids_for_management_page: 来源1=0, 来源2=29, 来源3=0, 来源4=29, 来源5=6, union_ids=29, 最终有效学生数=29
API查询: month=2026-03, week=3
日期范围: 2026-03-16 到 2026-03-22
查询结果数量: 1
第一条记录日期: 2026-03-18
[DEBUG] get_valid_student_ids_for_management_page: 来源1=0, 来源2=29, 来源3=0, 来源4=29, 来源5=6, union_ids=29, 最终有效学生数=29
[DEBUG] get_valid_student_ids_for_management_page: 来源1=0, 来源2=29, 来源3=0, 来源4=29, 来源5=6, union_ids=29, 最终有效学生数=29
[DEBUG] get_valid_student_ids_for_management_page: 来源1=0, 来源2=29, 来源3=0, 来源4=29, 来源5=6, union_ids=29, 最终有效学生数=29
API查询: month=2026-03, week=3
日期范围: 2026-03-16 到 2026-03-22
查询结果数量: 1
第一条记录日期: 2026-03-18
[DEBUG] get_valid_student_ids_for_management_page: 来源1=0, 来源2=29, 来源3=0, 来源4=29, 来源5=6, union_ids=29, 最终有效学生数=29
[DEBUG] get_valid_student_ids_for_management_page: 来源1=0, 来源2=29, 来源3=0, 来源4=29, 来源5=6, union_ids=29, 最终有效学生数=29
[DEBUG] get_valid_student_ids_for_management_page: 来源1=0, 来源2=29, 来源3=0, 来源4=29, 来源5=6, union_ids=29, 最终有效学生数=29
API查询: month=2026-03, week=4
日期范围: 2026-03-23 到 2026-03-29
查询结果数量: 2
第一条记录日期: 2026-03-28
[DEBUG] get_valid_student_ids_for_management_page: 来源1=0, 来源2=29, 来源3=0, 来源4=29, 来源5=6, union_ids=29, 最终有效学生数=29
[DEBUG] get_valid_student_ids_for_management_page: 来源1=0, 来源2=29, 来源3=0, 来源4=29, 来源5=6, union_ids=29, 最终有效学生数=29
[DEBUG] get_valid_student_ids_for_management_page: 来源1=0, 来源2=29, 来源3=0, 来源4=29, 来源5=6, union_ids=29, 最终有效学生数=29
API查询: month=2026-03, week=4
日期范围: 2026-03-23 到 2026-03-29
查询结果数量: 2
第一条记录日期: 2026-03-28
[DEBUG] get_valid_student_ids_for_management_page: 来源1=0, 来源2=29, 来源3=0, 来源4=29, 来源5=6, union_ids=29, 最终有效学生数=29
[DEBUG] get_valid_student_ids_for_management_page: 来源1=0, 来源2=29, 来源3=0, 来源4=29, 来源5=6, union_ids=29, 最终有效学生数=29
[DEBUG] get_valid_student_ids_for_management_page: 来源1=0, 来源2=29, 来源3=0, 来源4=29, 来源5=6, union_ids=29, 最终有效学生数=29
API查询: month=2026-04, week=1
日期范围: 2026-04-06 到 2026-04-12
查询结果数量: 1
第一条记录日期: 2026-04-11
[DEBUG] get_valid_student_ids_for_management_page: 来源1=0, 来源2=29, 来源3=0, 来源4=29, 来源5=6, union_ids=29, 最终有效学生数=29
[DEBUG] get_valid_student_ids_for_management_page: 来源1=0, 来源2=29, 来源3=0, 来源4=29, 来源5=6, union_ids=29, 最终有效学生数=29
[DEBUG] get_valid_student_ids_for_management_page: 来源1=0, 来源2=29, 来源3=0, 来源4=29, 来源5=6, union_ids=29, 最终有效学生数=29
API查询: month=2026-04, week=1
日期范围: 2026-04-06 到 2026-04-12
查询结果数量: 1
第一条记录日期: 2026-04-11
[DEBUG] get_valid_student_ids_for_management_page: 来源1=0, 来源2=29, 来源3=0, 来源4=29, 来源5=6, union_ids=29, 最终有效学生数=29
[DEBUG] get_valid_student_ids_for_management_page: 来源1=0, 来源2=29, 来源3=0, 来源4=29, 来源5=6, union_ids=29, 最终有效学生数=29
[DEBUG] get_valid_student_ids_for_management_page: 来源1=0, 来源2=29, 来源3=0, 来源4=29, 来源5=6, union_ids=29, 最终有效学生数=29
API查询: month=2026-03, week=3
日期范围: 2026-03-16 到 2026-03-22
查询结果数量: 1
第一条记录日期: 2026-03-18
[DEBUG] get_valid_student_ids_for_management_page: 来源1=0, 来源2=29, 来源3=0, 来源4=29, 来源5=6, union_ids=29, 最终有效学生数=29
[DEBUG] get_valid_student_ids_for_management_page: 来源1=0, 来源2=29, 来源3=0, 来源4=29, 来源5=6, union_ids=29, 最终有效学生数=29
[DEBUG] get_valid_student_ids_for_management_page: 来源1=0, 来源2=29, 来源3=0, 来源4=29, 来源5=6, union_ids=29, 最终有效学生数=29
API查询: month=2026-03, week=3
日期范围: 2026-03-16 到 2026-03-22
查询结果数量: 1
第一条记录日期: 2026-03-18
[DEBUG] get_valid_student_ids_for_management_page: 来源1=0, 来源2=29, 来源3=0, 来源4=29, 来源5=6, union_ids=29, 最终有效学生数=29
[DEBUG] get_valid_student_ids_for_management_page: 来源1=0, 来源2=29, 来源3=0, 来源4=29, 来源5=6, union_ids=29, 最终有效学生数=29
[DEBUG] get_valid_student_ids_for_management_page: 来源1=0, 来源2=29, 来源3=0, 来源4=29, 来源5=6, union_ids=29, 最终有效学生数=29
API查询: month=2026-03, week=4
日期范围: 2026-03-23 到 2026-03-29
查询结果数量: 2
第一条记录日期: 2026-03-28
[DEBUG] get_valid_student_ids_for_management_page: 来源1=0, 来源2=29, 来源3=0, 来源4=29, 来源5=6, union_ids=29, 最终有效学生数=29
[DEBUG] get_valid_student_ids_for_management_page: 来源1=0, 来源2=29, 来源3=0, 来源4=29, 来源5=6, union_ids=29, 最终有效学生数=29
[DEBUG] get_valid_student_ids_for_management_page: 来源1=0, 来源2=29, 来源3=0, 来源4=29, 来源5=6, union_ids=29, 最终有效学生数=29
API查询: month=2026-03, week=4
日期范围: 2026-03-23 到 2026-03-29
查询结果数量: 2
第一条记录日期: 2026-03-28
[DEBUG] get_valid_student_ids_for_management_page: 来源1=0, 来源2=29, 来源3=0, 来源4=29, 来源5=6, union_ids=29, 最终有效学生数=29
[DEBUG] get_valid_student_ids_for_management_page: 来源1=0, 来源2=29, 来源3=0, 来源4=29, 来源5=6, union_ids=29, 最终有效学生数=29
[DEBUG] get_valid_student_ids_for_management_page: 来源1=0, 来源2=29, 来源3=0, 来源4=29, 来源5=6, union_ids=29, 最终有效学生数=29
[DEBUG] get_valid_student_ids_for_management_page: 来源1=0, 来源2=29, 来源3=0, 来源4=29, 来源5=6, union_ids=29, 最终有效学生数=29
[DEBUG] get_valid_student_ids_for_management_page: 来源1=0, 来源2=29, 来源3=0, 来源4=29, 来源5=6, union_ids=29, 最终有效学生数=29
[DEBUG] get_valid_student_ids_for_management_page: 来源1=0, 来源2=29, 来源3=0, 来源4=29, 来源5=6, union_ids=29, 最终有效学生数=29
[DEBUG] get_valid_student_ids_for_management_page: 来源1=0, 来源2=29, 来源3=0, 来源4=29, 来源5=6, union_ids=29, 最终有效学生数=29
[DEBUG] get_valid_student_ids_for_management_page: 来源1=0, 来源2=29, 来源3=0, 来源4=29, 来源5=6, union_ids=29, 最终有效学生数=29
[DEBUG] get_valid_student_ids_for_management_page: 来源1=0, 来源2=29, 来源3=0, 来源4=29, 来源5=6, union_ids=29, 最终有效学生数=29
[DEBUG] get_valid_student_ids_for_management_page: 来源1=0, 来源2=29, 来源3=0, 来源4=29, 来源5=6, union_ids=29, 最终有效学生数=29
[DEBUG] get_valid_student_ids_for_management_page: 来源1=0, 来源2=29, 来源3=0, 来源4=29, 来源5=6, union_ids=29, 最终有效学生数=29
[DEBUG] get_valid_student_ids_for_management_page: 来源1=0, 来源2=29, 来源3=0, 来源4=29, 来源5=6, union_ids=29, 最终有效学生数=29
[DEBUG] get_valid_student_ids_for_management_page: 来源1=0, 来源2=29, 来源3=0, 来源4=29, 来源5=6, union_ids=29, 最终有效学生数=29
API查询: month=2026-03, week=3
日期范围: 2026-03-16 到 2026-03-22
查询结果数量: 0
[DEBUG] get_valid_student_ids_for_management_page: 来源1=0, 来源2=29, 来源3=0, 来源4=29, 来源5=6, union_ids=29, 最终有效学生数=29
API查询: month=2026-03, week=3
日期范围: 2026-03-16 到 2026-03-22
查询结果数量: 1
第一条记录日期: 2026-03-18
[DEBUG] get_valid_student_ids_for_management_page: 来源1=0, 来源2=29, 来源3=0, 来源4=29, 来源5=6, union_ids=29, 最终有效学生数=29
API查询: month=2026-03, week=3
日期范围: 2026-03-16 到 2026-03-22
查询结果数量: 0
[DEBUG] get_valid_student_ids_for_management_page: 来源1=0, 来源2=29, 来源3=0, 来源4=29, 来源5=6, union_ids=29, 最终有效学生数=29
API查询: month=2026-03, week=3
日期范围: 2026-03-16 到 2026-03-22
查询结果数量: 0
[DEBUG] get_valid_student_ids_for_management_page: 来源1=0, 来源2=29, 来源3=0, 来源4=29, 来源5=6, union_ids=29, 最终有效学生数=29
API查询: month=2026-03, week=3
日期范围: 2026-03-16 到 2026-03-22
查询结果数量: 0
[DEBUG] get_valid_student_ids_for_management_page: 来源1=0, 来源2=29, 来源3=0, 来源4=29, 来源5=6, union_ids=29, 最终有效学生数=29
API查询: month=2026-03, week=3
日期范围: 2026-03-16 到 2026-03-22
查询结果数量: 0
[DEBUG] get_valid_student_ids_for_management_page: 来源1=0, 来源2=29, 来源3=0, 来源4=29, 来源5=6, union_ids=29, 最终有效学生数=29
[DEBUG] get_valid_student_ids_for_management_page: 来源1=0, 来源2=29, 来源3=0, 来源4=29, 来源5=6, union_ids=29, 最终有效学生数=29
[DEBUG] get_valid_student_ids_for_management_page: 来源1=0, 来源2=29, 来源3=0, 来源4=29, 来源5=6, union_ids=29, 最终有效学生数=29
API查询: month=2026-03, week=3
日期范围: 2026-03-16 到 2026-03-22
查询结果数量: 1
第一条记录日期: 2026-03-18
[DEBUG] get_valid_student_ids_for_management_page: 来源1=0, 来源2=29, 来源3=0, 来源4=29, 来源5=6, union_ids=29, 最终有效学生数=29
[DEBUG] get_valid_student_ids_for_management_page: 来源1=0, 来源2=29, 来源3=0, 来源4=29, 来源5=6, union_ids=29, 最终有效学生数=29
[DEBUG] get_valid_student_ids_for_management_page: 来源1=0, 来源2=29, 来源3=0, 来源4=29, 来源5=6, union_ids=29, 最终有效学生数=29
API查询: month=2026-03, week=3
日期范围: 2026-03-16 到 2026-03-22
查询结果数量: 1
第一条记录日期: 2026-03-18
[DEBUG] get_valid_student_ids_for_management_page: 来源1=0, 来源2=29, 来源3=0, 来源4=29, 来源5=6, union_ids=29, 最终有效学生数=29
[DEBUG] get_valid_student_ids_for_management_page: 来源1=0, 来源2=29, 来源3=0, 来源4=29, 来源5=6, union_ids=29, 最终有效学生数=29
[DEBUG] get_valid_student_ids_for_management_page: 来源1=0, 来源2=29, 来源3=0, 来源4=29, 来源5=6, union_ids=29, 最终有效学生数=29
API查询: month=2026-03, week=2
日期范围: 2026-03-09 到 2026-03-15
查询结果数量: 0
[DEBUG] get_valid_student_ids_for_management_page: 来源1=0, 来源2=29, 来源3=0, 来源4=29, 来源5=6, union_ids=29, 最终有效学生数=29
[DEBUG] get_valid_student_ids_for_management_page: 来源1=0, 来源2=29, 来源3=0, 来源4=29, 来源5=6, union_ids=29, 最终有效学生数=29
[DEBUG] get_valid_student_ids_for_management_page: 来源1=0, 来源2=29, 来源3=0, 来源4=29, 来源5=6, union_ids=29, 最终有效学生数=29
API查询: month=2026-03, week=2
日期范围: 2026-03-09 到 2026-03-15
查询结果数量: 0
[DEBUG] get_valid_student_ids_for_management_page: 来源1=0, 来源2=29, 来源3=0, 来源4=29, 来源5=6, union_ids=29, 最终有效学生数=29
[DEBUG] get_valid_student_ids_for_management_page: 来源1=0, 来源2=29, 来源3=0, 来源4=29, 来源5=6, union_ids=29, 最终有效学生数=29
[DEBUG] get_valid_student_ids_for_management_page: 来源1=0, 来源2=29, 来源3=0, 来源4=29, 来源5=6, union_ids=29, 最终有效学生数=29
API查询: month=2026-03, week=3
日期范围: 2026-03-16 到 2026-03-22
查询结果数量: 1
第一条记录日期: 2026-03-18
[DEBUG] get_valid_student_ids_for_management_page: 来源1=0, 来源2=29, 来源3=0, 来源4=29, 来源5=6, union_ids=29, 最终有效学生数=29
[DEBUG] get_valid_student_ids_for_management_page: 来源1=0, 来源2=29, 来源3=0, 来源4=29, 来源5=6, union_ids=29, 最终有效学生数=29
[DEBUG] get_valid_student_ids_for_management_page: 来源1=0, 来源2=29, 来源3=0, 来源4=29, 来源5=6, union_ids=29, 最终有效学生数=29
API查询: month=2026-03, week=3
日期范围: 2026-03-16 到 2026-03-22
查询结果数量: 1
第一条记录日期: 2026-03-18
2026-03-22 15:48:17 - app - INFO - 日志系统初始化完成
2026-03-22 15:48:18 - app - INFO - 应用初始化完成，配置: default
 * Debugger is active!
学生表的excluded_from_scheduling字段已存在
学生表的默认上课时段字段已存在
学生表的默认上课星期字段已存在
学生表的source字段已存在
学生课程默认排课设置表已存在
教师表的status字段已存在
教师表的employment_type字段已存在
教师表的bio字段已存在
教师表的resume_path字段已存在
教师表的resume_filename字段已存在
学生课程表的时段字段已存在
学生课程表的教室字段已存在
学生课程表的试课状态字段已存在
学生课程表的备注字段已存在
课时统计表结构正常
缴费表的type字段已存在
老师课时表的incentive字段已存在
老师课时表的remark字段已存在
老师课时表的base_salary字段已存在
老师课时表的is_settled字段已存在
老师课时表的settled_at字段已存在
财务记录表的revenue_mode字段已存在
课时统计表的course_id字段已存在
老师课时表的course_id字段已存在
学生课程表的is_confirmed字段已存在
学生课程表的marketing_lead_id字段已存在
教师简历表已存在
用户权限表已存在
用户权限表的功能权限字段已存在
学生课程默认排课设置表已存在
学生课程默认排课设置表的 scheduling_paused 字段已存在
学生课程默认排课设置表的 default_teacher_id 字段已存在
学生课程默认排课设置表的 default_classroom 字段已存在
用户表的session_token字段已存在
营销线索表的 trial_status 字段已存在
学生表的 scheduling_paused 字段已存在
使用端口: 5000
教务管理系统后端API启动成功！
Debug模式: 已启用
API地址: http://localhost:5000
前端开发服务器: http://localhost:3000
2026-03-22 15:48:35 - app - INFO - 日志系统初始化完成
2026-03-22 15:48:36 - app - INFO - 应用初始化完成，配置: default
 * Debugger is active!
学生表的excluded_from_scheduling字段已存在
学生表的默认上课时段字段已存在
学生表的默认上课星期字段已存在
学生表的source字段已存在
学生课程默认排课设置表已存在
教师表的status字段已存在
教师表的employment_type字段已存在
教师表的bio字段已存在
教师表的resume_path字段已存在
教师表的resume_filename字段已存在
学生课程表的时段字段已存在
学生课程表的教室字段已存在
学生课程表的试课状态字段已存在
学生课程表的备注字段已存在
课时统计表结构正常
缴费表的type字段已存在
老师课时表的incentive字段已存在
老师课时表的remark字段已存在
老师课时表的base_salary字段已存在
老师课时表的is_settled字段已存在
老师课时表的settled_at字段已存在
财务记录表的revenue_mode字段已存在
课时统计表的course_id字段已存在
老师课时表的course_id字段已存在
学生课程表的is_confirmed字段已存在
学生课程表的marketing_lead_id字段已存在
教师简历表已存在
用户权限表已存在
用户权限表的功能权限字段已存在
学生课程默认排课设置表已存在
学生课程默认排课设置表的 scheduling_paused 字段已存在
学生课程默认排课设置表的 default_teacher_id 字段已存在
学生课程默认排课设置表的 default_classroom 字段已存在
用户表的session_token字段已存在
营销线索表的 trial_status 字段已存在
学生表的 scheduling_paused 字段已存在
使用端口: 5000
教务管理系统后端API启动成功！
Debug模式: 已启用
API地址: http://localhost:5000
前端开发服务器: http://localhost:3000
2026-03-22 15:48:43 - app - INFO - 日志系统初始化完成
2026-03-22 15:48:44 - app - INFO - 应用初始化完成，配置: default
 * Debugger is active!
学生表的excluded_from_scheduling字段已存在
学生表的默认上课时段字段已存在
学生表的默认上课星期字段已存在
学生表的source字段已存在
学生课程默认排课设置表已存在
教师表的status字段已存在
教师表的employment_type字段已存在
教师表的bio字段已存在
教师表的resume_path字段已存在
教师表的resume_filename字段已存在
学生课程表的时段字段已存在
学生课程表的教室字段已存在
学生课程表的试课状态字段已存在
学生课程表的备注字段已存在
课时统计表结构正常
缴费表的type字段已存在
老师课时表的incentive字段已存在
老师课时表的remark字段已存在
老师课时表的base_salary字段已存在
老师课时表的is_settled字段已存在
老师课时表的settled_at字段已存在
财务记录表的revenue_mode字段已存在
课时统计表的course_id字段已存在
老师课时表的course_id字段已存在
学生课程表的is_confirmed字段已存在
学生课程表的marketing_lead_id字段已存在
教师简历表已存在
用户权限表已存在
用户权限表的功能权限字段已存在
学生课程默认排课设置表已存在
学生课程默认排课设置表的 scheduling_paused 字段已存在
学生课程默认排课设置表的 default_teacher_id 字段已存在
学生课程默认排课设置表的 default_classroom 字段已存在
用户表的session_token字段已存在
营销线索表的 trial_status 字段已存在
学生表的 scheduling_paused 字段已存在
使用端口: 5000
教务管理系统后端API启动成功！
Debug模式: 已启用
API地址: http://localhost:5000
前端开发服务器: http://localhost:3000
[DEBUG] get_valid_student_ids_for_management_page: 来源1=0, 来源2=29, 来源3=0, 来源4=29, 来源5=6, union_ids=29, 最终有效学生数=29
[DEBUG] get_valid_student_ids_for_management_page: 来源1=0, 来源2=29, 来源3=0, 来源4=29, 来源5=6, union_ids=29, 最终有效学生数=29
[DEBUG] get_valid_student_ids_for_management_page: 来源1=0, 来源2=29, 来源3=0, 来源4=29, 来源5=6, union_ids=29, 最终有效学生数=29
[DEBUG] get_valid_student_ids_for_management_page: 来源1=0, 来源2=29, 来源3=0, 来源4=29, 来源5=6, union_ids=29, 最终有效学生数=29
[DEBUG] get_valid_student_ids_for_management_page: 来源1=0, 来源2=29, 来源3=0, 来源4=29, 来源5=6, union_ids=29, 最终有效学生数=29
[DEBUG] get_valid_student_ids_for_management_page: 来源1=0, 来源2=29, 来源3=0, 来源4=29, 来源5=6, union_ids=29, 最终有效学生数=29
[DEBUG] get_valid_student_ids_for_management_page: 来源1=0, 来源2=29, 来源3=0, 来源4=29, 来源5=6, union_ids=29, 最终有效学生数=29
[DEBUG] get_valid_student_ids_for_management_page: 来源1=0, 来源2=29, 来源3=0, 来源4=29, 来源5=6, union_ids=29, 最终有效学生数=29
[DEBUG] get_valid_student_ids_for_management_page: 来源1=0, 来源2=29, 来源3=0, 来源4=29, 来源5=6, union_ids=29, 最终有效学生数=29
[DEBUG] get_valid_student_ids_for_management_page: 来源1=0, 来源2=29, 来源3=0, 来源4=29, 来源5=6, union_ids=29, 最终有效学生数=29
[DEBUG] get_valid_student_ids_for_management_page: 来源1=0, 来源2=29, 来源3=0, 来源4=29, 来源5=6, union_ids=29, 最终有效学生数=29
API查询: month=2026-03, week=3
日期范围: 2026-03-16 到 2026-03-22
查询结果数量: 1
第一条记录日期: 2026-03-18
[DEBUG] get_valid_student_ids_for_management_page: 来源1=0, 来源2=29, 来源3=0, 来源4=29, 来源5=6, union_ids=29, 最终有效学生数=29
[DEBUG] get_valid_student_ids_for_management_page: 来源1=0, 来源2=29, 来源3=0, 来源4=29, 来源5=6, union_ids=29, 最终有效学生数=29
[DEBUG] get_valid_student_ids_for_management_page: 来源1=0, 来源2=29, 来源3=0, 来源4=29, 来源5=6, union_ids=29, 最终有效学生数=29
API查询: month=2026-03, week=3
日期范围: 2026-03-16 到 2026-03-22
查询结果数量: 0
[DEBUG] get_valid_student_ids_for_management_page: 来源1=0, 来源2=29, 来源3=0, 来源4=29, 来源5=6, union_ids=29, 最终有效学生数=29
API查询: month=2026-03, week=3
日期范围: 2026-03-16 到 2026-03-22
查询结果数量: 0
[DEBUG] get_valid_student_ids_for_management_page: 来源1=0, 来源2=29, 来源3=0, 来源4=29, 来源5=6, union_ids=29, 最终有效学生数=29
API查询: month=2026-03, week=3
日期范围: 2026-03-16 到 2026-03-22
查询结果数量: 0
[DEBUG] get_valid_student_ids_for_management_page: 来源1=0, 来源2=29, 来源3=0, 来源4=29, 来源5=6, union_ids=29, 最终有效学生数=29
API查询: month=2026-03, week=3
日期范围: 2026-03-16 到 2026-03-22
查询结果数量: 1
第一条记录日期: 2026-03-18
[DEBUG] get_valid_student_ids_for_management_page: 来源1=0, 来源2=29, 来源3=0, 来源4=29, 来源5=6, union_ids=29, 最终有效学生数=29
API查询: month=2026-03, week=3
日期范围: 2026-03-16 到 2026-03-22
查询结果数量: 0
[DEBUG] get_valid_student_ids_for_management_page: 来源1=0, 来源2=29, 来源3=0, 来源4=29, 来源5=6, union_ids=29, 最终有效学生数=29
[DEBUG] get_valid_student_ids_for_management_page: 来源1=0, 来源2=29, 来源3=0, 来源4=29, 来源5=6, union_ids=29, 最终有效学生数=29
[DEBUG] get_valid_student_ids_for_management_page: 来源1=0, 来源2=29, 来源3=0, 来源4=29, 来源5=6, union_ids=29, 最终有效学生数=29
API查询: month=2026-03, week=3
日期范围: 2026-03-16 到 2026-03-22
查询结果数量: 0
[DEBUG] get_valid_student_ids_for_management_page: 来源1=0, 来源2=29, 来源3=0, 来源4=29, 来源5=6, union_ids=29, 最终有效学生数=29
[DEBUG] get_valid_student_ids_for_management_page: 来源1=0, 来源2=29, 来源3=0, 来源4=29, 来源5=6, union_ids=29, 最终有效学生数=29
[DEBUG] get_valid_student_ids_for_management_page: 来源1=0, 来源2=29, 来源3=0, 来源4=29, 来源5=6, union_ids=29, 最终有效学生数=29
API查询: month=2026-03, week=3
日期范围: 2026-03-16 到 2026-03-22
查询结果数量: 1
第一条记录日期: 2026-03-18
[DEBUG] get_valid_student_ids_for_management_page: 来源1=0, 来源2=29, 来源3=0, 来源4=29, 来源5=6, union_ids=29, 最终有效学生数=29
[DEBUG] get_valid_student_ids_for_management_page: 来源1=0, 来源2=29, 来源3=0, 来源4=29, 来源5=6, union_ids=29, 最终有效学生数=29
[DEBUG] get_valid_student_ids_for_management_page: 来源1=0, 来源2=29, 来源3=0, 来源4=29, 来源5=6, union_ids=29, 最终有效学生数=29
API查询: month=2026-03, week=3
日期范围: 2026-03-16 到 2026-03-22
查询结果数量: 1
第一条记录日期: 2026-03-18
[DEBUG] get_valid_student_ids_for_management_page: 来源1=0, 来源2=29, 来源3=0, 来源4=29, 来源5=6, union_ids=29, 最终有效学生数=29
[DEBUG] get_valid_student_ids_for_management_page: 来源1=0, 来源2=29, 来源3=0, 来源4=29, 来源5=6, union_ids=29, 最终有效学生数=29
[DEBUG] get_valid_student_ids_for_management_page: 来源1=0, 来源2=29, 来源3=0, 来源4=29, 来源5=6, union_ids=29, 最终有效学生数=29
API查询: month=2026-03, week=3
日期范围: 2026-03-16 到 2026-03-22
查询结果数量: 1
第一条记录日期: 2026-03-18
[DEBUG] get_valid_student_ids_for_management_page: 来源1=0, 来源2=29, 来源3=0, 来源4=29, 来源5=6, union_ids=29, 最终有效学生数=29
[DEBUG] get_valid_student_ids_for_management_page: 来源1=0, 来源2=29, 来源3=0, 来源4=29, 来源5=6, union_ids=29, 最终有效学生数=29
[DEBUG] get_valid_student_ids_for_management_page: 来源1=0, 来源2=29, 来源3=0, 来源4=29, 来源5=6, union_ids=29, 最终有效学生数=29
API查询: month=2026-03, week=3
日期范围: 2026-03-16 到 2026-03-22
查询结果数量: 1
第一条记录日期: 2026-03-18
[DEBUG] get_valid_student_ids_for_management_page: 来源1=0, 来源2=29, 来源3=0, 来源4=29, 来源5=6, union_ids=29, 最终有效学生数=29
[DEBUG] get_valid_student_ids_for_management_page: 来源1=0, 来源2=29, 来源3=0, 来源4=29, 来源5=6, union_ids=29, 最终有效学生数=29
[DEBUG] get_valid_student_ids_for_management_page: 来源1=0, 来源2=29, 来源3=0, 来源4=29, 来源5=6, union_ids=29, 最终有效学生数=29
API查询: month=2026-03, week=3
日期范围: 2026-03-16 到 2026-03-22
查询结果数量: 1
第一条记录日期: 2026-03-18
[DEBUG] get_valid_student_ids_for_management_page: 来源1=0, 来源2=29, 来源3=0, 来源4=29, 来源5=6, union_ids=29, 最终有效学生数=29
[DEBUG] get_valid_student_ids_for_management_page: 来源1=0, 来源2=29, 来源3=0, 来源4=29, 来源5=6, union_ids=29, 最终有效学生数=29
[DEBUG] get_valid_student_ids_for_management_page: 来源1=0, 来源2=29, 来源3=0, 来源4=29, 来源5=6, union_ids=29, 最终有效学生数=29
API查询: month=2026-03, week=3
日期范围: 2026-03-16 到 2026-03-22
查询结果数量: 1
第一条记录日期: 2026-03-18
[DEBUG] get_valid_student_ids_for_management_page: 来源1=0, 来源2=29, 来源3=0, 来源4=29, 来源5=6, union_ids=29, 最终有效学生数=29
[DEBUG] get_valid_student_ids_for_management_page: 来源1=0, 来源2=29, 来源3=0, 来源4=29, 来源5=6, union_ids=29, 最终有效学生数=29
[DEBUG] get_valid_student_ids_for_management_page: 来源1=0, 来源2=29, 来源3=0, 来源4=29, 来源5=6, union_ids=29, 最终有效学生数=29
API查询: month=2026-03, week=3
日期范围: 2026-03-16 到 2026-03-22
查询结果数量: 1
第一条记录日期: 2026-03-18
2026-03-22 15:49:22 - app - INFO - 日志系统初始化完成
2026-03-22 15:49:24 - app - INFO - 应用初始化完成，配置: default
 * Debugger is active!
学生表的excluded_from_scheduling字段已存在
学生表的默认上课时段字段已存在
学生表的默认上课星期字段已存在
学生表的source字段已存在
学生课程默认排课设置表已存在
教师表的status字段已存在
教师表的employment_type字段已存在
教师表的bio字段已存在
教师表的resume_path字段已存在
教师表的resume_filename字段已存在
学生课程表的时段字段已存在
学生课程表的教室字段已存在
学生课程表的试课状态字段已存在
学生课程表的备注字段已存在
课时统计表结构正常
缴费表的type字段已存在
老师课时表的incentive字段已存在
老师课时表的remark字段已存在
老师课时表的base_salary字段已存在
老师课时表的is_settled字段已存在
老师课时表的settled_at字段已存在
财务记录表的revenue_mode字段已存在
课时统计表的course_id字段已存在
老师课时表的course_id字段已存在
学生课程表的is_confirmed字段已存在
学生课程表的marketing_lead_id字段已存在
教师简历表已存在
用户权限表已存在
用户权限表的功能权限字段已存在
学生课程默认排课设置表已存在
学生课程默认排课设置表的 scheduling_paused 字段已存在
学生课程默认排课设置表的 default_teacher_id 字段已存在
学生课程默认排课设置表的 default_classroom 字段已存在
用户表的session_token字段已存在
营销线索表的 trial_status 字段已存在
学生表的 scheduling_paused 字段已存在
使用端口: 5000
教务管理系统后端API启动成功！
Debug模式: 已启用
API地址: http://localhost:5000
前端开发服务器: http://localhost:3000
[DEBUG] get_valid_student_ids_for_management_page: 来源1=0, 来源2=29, 来源3=0, 来源4=29, 来源5=6, union_ids=29, 最终有效学生数=29
[DEBUG] get_valid_student_ids_for_management_page: 来源1=0, 来源2=29, 来源3=0, 来源4=29, 来源5=6, union_ids=29, 最终有效学生数=29
[DEBUG] get_valid_student_ids_for_management_page: 来源1=0, 来源2=29, 来源3=0, 来源4=29, 来源5=6, union_ids=29, 最终有效学生数=29
API查询: month=2026-03, week=3
日期范围: 2026-03-16 到 2026-03-22
查询结果数量: 1
第一条记录日期: 2026-03-18
[DEBUG] get_valid_student_ids_for_management_page: 来源1=0, 来源2=29, 来源3=0, 来源4=29, 来源5=6, union_ids=29, 最终有效学生数=29
[DEBUG] get_valid_student_ids_for_management_page: 来源1=0, 来源2=29, 来源3=0, 来源4=29, 来源5=6, union_ids=29, 最终有效学生数=29
[DEBUG] get_valid_student_ids_for_management_page: 来源1=0, 来源2=29, 来源3=0, 来源4=29, 来源5=6, union_ids=29, 最终有效学生数=29
[DEBUG] get_valid_student_ids_for_management_page: 来源1=0, 来源2=29, 来源3=0, 来源4=29, 来源5=6, union_ids=29, 最终有效学生数=29
[DEBUG] get_valid_student_ids_for_management_page: 来源1=0, 来源2=29, 来源3=0, 来源4=29, 来源5=6, union_ids=29, 最终有效学生数=29
[DEBUG] get_valid_student_ids_for_management_page: 来源1=0, 来源2=29, 来源3=0, 来源4=29, 来源5=6, union_ids=29, 最终有效学生数=29
[DEBUG] get_valid_student_ids_for_management_page: 来源1=0, 来源2=29, 来源3=0, 来源4=29, 来源5=6, union_ids=29, 最终有效学生数=29
[DEBUG] get_valid_student_ids_for_management_page: 来源1=0, 来源2=29, 来源3=0, 来源4=29, 来源5=6, union_ids=29, 最终有效学生数=29
[DEBUG] get_valid_student_ids_for_management_page: 来源1=0, 来源2=29, 来源3=0, 来源4=29, 来源5=6, union_ids=29, 最终有效学生数=29
[DEBUG] get_valid_student_ids_for_management_page: 来源1=0, 来源2=29, 来源3=0, 来源4=29, 来源5=6, union_ids=29, 最终有效学生数=29
[DEBUG] get_valid_student_ids_for_management_page: 来源1=0, 来源2=29, 来源3=0, 来源4=29, 来源5=6, union_ids=29, 最终有效学生数=29
[DEBUG] get_valid_student_ids_for_management_page: 来源1=0, 来源2=29, 来源3=0, 来源4=29, 来源5=6, union_ids=29, 最终有效学生数=29
[DEBUG] get_valid_student_ids_for_management_page: 来源1=0, 来源2=29, 来源3=0, 来源4=29, 来源5=6, union_ids=29, 最终有效学生数=29
API查询: month=2026-03, week=3
日期范围: 2026-03-16 到 2026-03-22
查询结果数量: 0
[DEBUG] get_valid_student_ids_for_management_page: 来源1=0, 来源2=29, 来源3=0, 来源4=29, 来源5=6, union_ids=29, 最终有效学生数=29
API查询: month=2026-03, week=3
日期范围: 2026-03-16 到 2026-03-22
查询结果数量: 0
[DEBUG] get_valid_student_ids_for_management_page: 来源1=0, 来源2=29, 来源3=0, 来源4=29, 来源5=6, union_ids=29, 最终有效学生数=29
API查询: month=2026-03, week=3
日期范围: 2026-03-16 到 2026-03-22
查询结果数量: 0
[DEBUG] get_valid_student_ids_for_management_page: 来源1=0, 来源2=29, 来源3=0, 来源4=29, 来源5=6, union_ids=29, 最终有效学生数=29
API查询: month=2026-03, week=3
日期范围: 2026-03-16 到 2026-03-22
查询结果数量: 0
[DEBUG] get_valid_student_ids_for_management_page: 来源1=0, 来源2=29, 来源3=0, 来源4=29, 来源5=6, union_ids=29, 最终有效学生数=29
API查询: month=2026-03, week=3
日期范围: 2026-03-16 到 2026-03-22
查询结果数量: 1
第一条记录日期: 2026-03-18
[DEBUG] get_valid_student_ids_for_management_page: 来源1=0, 来源2=29, 来源3=0, 来源4=29, 来源5=6, union_ids=29, 最终有效学生数=29
API查询: month=2026-03, week=3
日期范围: 2026-03-16 到 2026-03-22
查询结果数量: 0
[DEBUG] get_valid_student_ids_for_management_page: 来源1=0, 来源2=29, 来源3=0, 来源4=29, 来源5=6, union_ids=29, 最终有效学生数=29
[DEBUG] get_valid_student_ids_for_management_page: 来源1=0, 来源2=29, 来源3=0, 来源4=29, 来源5=6, union_ids=29, 最终有效学生数=29
[DEBUG] get_valid_student_ids_for_management_page: 来源1=0, 来源2=29, 来源3=0, 来源4=29, 来源5=6, union_ids=29, 最终有效学生数=29
API查询: month=2026-03, week=3
日期范围: 2026-03-16 到 2026-03-22
查询结果数量: 1
第一条记录日期: 2026-03-18
[DEBUG] get_valid_student_ids_for_management_page: 来源1=0, 来源2=29, 来源3=0, 来源4=29, 来源5=6, union_ids=29, 最终有效学生数=29
[DEBUG] get_valid_student_ids_for_management_page: 来源1=0, 来源2=29, 来源3=0, 来源4=29, 来源5=6, union_ids=29, 最终有效学生数=29
[DEBUG] get_valid_student_ids_for_management_page: 来源1=0, 来源2=29, 来源3=0, 来源4=29, 来源5=6, union_ids=29, 最终有效学生数=29
[DEBUG] get_valid_student_ids_for_management_page: 来源1=0, 来源2=29, 来源3=0, 来源4=29, 来源5=6, union_ids=29, 最终有效学生数=29
API查询: month=2026-03, week=4
日期范围: 2026-03-23 到 2026-03-29
查询结果数量: 2
第一条记录日期: 2026-03-28
[DEBUG] get_valid_student_ids_for_management_page: 来源1=0, 来源2=29, 来源3=0, 来源4=29, 来源5=6, union_ids=29, 最终有效学生数=29
[DEBUG] get_valid_student_ids_for_management_page: 来源1=0, 来源2=29, 来源3=0, 来源4=29, 来源5=6, union_ids=29, 最终有效学生数=29
[DEBUG] get_valid_student_ids_for_management_page: 来源1=0, 来源2=29, 来源3=0, 来源4=29, 来源5=6, union_ids=29, 最终有效学生数=29
[DEBUG] get_valid_student_ids_for_management_page: 来源1=0, 来源2=29, 来源3=0, 来源4=29, 来源5=6, union_ids=29, 最终有效学生数=29
[DEBUG] get_valid_student_ids_for_management_page: 来源1=0, 来源2=29, 来源3=0, 来源4=29, 来源5=6, union_ids=29, 最终有效学生数=29
[DEBUG] get_valid_student_ids_for_management_page: 来源1=0, 来源2=29, 来源3=0, 来源4=29, 来源5=6, union_ids=29, 最终有效学生数=29
[DEBUG] get_valid_student_ids_for_management_page: 来源1=0, 来源2=29, 来源3=0, 来源4=29, 来源5=6, union_ids=29, 最终有效学生数=29
[DEBUG] get_valid_student_ids_for_management_page: 来源1=0, 来源2=29, 来源3=0, 来源4=29, 来源5=6, union_ids=29, 最终有效学生数=29
[DEBUG] get_valid_student_ids_for_management_page: 来源1=0, 来源2=29, 来源3=0, 来源4=29, 来源5=6, union_ids=29, 最终有效学生数=29
[DEBUG] get_valid_student_ids_for_management_page: 来源1=0, 来源2=29, 来源3=0, 来源4=29, 来源5=6, union_ids=29, 最终有效学生数=29
[DEBUG] get_valid_student_ids_for_management_page: 来源1=0, 来源2=29, 来源3=0, 来源4=29, 来源5=6, union_ids=29, 最终有效学生数=29
API查询: month=2026-03, week=4
日期范围: 2026-03-23 到 2026-03-29
查询结果数量: 1
第一条记录日期: 2026-03-24
[DEBUG] get_valid_student_ids_for_management_page: 来源1=0, 来源2=29, 来源3=0, 来源4=29, 来源5=6, union_ids=29, 最终有效学生数=29
API查询: month=2026-03, week=4
日期范围: 2026-03-23 到 2026-03-29
查询结果数量: 0
[DEBUG] get_valid_student_ids_for_management_page: 来源1=0, 来源2=29, 来源3=0, 来源4=29, 来源5=6, union_ids=29, 最终有效学生数=29
API查询: month=2026-03, week=4
日期范围: 2026-03-23 到 2026-03-29
查询结果数量: 1
第一条记录日期: 2026-03-28
[DEBUG] get_valid_student_ids_for_management_page: 来源1=0, 来源2=29, 来源3=0, 来源4=29, 来源5=6, union_ids=29, 最终有效学生数=29
API查询: month=2026-03, week=4
日期范围: 2026-03-23 到 2026-03-29
查询结果数量: 0
[DEBUG] get_valid_student_ids_for_management_page: 来源1=0, 来源2=29, 来源3=0, 来源4=29, 来源5=6, union_ids=29, 最终有效学生数=29
[DEBUG] get_valid_student_ids_for_management_page: 来源1=0, 来源2=29, 来源3=0, 来源4=29, 来源5=6, union_ids=29, 最终有效学生数=29
API查询: month=2026-03, week=4
日期范围: 2026-03-23 到 2026-03-29
查询结果数量: 0
[DEBUG] get_valid_student_ids_for_management_page: 来源1=0, 来源2=29, 来源3=0, 来源4=29, 来源5=6, union_ids=29, 最终有效学生数=29
API查询: month=2026-03, week=4
日期范围: 2026-03-23 到 2026-03-29
查询结果数量: 0
[DEBUG] get_valid_student_ids_for_management_page: 来源1=0, 来源2=29, 来源3=0, 来源4=29, 来源5=6, union_ids=29, 最终有效学生数=29
[DEBUG] get_valid_student_ids_for_management_page: 来源1=0, 来源2=29, 来源3=0, 来源4=29, 来源5=6, union_ids=29, 最终有效学生数=29
[DEBUG] get_valid_student_ids_for_management_page: 来源1=0, 来源2=29, 来源3=0, 来源4=29, 来源5=6, union_ids=29, 最终有效学生数=29
API查询: month=2026-03, week=4
日期范围: 2026-03-23 到 2026-03-29
查询结果数量: 2
第一条记录日期: 2026-03-28
[DEBUG] get_valid_student_ids_for_management_page: 来源1=0, 来源2=29, 来源3=0, 来源4=29, 来源5=6, union_ids=29, 最终有效学生数=29
[DEBUG] get_valid_student_ids_for_management_page: 来源1=0, 来源2=29, 来源3=0, 来源4=29, 来源5=6, union_ids=29, 最终有效学生数=29
[DEBUG] get_valid_student_ids_for_management_page: 来源1=0, 来源2=29, 来源3=0, 来源4=29, 来源5=6, union_ids=29, 最终有效学生数=29
[DEBUG] get_valid_student_ids_for_management_page: 来源1=0, 来源2=29, 来源3=0, 来源4=29, 来源5=6, union_ids=29, 最终有效学生数=29
[DEBUG] get_valid_student_ids_for_management_page: 来源1=0, 来源2=29, 来源3=0, 来源4=29, 来源5=6, union_ids=29, 最终有效学生数=29
API查询: month=2026-04, week=1
日期范围: 2026-04-06 到 2026-04-12
查询结果数量: 1
第一条记录日期: 2026-04-11
[DEBUG] get_valid_student_ids_for_management_page: 来源1=0, 来源2=29, 来源3=0, 来源4=29, 来源5=6, union_ids=29, 最终有效学生数=29
[DEBUG] get_valid_student_ids_for_management_page: 来源1=0, 来源2=29, 来源3=0, 来源4=29, 来源5=6, union_ids=29, 最终有效学生数=29
[DEBUG] get_valid_student_ids_for_management_page: 来源1=0, 来源2=29, 来源3=0, 来源4=29, 来源5=6, union_ids=29, 最终有效学生数=29
[DEBUG] get_valid_student_ids_for_management_page: 来源1=0, 来源2=29, 来源3=0, 来源4=29, 来源5=6, union_ids=29, 最终有效学生数=29
[DEBUG] get_valid_student_ids_for_management_page: 来源1=0, 来源2=29, 来源3=0, 来源4=29, 来源5=6, union_ids=29, 最终有效学生数=29
[DEBUG] get_valid_student_ids_for_management_page: 来源1=0, 来源2=29, 来源3=0, 来源4=29, 来源5=6, union_ids=29, 最终有效学生数=29
[DEBUG] get_valid_student_ids_for_management_page: 来源1=0, 来源2=29, 来源3=0, 来源4=29, 来源5=6, union_ids=29, 最终有效学生数=29
[DEBUG] get_valid_student_ids_for_management_page: 来源1=0, 来源2=29, 来源3=0, 来源4=29, 来源5=6, union_ids=29, 最终有效学生数=29
[DEBUG] get_valid_student_ids_for_management_page: 来源1=0, 来源2=29, 来源3=0, 来源4=29, 来源5=6, union_ids=29, 最终有效学生数=29
[DEBUG] get_valid_student_ids_for_management_page: 来源1=0, 来源2=29, 来源3=0, 来源4=29, 来源5=6, union_ids=29, 最终有效学生数=29
API查询: month=2026-04, week=1
日期范围: 2026-04-06 到 2026-04-12
查询结果数量: 1
第一条记录日期: 2026-04-11
[DEBUG] get_valid_student_ids_for_management_page: 来源1=0, 来源2=29, 来源3=0, 来源4=29, 来源5=6, union_ids=29, 最终有效学生数=29
API查询: month=2026-04, week=1
日期范围: 2026-04-06 到 2026-04-12
查询结果数量: 0
[DEBUG] get_valid_student_ids_for_management_page: 来源1=0, 来源2=29, 来源3=0, 来源4=29, 来源5=6, union_ids=29, 最终有效学生数=29
API查询: month=2026-04, week=1
日期范围: 2026-04-06 到 2026-04-12
查询结果数量: 0
[DEBUG] get_valid_student_ids_for_management_page: 来源1=0, 来源2=29, 来源3=0, 来源4=29, 来源5=6, union_ids=29, 最终有效学生数=29
API查询: month=2026-04, week=1
日期范围: 2026-04-06 到 2026-04-12
查询结果数量: 0
[DEBUG] get_valid_student_ids_for_management_page: 来源1=0, 来源2=29, 来源3=0, 来源4=29, 来源5=6, union_ids=29, 最终有效学生数=29
API查询: month=2026-04, week=1
日期范围: 2026-04-06 到 2026-04-12
查询结果数量: 0
[DEBUG] get_valid_student_ids_for_management_page: 来源1=0, 来源2=29, 来源3=0, 来源4=29, 来源5=6, union_ids=29, 最终有效学生数=29
[DEBUG] get_valid_student_ids_for_management_page: 来源1=0, 来源2=29, 来源3=0, 来源4=29, 来源5=6, union_ids=29, 最终有效学生数=29
[DEBUG] get_valid_student_ids_for_management_page: 来源1=0, 来源2=29, 来源3=0, 来源4=29, 来源5=6, union_ids=29, 最终有效学生数=29
API查询: month=2026-04, week=1
日期范围: 2026-04-06 到 2026-04-12
查询结果数量: 0
[DEBUG] get_valid_student_ids_for_management_page: 来源1=0, 来源2=29, 来源3=0, 来源4=29, 来源5=6, union_ids=29, 最终有效学生数=29
[DEBUG] get_valid_student_ids_for_management_page: 来源1=0, 来源2=29, 来源3=0, 来源4=29, 来源5=6, union_ids=29, 最终有效学生数=29
API查询: month=2026-04, week=1
日期范围: 2026-04-06 到 2026-04-12
查询结果数量: 1
第一条记录日期: 2026-04-11
[DEBUG] get_valid_student_ids_for_management_page: 来源1=0, 来源2=29, 来源3=0, 来源4=29, 来源5=6, union_ids=29, 最终有效学生数=29
[DEBUG] get_valid_student_ids_for_management_page: 来源1=0, 来源2=29, 来源3=0, 来源4=29, 来源5=6, union_ids=29, 最终有效学生数=29
[DEBUG] get_valid_student_ids_for_management_page: 来源1=0, 来源2=29, 来源3=0, 来源4=29, 来源5=6, union_ids=29, 最终有效学生数=29
API查询: month=2026-03, week=3
日期范围: 2026-03-16 到 2026-03-22
查询结果数量: 1
第一条记录日期: 2026-03-18
[DEBUG] get_valid_student_ids_for_management_page: 来源1=0, 来源2=29, 来源3=0, 来源4=29, 来源5=6, union_ids=29, 最终有效学生数=29
[DEBUG] get_valid_student_ids_for_management_page: 来源1=0, 来源2=29, 来源3=0, 来源4=29, 来源5=6, union_ids=29, 最终有效学生数=29
[DEBUG] get_valid_student_ids_for_management_page: 来源1=0, 来源2=29, 来源3=0, 来源4=29, 来源5=6, union_ids=29, 最终有效学生数=29
API查询: month=2026-03, week=3
日期范围: 2026-03-16 到 2026-03-22
查询结果数量: 1
第一条记录日期: 2026-03-18
2026-03-22 15:51:47 - app - INFO - 日志系统初始化完成
2026-03-22 15:51:48 - app - INFO - 应用初始化完成，配置: default
 * Debugger is active!
学生表的excluded_from_scheduling字段已存在
学生表的默认上课时段字段已存在
学生表的默认上课星期字段已存在
学生表的source字段已存在
学生课程默认排课设置表已存在
教师表的status字段已存在
教师表的employment_type字段已存在
教师表的bio字段已存在
教师表的resume_path字段已存在
教师表的resume_filename字段已存在
学生课程表的时段字段已存在
学生课程表的教室字段已存在
学生课程表的试课状态字段已存在
学生课程表的备注字段已存在
课时统计表结构正常
缴费表的type字段已存在
老师课时表的incentive字段已存在
老师课时表的remark字段已存在
老师课时表的base_salary字段已存在
老师课时表的is_settled字段已存在
老师课时表的settled_at字段已存在
财务记录表的revenue_mode字段已存在
课时统计表的course_id字段已存在
老师课时表的course_id字段已存在
学生课程表的is_confirmed字段已存在
学生课程表的marketing_lead_id字段已存在
教师简历表已存在
用户权限表已存在
用户权限表的功能权限字段已存在
学生课程默认排课设置表已存在
学生课程默认排课设置表的 scheduling_paused 字段已存在
学生课程默认排课设置表的 default_teacher_id 字段已存在
学生课程默认排课设置表的 default_classroom 字段已存在
用户表的session_token字段已存在
营销线索表的 trial_status 字段已存在
学生表的 scheduling_paused 字段已存在
使用端口: 5000
教务管理系统后端API启动成功！
Debug模式: 已启用
API地址: http://localhost:5000
前端开发服务器: http://localhost:3000
[DEBUG] get_valid_student_ids_for_management_page: 来源1=0, 来源2=29, 来源3=0, 来源4=29, 来源5=6, union_ids=29, 最终有效学生数=29
[DEBUG] get_valid_student_ids_for_management_page: 来源1=0, 来源2=29, 来源3=0, 来源4=29, 来源5=6, union_ids=29, 最终有效学生数=29
[DEBUG] get_valid_student_ids_for_management_page: 来源1=0, 来源2=29, 来源3=0, 来源4=29, 来源5=6, union_ids=29, 最终有效学生数=29
[DEBUG] get_valid_student_ids_for_management_page: 来源1=0, 来源2=29, 来源3=0, 来源4=29, 来源5=6, union_ids=29, 最终有效学生数=29
[DEBUG] get_valid_student_ids_for_management_page: 来源1=0, 来源2=29, 来源3=0, 来源4=29, 来源5=6, union_ids=29, 最终有效学生数=29
[DEBUG] get_valid_student_ids_for_management_page: 来源1=0, 来源2=29, 来源3=0, 来源4=29, 来源5=6, union_ids=29, 最终有效学生数=29
[DEBUG] get_valid_student_ids_for_management_page: 来源1=0, 来源2=29, 来源3=0, 来源4=29, 来源5=6, union_ids=29, 最终有效学生数=29
[DEBUG] get_valid_student_ids_for_management_page: 来源1=0, 来源2=29, 来源3=0, 来源4=29, 来源5=6, union_ids=29, 最终有效学生数=29
[DEBUG] get_valid_student_ids_for_management_page: 来源1=0, 来源2=29, 来源3=0, 来源4=29, 来源5=6, union_ids=29, 最终有效学生数=29
[DEBUG] get_valid_student_ids_for_management_page: 来源1=0, 来源2=29, 来源3=0, 来源4=29, 来源5=6, union_ids=29, 最终有效学生数=29
[DEBUG] get_valid_student_ids_for_management_page: 来源1=0, 来源2=29, 来源3=0, 来源4=29, 来源5=6, union_ids=29, 最终有效学生数=29
[DEBUG] get_valid_student_ids_for_management_page: 来源1=0, 来源2=29, 来源3=0, 来源4=29, 来源5=6, union_ids=29, 最终有效学生数=29
API查询: month=2026-03, week=3
日期范围: 2026-03-16 到 2026-03-22
查询结果数量: 0
[DEBUG] get_valid_student_ids_for_management_page: 来源1=0, 来源2=29, 来源3=0, 来源4=29, 来源5=6, union_ids=29, 最终有效学生数=29
API查询: month=2026-03, week=3
日期范围: 2026-03-16 到 2026-03-22
查询结果数量: 1
第一条记录日期: 2026-03-18
[DEBUG] get_valid_student_ids_for_management_page: 来源1=0, 来源2=29, 来源3=0, 来源4=29, 来源5=6, union_ids=29, 最终有效学生数=29
API查询: month=2026-03, week=3
日期范围: 2026-03-16 到 2026-03-22
查询结果数量: 0
[DEBUG] get_valid_student_ids_for_management_page: 来源1=0, 来源2=29, 来源3=0, 来源4=29, 来源5=6, union_ids=29, 最终有效学生数=29
API查询: month=2026-03, week=3
日期范围: 2026-03-16 到 2026-03-22
查询结果数量: 0
[DEBUG] get_valid_student_ids_for_management_page: 来源1=0, 来源2=29, 来源3=0, 来源4=29, 来源5=6, union_ids=29, 最终有效学生数=29
API查询: month=2026-03, week=3
日期范围: 2026-03-16 到 2026-03-22
查询结果数量: 1
第一条记录日期: 2026-03-18
[DEBUG] get_valid_student_ids_for_management_page: 来源1=0, 来源2=29, 来源3=0, 来源4=29, 来源5=6, union_ids=29, 最终有效学生数=29
[DEBUG] get_valid_student_ids_for_management_page: 来源1=0, 来源2=29, 来源3=0, 来源4=29, 来源5=6, union_ids=29, 最终有效学生数=29
[DEBUG] get_valid_student_ids_for_management_page: 来源1=0, 来源2=29, 来源3=0, 来源4=29, 来源5=6, union_ids=29, 最终有效学生数=29
API查询: month=2026-03, week=3
日期范围: 2026-03-16 到 2026-03-22
查询结果数量: 0
[DEBUG] get_valid_student_ids_for_management_page: 来源1=0, 来源2=29, 来源3=0, 来源4=29, 来源5=6, union_ids=29, 最终有效学生数=29
[DEBUG] get_valid_student_ids_for_management_page: 来源1=0, 来源2=29, 来源3=0, 来源4=29, 来源5=6, union_ids=29, 最终有效学生数=29
[DEBUG] get_valid_student_ids_for_management_page: 来源1=0, 来源2=29, 来源3=0, 来源4=29, 来源5=6, union_ids=29, 最终有效学生数=29
[DEBUG] get_valid_student_ids_for_management_page: 来源1=0, 来源2=29, 来源3=0, 来源4=29, 来源5=6, union_ids=29, 最终有效学生数=29
API查询: month=2026-03, week=3
日期范围: 2026-03-16 到 2026-03-22
查询结果数量: 0
[DEBUG] get_valid_student_ids_for_management_page: 来源1=0, 来源2=29, 来源3=0, 来源4=29, 来源5=6, union_ids=29, 最终有效学生数=29
API查询: month=2026-03, week=3
日期范围: 2026-03-16 到 2026-03-22
查询结果数量: 1
第一条记录日期: 2026-03-18
[DEBUG] get_valid_student_ids_for_management_page: 来源1=0, 来源2=29, 来源3=0, 来源4=29, 来源5=6, union_ids=29, 最终有效学生数=29
[DEBUG] get_valid_student_ids_for_management_page: 来源1=0, 来源2=29, 来源3=0, 来源4=29, 来源5=6, union_ids=29, 最终有效学生数=29
[DEBUG] get_valid_student_ids_for_management_page: 来源1=0, 来源2=29, 来源3=0, 来源4=29, 来源5=6, union_ids=29, 最终有效学生数=29
API查询: month=2026-03, week=3
日期范围: 2026-03-16 到 2026-03-22
查询结果数量: 1
第一条记录日期: 2026-03-18
[DEBUG] get_valid_student_ids_for_management_page: 来源1=0, 来源2=29, 来源3=0, 来源4=29, 来源5=6, union_ids=29, 最终有效学生数=29
[DEBUG] get_valid_student_ids_for_management_page: 来源1=0, 来源2=29, 来源3=0, 来源4=29, 来源5=6, union_ids=29, 最终有效学生数=29
[DEBUG] get_valid_student_ids_for_management_page: 来源1=0, 来源2=29, 来源3=0, 来源4=29, 来源5=6, union_ids=29, 最终有效学生数=29
API查询: month=2026-03, week=3
日期范围: 2026-03-16 到 2026-03-22
查询结果数量: 1
第一条记录日期: 2026-03-18
[DEBUG] get_valid_student_ids_for_management_page: 来源1=0, 来源2=29, 来源3=0, 来源4=29, 来源5=6, union_ids=29, 最终有效学生数=29
[DEBUG] get_valid_student_ids_for_management_page: 来源1=0, 来源2=29, 来源3=0, 来源4=29, 来源5=6, union_ids=29, 最终有效学生数=29
[DEBUG] get_valid_student_ids_for_management_page: 来源1=0, 来源2=29, 来源3=0, 来源4=29, 来源5=6, union_ids=29, 最终有效学生数=29
API查询: month=2026-03, week=3
日期范围: 2026-03-16 到 2026-03-22
查询结果数量: 1
第一条记录日期: 2026-03-18
[DEBUG] get_valid_student_ids_for_management_page: 来源1=0, 来源2=29, 来源3=0, 来源4=29, 来源5=6, union_ids=29, 最终有效学生数=29
[DEBUG] get_valid_student_ids_for_management_page: 来源1=0, 来源2=29, 来源3=0, 来源4=29, 来源5=6, union_ids=29, 最终有效学生数=29
[DEBUG] get_valid_student_ids_for_management_page: 来源1=0, 来源2=29, 来源3=0, 来源4=29, 来源5=6, union_ids=29, 最终有效学生数=29
[DEBUG] get_valid_student_ids_for_management_page: 来源1=0, 来源2=29, 来源3=0, 来源4=29, 来源5=6, union_ids=29, 最终有效学生数=29
[DEBUG] get_valid_student_ids_for_management_page: 来源1=0, 来源2=29, 来源3=0, 来源4=29, 来源5=6, union_ids=29, 最终有效学生数=29
[DEBUG] get_valid_student_ids_for_management_page: 来源1=0, 来源2=29, 来源3=0, 来源4=29, 来源5=6, union_ids=29, 最终有效学生数=29
[DEBUG] get_valid_student_ids_for_management_page: 来源1=0, 来源2=29, 来源3=0, 来源4=29, 来源5=6, union_ids=29, 最终有效学生数=29
[DEBUG] get_valid_student_ids_for_management_page: 来源1=0, 来源2=29, 来源3=0, 来源4=29, 来源5=6, union_ids=29, 最终有效学生数=29
[DEBUG] get_valid_student_ids_for_management_page: 来源1=0, 来源2=29, 来源3=0, 来源4=29, 来源5=6, union_ids=29, 最终有效学生数=29
[DEBUG] get_valid_student_ids_for_management_page: 来源1=0, 来源2=29, 来源3=0, 来源4=29, 来源5=6, union_ids=29, 最终有效学生数=29
[DEBUG] get_valid_student_ids_for_management_page: 来源1=0, 来源2=29, 来源3=0, 来源4=29, 来源5=6, union_ids=29, 最终有效学生数=29
[DEBUG] get_valid_student_ids_for_management_page: 来源1=0, 来源2=29, 来源3=0, 来源4=29, 来源5=6, union_ids=29, 最终有效学生数=29
API查询: month=2026-03, week=4
日期范围: 2026-03-23 到 2026-03-29
查询结果数量: 1
第一条记录日期: 2026-03-24
[DEBUG] get_valid_student_ids_for_management_page: 来源1=0, 来源2=29, 来源3=0, 来源4=29, 来源5=6, union_ids=29, 最终有效学生数=29
API查询: month=2026-03, week=4
日期范围: 2026-03-23 到 2026-03-29
查询结果数量: 0
[DEBUG] get_valid_student_ids_for_management_page: 来源1=0, 来源2=29, 来源3=0, 来源4=29, 来源5=6, union_ids=29, 最终有效学生数=29
API查询: month=2026-03, week=4
日期范围: 2026-03-23 到 2026-03-29
查询结果数量: 0
[DEBUG] get_valid_student_ids_for_management_page: 来源1=0, 来源2=29, 来源3=0, 来源4=29, 来源5=6, union_ids=29, 最终有效学生数=29
API查询: month=2026-03, week=4
日期范围: 2026-03-23 到 2026-03-29
查询结果数量: 0
[DEBUG] get_valid_student_ids_for_management_page: 来源1=0, 来源2=29, 来源3=0, 来源4=29, 来源5=6, union_ids=29, 最终有效学生数=29
API查询: month=2026-03, week=4
日期范围: 2026-03-23 到 2026-03-29
查询结果数量: 1
第一条记录日期: 2026-03-28
[DEBUG] get_valid_student_ids_for_management_page: 来源1=0, 来源2=29, 来源3=0, 来源4=29, 来源5=6, union_ids=29, 最终有效学生数=29
[DEBUG] get_valid_student_ids_for_management_page: 来源1=0, 来源2=29, 来源3=0, 来源4=29, 来源5=6, union_ids=29, 最终有效学生数=29
[DEBUG] get_valid_student_ids_for_management_page: 来源1=0, 来源2=29, 来源3=0, 来源4=29, 来源5=6, union_ids=29, 最终有效学生数=29
API查询: month=2026-03, week=4
日期范围: 2026-03-23 到 2026-03-29
查询结果数量: 0
[DEBUG] get_valid_student_ids_for_management_page: 来源1=0, 来源2=29, 来源3=0, 来源4=29, 来源5=6, union_ids=29, 最终有效学生数=29
[DEBUG] get_valid_student_ids_for_management_page: 来源1=0, 来源2=29, 来源3=0, 来源4=29, 来源5=6, union_ids=29, 最终有效学生数=29
API查询: month=2026-03, week=4
日期范围: 2026-03-23 到 2026-03-29
查询结果数量: 2
第一条记录日期: 2026-03-28
[DEBUG] get_valid_student_ids_for_management_page: 来源1=0, 来源2=29, 来源3=0, 来源4=29, 来源5=6, union_ids=29, 最终有效学生数=29
[DEBUG] get_valid_student_ids_for_management_page: 来源1=0, 来源2=29, 来源3=0, 来源4=29, 来源5=6, union_ids=29, 最终有效学生数=29
[DEBUG] get_valid_student_ids_for_management_page: 来源1=0, 来源2=29, 来源3=0, 来源4=29, 来源5=6, union_ids=29, 最终有效学生数=29
API查询: month=2026-03, week=4
日期范围: 2026-03-23 到 2026-03-29
查询结果数量: 2
第一条记录日期: 2026-03-28
[DEBUG] get_valid_student_ids_for_management_page: 来源1=0, 来源2=29, 来源3=0, 来源4=29, 来源5=6, union_ids=29, 最终有效学生数=29
[DEBUG] get_valid_student_ids_for_management_page: 来源1=0, 来源2=29, 来源3=0, 来源4=29, 来源5=6, union_ids=29, 最终有效学生数=29
[DEBUG] get_valid_student_ids_for_management_page: 来源1=0, 来源2=29, 来源3=0, 来源4=29, 来源5=6, union_ids=29, 最终有效学生数=29
API查询: month=2026-03, week=4
日期范围: 2026-03-23 到 2026-03-29
查询结果数量: 2
第一条记录日期: 2026-03-28
[DEBUG] get_valid_student_ids_for_management_page: 来源1=0, 来源2=29, 来源3=0, 来源4=29, 来源5=6, union_ids=29, 最终有效学生数=29
[DEBUG] get_valid_student_ids_for_management_page: 来源1=0, 来源2=29, 来源3=0, 来源4=29, 来源5=6, union_ids=29, 最终有效学生数=29
[DEBUG] get_valid_student_ids_for_management_page: 来源1=0, 来源2=29, 来源3=0, 来源4=29, 来源5=6, union_ids=29, 最终有效学生数=29
API查询: month=2026-03, week=3
日期范围: 2026-03-16 到 2026-03-22
查询结果数量: 1
第一条记录日期: 2026-03-18
[DEBUG] get_valid_student_ids_for_management_page: 来源1=0, 来源2=29, 来源3=0, 来源4=29, 来源5=6, union_ids=29, 最终有效学生数=29
[DEBUG] get_valid_student_ids_for_management_page: 来源1=0, 来源2=29, 来源3=0, 来源4=29, 来源5=6, union_ids=29, 最终有效学生数=29
[DEBUG] get_valid_student_ids_for_management_page: 来源1=0, 来源2=29, 来源3=0, 来源4=29, 来源5=6, union_ids=29, 最终有效学生数=29
API查询: month=2026-03, week=3
日期范围: 2026-03-16 到 2026-03-22
查询结果数量: 1
第一条记录日期: 2026-03-18
[DEBUG] get_valid_student_ids_for_management_page: 来源1=0, 来源2=29, 来源3=0, 来源4=29, 来源5=6, union_ids=29, 最终有效学生数=29
[DEBUG] get_valid_student_ids_for_management_page: 来源1=0, 来源2=29, 来源3=0, 来源4=29, 来源5=6, union_ids=29, 最终有效学生数=29
[DEBUG] get_valid_student_ids_for_management_page: 来源1=0, 来源2=29, 来源3=0, 来源4=29, 来源5=6, union_ids=29, 最终有效学生数=29
API查询: month=2026-03, week=4
日期范围: 2026-03-23 到 2026-03-29
查询结果数量: 2
第一条记录日期: 2026-03-28
[DEBUG] get_valid_student_ids_for_management_page: 来源1=0, 来源2=29, 来源3=0, 来源4=29, 来源5=6, union_ids=29, 最终有效学生数=29
[DEBUG] get_valid_student_ids_for_management_page: 来源1=0, 来源2=29, 来源3=0, 来源4=29, 来源5=6, union_ids=29, 最终有效学生数=29
[DEBUG] get_valid_student_ids_for_management_page: 来源1=0, 来源2=29, 来源3=0, 来源4=29, 来源5=6, union_ids=29, 最终有效学生数=29
API查询: month=2026-03, week=4
日期范围: 2026-03-23 到 2026-03-29
查询结果数量: 2
第一条记录日期: 2026-03-28
[DEBUG] get_valid_student_ids_for_management_page: 来源1=0, 来源2=29, 来源3=0, 来源4=29, 来源5=6, union_ids=29, 最终有效学生数=29
[DEBUG] get_valid_student_ids_for_management_page: 来源1=0, 来源2=29, 来源3=0, 来源4=29, 来源5=6, union_ids=29, 最终有效学生数=29
[DEBUG] get_valid_student_ids_for_management_page: 来源1=0, 来源2=29, 来源3=0, 来源4=29, 来源5=6, union_ids=29, 最终有效学生数=29
[DEBUG] get_valid_student_ids_for_management_page: 来源1=0, 来源2=29, 来源3=0, 来源4=29, 来源5=6, union_ids=29, 最终有效学生数=29
[DEBUG] get_valid_student_ids_for_management_page: 来源1=0, 来源2=29, 来源3=0, 来源4=29, 来源5=6, union_ids=29, 最终有效学生数=29
[DEBUG] get_valid_student_ids_for_management_page: 来源1=0, 来源2=29, 来源3=0, 来源4=29, 来源5=6, union_ids=29, 最终有效学生数=29
[DEBUG] get_valid_student_ids_for_management_page: 来源1=0, 来源2=29, 来源3=0, 来源4=29, 来源5=6, union_ids=29, 最终有效学生数=29
[DEBUG] get_valid_student_ids_for_management_page: 来源1=0, 来源2=29, 来源3=0, 来源4=29, 来源5=6, union_ids=29, 最终有效学生数=29
[DEBUG] get_valid_student_ids_for_management_page: 来源1=0, 来源2=29, 来源3=0, 来源4=29, 来源5=6, union_ids=29, 最终有效学生数=29
[DEBUG] get_valid_student_ids_for_management_page: 来源1=0, 来源2=29, 来源3=0, 来源4=29, 来源5=6, union_ids=29, 最终有效学生数=29
[DEBUG] get_valid_student_ids_for_management_page: 来源1=0, 来源2=29, 来源3=0, 来源4=29, 来源5=6, union_ids=29, 最终有效学生数=29
[DEBUG] get_valid_student_ids_for_management_page: 来源1=0, 来源2=29, 来源3=0, 来源4=29, 来源5=6, union_ids=29, 最终有效学生数=29
API查询: month=2026-04, week=1
日期范围: 2026-04-06 到 2026-04-12
查询结果数量: 0
[DEBUG] get_valid_student_ids_for_management_page: 来源1=0, 来源2=29, 来源3=0, 来源4=29, 来源5=6, union_ids=29, 最终有效学生数=29
API查询: month=2026-04, week=1
日期范围: 2026-04-06 到 2026-04-12
查询结果数量: 1
第一条记录日期: 2026-04-11
[DEBUG] get_valid_student_ids_for_management_page: 来源1=0, 来源2=29, 来源3=0, 来源4=29, 来源5=6, union_ids=29, 最终有效学生数=29
API查询: month=2026-04, week=1
日期范围: 2026-04-06 到 2026-04-12
查询结果数量: 0
[DEBUG] get_valid_student_ids_for_management_page: 来源1=0, 来源2=29, 来源3=0, 来源4=29, 来源5=6, union_ids=29, 最终有效学生数=29
[DEBUG] get_valid_student_ids_for_management_page: 来源1=0, 来源2=29, 来源3=0, 来源4=29, 来源5=6, union_ids=29, 最终有效学生数=29
API查询: month=2026-04, week=1
日期范围: 2026-04-06 到 2026-04-12
查询结果数量: 0
[DEBUG] get_valid_student_ids_for_management_page: 来源1=0, 来源2=29, 来源3=0, 来源4=29, 来源5=6, union_ids=29, 最终有效学生数=29
API查询: month=2026-04, week=1
日期范围: 2026-04-06 到 2026-04-12
查询结果数量: 0
[DEBUG] get_valid_student_ids_for_management_page: 来源1=0, 来源2=29, 来源3=0, 来源4=29, 来源5=6, union_ids=29, 最终有效学生数=29
[DEBUG] get_valid_student_ids_for_management_page: 来源1=0, 来源2=29, 来源3=0, 来源4=29, 来源5=6, union_ids=29, 最终有效学生数=29
API查询: month=2026-04, week=1
日期范围: 2026-04-06 到 2026-04-12
查询结果数量: 0
[DEBUG] get_valid_student_ids_for_management_page: 来源1=0, 来源2=29, 来源3=0, 来源4=29, 来源5=6, union_ids=29, 最终有效学生数=29
[DEBUG] get_valid_student_ids_for_management_page: 来源1=0, 来源2=29, 来源3=0, 来源4=29, 来源5=6, union_ids=29, 最终有效学生数=29
[DEBUG] get_valid_student_ids_for_management_page: 来源1=0, 来源2=29, 来源3=0, 来源4=29, 来源5=6, union_ids=29, 最终有效学生数=29
API查询: month=2026-04, week=1
日期范围: 2026-04-06 到 2026-04-12
查询结果数量: 1
第一条记录日期: 2026-04-11
[DEBUG] get_valid_student_ids_for_management_page: 来源1=0, 来源2=29, 来源3=0, 来源4=29, 来源5=6, union_ids=29, 最终有效学生数=29
[DEBUG] get_valid_student_ids_for_management_page: 来源1=0, 来源2=29, 来源3=0, 来源4=29, 来源5=6, union_ids=29, 最终有效学生数=29
API查询: month=2026-03, week=3
日期范围: 2026-03-16 到 2026-03-22
查询结果数量: 1
第一条记录日期: 2026-03-18
[DEBUG] get_valid_student_ids_for_management_page: 来源1=0, 来源2=29, 来源3=0, 来源4=29, 来源5=6, union_ids=29, 最终有效学生数=29
[DEBUG] get_valid_student_ids_for_management_page: 来源1=0, 来源2=29, 来源3=0, 来源4=29, 来源5=6, union_ids=29, 最终有效学生数=29
[DEBUG] get_valid_student_ids_for_management_page: 来源1=0, 来源2=29, 来源3=0, 来源4=29, 来源5=6, union_ids=29, 最终有效学生数=29
API查询: month=2026-04, week=1
日期范围: 2026-04-06 到 2026-04-12
查询结果数量: 1
第一条记录日期: 2026-04-11
[DEBUG] get_valid_student_ids_for_management_page: 来源1=0, 来源2=29, 来源3=0, 来源4=29, 来源5=6, union_ids=29, 最终有效学生数=29
[DEBUG] get_valid_student_ids_for_management_page: 来源1=0, 来源2=29, 来源3=0, 来源4=29, 来源5=6, union_ids=29, 最终有效学生数=29
[DEBUG] get_valid_student_ids_for_management_page: 来源1=0, 来源2=29, 来源3=0, 来源4=29, 来源5=6, union_ids=29, 最终有效学生数=29
[DEBUG] get_valid_student_ids_for_management_page: 来源1=0, 来源2=29, 来源3=0, 来源4=29, 来源5=6, union_ids=29, 最终有效学生数=29
[DEBUG] get_valid_student_ids_for_management_page: 来源1=0, 来源2=29, 来源3=0, 来源4=29, 来源5=6, union_ids=29, 最终有效学生数=29
API查询: month=2026-03, week=3
日期范围: 2026-03-16 到 2026-03-22
查询结果数量: 1
第一条记录日期: 2026-03-18
[DEBUG] get_valid_student_ids_for_management_page: 来源1=0, 来源2=29, 来源3=0, 来源4=29, 来源5=6, union_ids=29, 最终有效学生数=29
API查询: month=2026-04, week=1
日期范围: 2026-04-06 到 2026-04-12
查询结果数量: 1
第一条记录日期: 2026-04-11
[DEBUG] get_valid_student_ids_for_management_page: 来源1=0, 来源2=29, 来源3=0, 来源4=29, 来源5=6, union_ids=29, 最终有效学生数=29
[DEBUG] get_valid_student_ids_for_management_page: 来源1=0, 来源2=29, 来源3=0, 来源4=29, 来源5=6, union_ids=29, 最终有效学生数=29
[DEBUG] get_valid_student_ids_for_management_page: 来源1=0, 来源2=29, 来源3=0, 来源4=29, 来源5=6, union_ids=29, 最终有效学生数=29
API查询: month=2026-03, week=4
日期范围: 2026-03-23 到 2026-03-29
查询结果数量: 2
第一条记录日期: 2026-03-28
[DEBUG] get_valid_student_ids_for_management_page: 来源1=0, 来源2=29, 来源3=0, 来源4=29, 来源5=6, union_ids=29, 最终有效学生数=29
[DEBUG] get_valid_student_ids_for_management_page: 来源1=0, 来源2=29, 来源3=0, 来源4=29, 来源5=6, union_ids=29, 最终有效学生数=29
[DEBUG] get_valid_student_ids_for_management_page: 来源1=0, 来源2=29, 来源3=0, 来源4=29, 来源5=6, union_ids=29, 最终有效学生数=29
API查询: month=2026-03, week=4
日期范围: 2026-03-23 到 2026-03-29
查询结果数量: 2
第一条记录日期: 2026-03-28
[DEBUG] get_valid_student_ids_for_management_page: 来源1=0, 来源2=29, 来源3=0, 来源4=29, 来源5=6, union_ids=29, 最终有效学生数=29
[DEBUG] get_valid_student_ids_for_management_page: 来源1=0, 来源2=29, 来源3=0, 来源4=29, 来源5=6, union_ids=29, 最终有效学生数=29
[DEBUG] get_valid_student_ids_for_management_page: 来源1=0, 来源2=29, 来源3=0, 来源4=29, 来源5=6, union_ids=29, 最终有效学生数=29
API查询: month=2026-04, week=1
日期范围: 2026-04-06 到 2026-04-12
查询结果数量: 1
第一条记录日期: 2026-04-11
[DEBUG] get_valid_student_ids_for_management_page: 来源1=0, 来源2=29, 来源3=0, 来源4=29, 来源5=6, union_ids=29, 最终有效学生数=29
[DEBUG] get_valid_student_ids_for_management_page: 来源1=0, 来源2=29, 来源3=0, 来源4=29, 来源5=6, union_ids=29, 最终有效学生数=29
[DEBUG] get_valid_student_ids_for_management_page: 来源1=0, 来源2=29, 来源3=0, 来源4=29, 来源5=6, union_ids=29, 最终有效学生数=29
API查询: month=2026-04, week=1
日期范围: 2026-04-06 到 2026-04-12
查询结果数量: 1
第一条记录日期: 2026-04-11
[DEBUG] get_valid_student_ids_for_management_page: 来源1=0, 来源2=29, 来源3=0, 来源4=29, 来源5=6, union_ids=29, 最终有效学生数=29
[DEBUG] get_valid_student_ids_for_management_page: 来源1=0, 来源2=29, 来源3=0, 来源4=29, 来源5=6, union_ids=29, 最终有效学生数=29
[DEBUG] get_valid_student_ids_for_management_page: 来源1=0, 来源2=29, 来源3=0, 来源4=29, 来源5=6, union_ids=29, 最终有效学生数=29
API查询: month=2026-04, week=1
日期范围: 2026-04-06 到 2026-04-12
查询结果数量: 1
第一条记录日期: 2026-04-11
[DEBUG] get_valid_student_ids_for_management_page: 来源1=0, 来源2=29, 来源3=0, 来源4=29, 来源5=6, union_ids=29, 最终有效学生数=29
[DEBUG] get_valid_student_ids_for_management_page: 来源1=0, 来源2=29, 来源3=0, 来源4=29, 来源5=6, union_ids=29, 最终有效学生数=29
[DEBUG] get_valid_student_ids_for_management_page: 来源1=0, 来源2=29, 来源3=0, 来源4=29, 来源5=6, union_ids=29, 最终有效学生数=29
API查询: month=2026-04, week=1
日期范围: 2026-04-06 到 2026-04-12
查询结果数量: 1
第一条记录日期: 2026-04-11
[DEBUG] get_valid_student_ids_for_management_page: 来源1=0, 来源2=29, 来源3=0, 来源4=29, 来源5=6, union_ids=29, 最终有效学生数=29
[DEBUG] get_valid_student_ids_for_management_page: 来源1=0, 来源2=29, 来源3=0, 来源4=29, 来源5=6, union_ids=29, 最终有效学生数=29
[DEBUG] get_valid_student_ids_for_management_page: 来源1=0, 来源2=29, 来源3=0, 来源4=29, 来源5=6, union_ids=29, 最终有效学生数=29
API查询: month=2026-03, week=3
日期范围: 2026-03-16 到 2026-03-22
查询结果数量: 1
第一条记录日期: 2026-03-18
[DEBUG] get_valid_student_ids_for_management_page: 来源1=0, 来源2=29, 来源3=0, 来源4=29, 来源5=6, union_ids=29, 最终有效学生数=29
[DEBUG] get_valid_student_ids_for_management_page: 来源1=0, 来源2=29, 来源3=0, 来源4=29, 来源5=6, union_ids=29, 最终有效学生数=29
[DEBUG] get_valid_student_ids_for_management_page: 来源1=0, 来源2=29, 来源3=0, 来源4=29, 来源5=6, union_ids=29, 最终有效学生数=29
API查询: month=2026-03, week=3
日期范围: 2026-03-16 到 2026-03-22
查询结果数量: 1
第一条记录日期: 2026-03-18
[DEBUG] get_valid_student_ids_for_management_page: 来源1=0, 来源2=29, 来源3=0, 来源4=29, 来源5=6, union_ids=29, 最终有效学生数=29
[DEBUG] get_valid_student_ids_for_management_page: 来源1=0, 来源2=29, 来源3=0, 来源4=29, 来源5=6, union_ids=29, 最终有效学生数=29
[DEBUG] get_valid_student_ids_for_management_page: 来源1=0, 来源2=29, 来源3=0, 来源4=29, 来源5=6, union_ids=29, 最终有效学生数=29
API查询: month=2026-03, week=4
日期范围: 2026-03-23 到 2026-03-29
查询结果数量: 2
第一条记录日期: 2026-03-28
[DEBUG] get_valid_student_ids_for_management_page: 来源1=0, 来源2=29, 来源3=0, 来源4=29, 来源5=6, union_ids=29, 最终有效学生数=29
[DEBUG] get_valid_student_ids_for_management_page: 来源1=0, 来源2=29, 来源3=0, 来源4=29, 来源5=6, union_ids=29, 最终有效学生数=29
[DEBUG] get_valid_student_ids_for_management_page: 来源1=0, 来源2=29, 来源3=0, 来源4=29, 来源5=6, union_ids=29, 最终有效学生数=29
API查询: month=2026-03, week=4
日期范围: 2026-03-23 到 2026-03-29
查询结果数量: 2
第一条记录日期: 2026-03-28
[DEBUG] get_valid_student_ids_for_management_page: 来源1=0, 来源2=29, 来源3=0, 来源4=29, 来源5=6, union_ids=29, 最终有效学生数=29
[DEBUG] get_valid_student_ids_for_management_page: 来源1=0, 来源2=29, 来源3=0, 来源4=29, 来源5=6, union_ids=29, 最终有效学生数=29
[DEBUG] get_valid_student_ids_for_management_page: 来源1=0, 来源2=29, 来源3=0, 来源4=29, 来源5=6, union_ids=29, 最终有效学生数=29
API查询: month=2026-03, week=3
日期范围: 2026-03-16 到 2026-03-22
查询结果数量: 1
第一条记录日期: 2026-03-18
[DEBUG] get_valid_student_ids_for_management_page: 来源1=0, 来源2=29, 来源3=0, 来源4=29, 来源5=6, union_ids=29, 最终有效学生数=29
[DEBUG] get_valid_student_ids_for_management_page: 来源1=0, 来源2=29, 来源3=0, 来源4=29, 来源5=6, union_ids=29, 最终有效学生数=29
[DEBUG] get_valid_student_ids_for_management_page: 来源1=0, 来源2=29, 来源3=0, 来源4=29, 来源5=6, union_ids=29, 最终有效学生数=29
API查询: month=2026-03, week=3
日期范围: 2026-03-16 到 2026-03-22
查询结果数量: 1
第一条记录日期: 2026-03-18
[DEBUG] get_valid_student_ids_for_management_page: 来源1=0, 来源2=29, 来源3=0, 来源4=29, 来源5=6, union_ids=29, 最终有效学生数=29
[DEBUG] get_valid_student_ids_for_management_page: 来源1=0, 来源2=29, 来源3=0, 来源4=29, 来源5=6, union_ids=29, 最终有效学生数=29
[DEBUG] get_valid_student_ids_for_management_page: 来源1=0, 来源2=29, 来源3=0, 来源4=29, 来源5=6, union_ids=29, 最终有效学生数=29
[DEBUG] get_valid_student_ids_for_management_page: 来源1=0, 来源2=29, 来源3=0, 来源4=29, 来源5=6, union_ids=29, 最终有效学生数=29
[DEBUG] get_valid_student_ids_for_management_page: 来源1=0, 来源2=29, 来源3=0, 来源4=29, 来源5=6, union_ids=29, 最终有效学生数=29
[DEBUG] get_valid_student_ids_for_management_page: 来源1=0, 来源2=29, 来源3=0, 来源4=29, 来源5=6, union_ids=29, 最终有效学生数=29
[DEBUG] get_valid_student_ids_for_management_page: 来源1=0, 来源2=29, 来源3=0, 来源4=29, 来源5=6, union_ids=29, 最终有效学生数=29
[DEBUG] get_valid_student_ids_for_management_page: 来源1=0, 来源2=29, 来源3=0, 来源4=29, 来源5=6, union_ids=29, 最终有效学生数=29
API查询: month=2026-03, week=2
日期范围: 2026-03-09 到 2026-03-15
查询结果数量: 0
[DEBUG] get_valid_student_ids_for_management_page: 来源1=0, 来源2=29, 来源3=0, 来源4=29, 来源5=6, union_ids=29, 最终有效学生数=29
[DEBUG] get_valid_student_ids_for_management_page: 来源1=0, 来源2=29, 来源3=0, 来源4=29, 来源5=6, union_ids=29, 最终有效学生数=29
[DEBUG] get_valid_student_ids_for_management_page: 来源1=0, 来源2=29, 来源3=0, 来源4=29, 来源5=6, union_ids=29, 最终有效学生数=29
[DEBUG] get_valid_student_ids_for_management_page: 来源1=0, 来源2=29, 来源3=0, 来源4=29, 来源5=6, union_ids=29, 最终有效学生数=29
[DEBUG] get_valid_student_ids_for_management_page: 来源1=0, 来源2=29, 来源3=0, 来源4=29, 来源5=6, union_ids=29, 最终有效学生数=29
[DEBUG] get_valid_student_ids_for_management_page: 来源1=0, 来源2=29, 来源3=0, 来源4=29, 来源5=6, union_ids=29, 最终有效学生数=29
[DEBUG] get_valid_student_ids_for_management_page: 来源1=0, 来源2=29, 来源3=0, 来源4=29, 来源5=6, union_ids=29, 最终有效学生数=29
API查询: month=2026-03, week=2
日期范围: 2026-03-09 到 2026-03-15
查询结果数量: 0
[DEBUG] get_valid_student_ids_for_management_page: 来源1=0, 来源2=29, 来源3=0, 来源4=29, 来源5=6, union_ids=29, 最终有效学生数=29
API查询: month=2026-03, week=2
日期范围: 2026-03-09 到 2026-03-15
查询结果数量: 0
[DEBUG] get_valid_student_ids_for_management_page: 来源1=0, 来源2=29, 来源3=0, 来源4=29, 来源5=6, union_ids=29, 最终有效学生数=29
API查询: month=2026-03, week=2
日期范围: 2026-03-09 到 2026-03-15
查询结果数量: 0
[DEBUG] get_valid_student_ids_for_management_page: 来源1=0, 来源2=29, 来源3=0, 来源4=29, 来源5=6, union_ids=29, 最终有效学生数=29
API查询: month=2026-03, week=2
日期范围: 2026-03-09 到 2026-03-15
查询结果数量: 0
[DEBUG] get_valid_student_ids_for_management_page: 来源1=0, 来源2=29, 来源3=0, 来源4=29, 来源5=6, union_ids=29, 最终有效学生数=29
API查询: month=2026-03, week=2
日期范围: 2026-03-09 到 2026-03-15
查询结果数量: 0
[DEBUG] get_valid_student_ids_for_management_page: 来源1=0, 来源2=29, 来源3=0, 来源4=29, 来源5=6, union_ids=29, 最终有效学生数=29
[DEBUG] get_valid_student_ids_for_management_page: 来源1=0, 来源2=29, 来源3=0, 来源4=29, 来源5=6, union_ids=29, 最终有效学生数=29
[DEBUG] get_valid_student_ids_for_management_page: 来源1=0, 来源2=29, 来源3=0, 来源4=29, 来源5=6, union_ids=29, 最终有效学生数=29
API查询: month=2026-03, week=2
日期范围: 2026-03-09 到 2026-03-15
查询结果数量: 0
[DEBUG] get_valid_student_ids_for_management_page: 来源1=0, 来源2=29, 来源3=0, 来源4=29, 来源5=6, union_ids=29, 最终有效学生数=29
[DEBUG] get_valid_student_ids_for_management_page: 来源1=0, 来源2=29, 来源3=0, 来源4=29, 来源5=6, union_ids=29, 最终有效学生数=29
API查询: month=2026-03, week=2
日期范围: 2026-03-09 到 2026-03-15
查询结果数量: 0
[DEBUG] get_valid_student_ids_for_management_page: 来源1=0, 来源2=29, 来源3=0, 来源4=29, 来源5=6, union_ids=29, 最终有效学生数=29
[DEBUG] get_valid_student_ids_for_management_page: 来源1=0, 来源2=29, 来源3=0, 来源4=29, 来源5=6, union_ids=29, 最终有效学生数=29
[DEBUG] get_valid_student_ids_for_management_page: 来源1=0, 来源2=29, 来源3=0, 来源4=29, 来源5=6, union_ids=29, 最终有效学生数=29
API查询: month=2026-03, week=3
日期范围: 2026-03-16 到 2026-03-22
查询结果数量: 1
第一条记录日期: 2026-03-18
[DEBUG] get_valid_student_ids_for_management_page: 来源1=0, 来源2=29, 来源3=0, 来源4=29, 来源5=6, union_ids=29, 最终有效学生数=29
[DEBUG] get_valid_student_ids_for_management_page: 来源1=0, 来源2=29, 来源3=0, 来源4=29, 来源5=6, union_ids=29, 最终有效学生数=29
[DEBUG] get_valid_student_ids_for_management_page: 来源1=0, 来源2=29, 来源3=0, 来源4=29, 来源5=6, union_ids=29, 最终有效学生数=29
API查询: month=2026-03, week=3
日期范围: 2026-03-16 到 2026-03-22
查询结果数量: 1
第一条记录日期: 2026-03-18
[DEBUG] get_valid_student_ids_for_management_page: 来源1=0, 来源2=29, 来源3=0, 来源4=29, 来源5=6, union_ids=29, 最终有效学生数=29
[DEBUG] get_valid_student_ids_for_management_page: 来源1=0, 来源2=29, 来源3=0, 来源4=29, 来源5=6, union_ids=29, 最终有效学生数=29
[DEBUG] get_valid_student_ids_for_management_page: 来源1=0, 来源2=29, 来源3=0, 来源4=29, 来源5=6, union_ids=29, 最终有效学生数=29
API查询: month=2026-03, week=4
日期范围: 2026-03-23 到 2026-03-29
查询结果数量: 2
第一条记录日期: 2026-03-28
[DEBUG] get_valid_student_ids_for_management_page: 来源1=0, 来源2=29, 来源3=0, 来源4=29, 来源5=6, union_ids=29, 最终有效学生数=29
[DEBUG] get_valid_student_ids_for_management_page: 来源1=0, 来源2=29, 来源3=0, 来源4=29, 来源5=6, union_ids=29, 最终有效学生数=29
[DEBUG] get_valid_student_ids_for_management_page: 来源1=0, 来源2=29, 来源3=0, 来源4=29, 来源5=6, union_ids=29, 最终有效学生数=29
API查询: month=2026-03, week=4
日期范围: 2026-03-23 到 2026-03-29
查询结果数量: 2
第一条记录日期: 2026-03-28
[DEBUG] get_valid_student_ids_for_management_page: 来源1=0, 来源2=29, 来源3=0, 来源4=29, 来源5=6, union_ids=29, 最终有效学生数=29
[DEBUG] get_valid_student_ids_for_management_page: 来源1=0, 来源2=29, 来源3=0, 来源4=29, 来源5=6, union_ids=29, 最终有效学生数=29
[DEBUG] get_valid_student_ids_for_management_page: 来源1=0, 来源2=29, 来源3=0, 来源4=29, 来源5=6, union_ids=29, 最终有效学生数=29
API查询: month=2026-04, week=1
日期范围: 2026-04-06 到 2026-04-12
查询结果数量: 1
第一条记录日期: 2026-04-11
[DEBUG] get_valid_student_ids_for_management_page: 来源1=0, 来源2=29, 来源3=0, 来源4=29, 来源5=6, union_ids=29, 最终有效学生数=29
[DEBUG] get_valid_student_ids_for_management_page: 来源1=0, 来源2=29, 来源3=0, 来源4=29, 来源5=6, union_ids=29, 最终有效学生数=29
[DEBUG] get_valid_student_ids_for_management_page: 来源1=0, 来源2=29, 来源3=0, 来源4=29, 来源5=6, union_ids=29, 最终有效学生数=29
API查询: month=2026-04, week=1
日期范围: 2026-04-06 到 2026-04-12
查询结果数量: 1
第一条记录日期: 2026-04-11
[DEBUG] get_valid_student_ids_for_management_page: 来源1=0, 来源2=29, 来源3=0, 来源4=29, 来源5=6, union_ids=29, 最终有效学生数=29
[DEBUG] get_valid_student_ids_for_management_page: 来源1=0, 来源2=29, 来源3=0, 来源4=29, 来源5=6, union_ids=29, 最终有效学生数=29
[DEBUG] get_valid_student_ids_for_management_page: 来源1=0, 来源2=29, 来源3=0, 来源4=29, 来源5=6, union_ids=29, 最终有效学生数=29
API查询: month=2026-04, week=1
日期范围: 2026-04-06 到 2026-04-12
查询结果数量: 0
[DEBUG] get_valid_student_ids_for_management_page: 来源1=0, 来源2=29, 来源3=0, 来源4=29, 来源5=6, union_ids=29, 最终有效学生数=29
[DEBUG] get_valid_student_ids_for_management_page: 来源1=0, 来源2=29, 来源3=0, 来源4=29, 来源5=6, union_ids=29, 最终有效学生数=29
[DEBUG] get_valid_student_ids_for_management_page: 来源1=0, 来源2=29, 来源3=0, 来源4=29, 来源5=6, union_ids=29, 最终有效学生数=29
API查询: month=2026-04, week=1
日期范围: 2026-04-06 到 2026-04-12
查询结果数量: 0
[DEBUG] get_valid_student_ids_for_management_page: 来源1=0, 来源2=29, 来源3=0, 来源4=29, 来源5=6, union_ids=29, 最终有效学生数=29
[DEBUG] get_valid_student_ids_for_management_page: 来源1=0, 来源2=29, 来源3=0, 来源4=29, 来源5=6, union_ids=29, 最终有效学生数=29
[DEBUG] get_valid_student_ids_for_management_page: 来源1=0, 来源2=29, 来源3=0, 来源4=29, 来源5=6, union_ids=29, 最终有效学生数=29
API查询: month=2026-04, week=1
日期范围: 2026-04-06 到 2026-04-12
查询结果数量: 1
第一条记录日期: 2026-04-07
[DEBUG] get_valid_student_ids_for_management_page: 来源1=0, 来源2=29, 来源3=0, 来源4=29, 来源5=6, union_ids=29, 最终有效学生数=29
[DEBUG] get_valid_student_ids_for_management_page: 来源1=0, 来源2=29, 来源3=0, 来源4=29, 来源5=6, union_ids=29, 最终有效学生数=29
[DEBUG] get_valid_student_ids_for_management_page: 来源1=0, 来源2=29, 来源3=0, 来源4=29, 来源5=6, union_ids=29, 最终有效学生数=29
[DEBUG] get_valid_student_ids_for_management_page: 来源1=0, 来源2=29, 来源3=0, 来源4=29, 来源5=6, union_ids=29, 最终有效学生数=29
[DEBUG] get_valid_student_ids_for_management_page: 来源1=0, 来源2=29, 来源3=0, 来源4=29, 来源5=6, union_ids=29, 最终有效学生数=29
[DEBUG] get_valid_student_ids_for_management_page: 来源1=0, 来源2=29, 来源3=0, 来源4=29, 来源5=6, union_ids=29, 最终有效学生数=29
[DEBUG] get_valid_student_ids_for_management_page: 来源1=0, 来源2=29, 来源3=0, 来源4=29, 来源5=6, union_ids=29, 最终有效学生数=29
[DEBUG] get_valid_student_ids_for_management_page: 来源1=0, 来源2=29, 来源3=0, 来源4=29, 来源5=6, union_ids=29, 最终有效学生数=29
[DEBUG] get_valid_student_ids_for_management_page: 来源1=0, 来源2=29, 来源3=0, 来源4=29, 来源5=6, union_ids=29, 最终有效学生数=29
[DEBUG] get_valid_student_ids_for_management_page: 来源1=0, 来源2=29, 来源3=0, 来源4=29, 来源5=6, union_ids=29, 最终有效学生数=29
[DEBUG] get_valid_student_ids_for_management_page: 来源1=0, 来源2=29, 来源3=0, 来源4=29, 来源5=6, union_ids=29, 最终有效学生数=29
[DEBUG] get_valid_student_ids_for_management_page: 来源1=0, 来源2=29, 来源3=0, 来源4=29, 来源5=6, union_ids=29, 最终有效学生数=29
API查询: month=2026-03, week=3
日期范围: 2026-03-16 到 2026-03-22
查询结果数量: 1
第一条记录日期: 2026-03-18
[DEBUG] get_valid_student_ids_for_management_page: 来源1=0, 来源2=29, 来源3=0, 来源4=29, 来源5=6, union_ids=29, 最终有效学生数=29
[DEBUG] get_valid_student_ids_for_management_page: 来源1=0, 来源2=29, 来源3=0, 来源4=29, 来源5=6, union_ids=29, 最终有效学生数=29
API查询: month=2026-03, week=3
日期范围: 2026-03-16 到 2026-03-22
查询结果数量: 0
[DEBUG] get_valid_student_ids_for_management_page: 来源1=0, 来源2=29, 来源3=0, 来源4=29, 来源5=6, union_ids=29, 最终有效学生数=29
API查询: month=2026-03, week=3
日期范围: 2026-03-16 到 2026-03-22
查询结果数量: 0
[DEBUG] get_valid_student_ids_for_management_page: 来源1=0, 来源2=29, 来源3=0, 来源4=29, 来源5=6, union_ids=29, 最终有效学生数=29
API查询: month=2026-03, week=3
日期范围: 2026-03-16 到 2026-03-22
查询结果数量: 0
[DEBUG] get_valid_student_ids_for_management_page: 来源1=0, 来源2=29, 来源3=0, 来源4=29, 来源5=6, union_ids=29, 最终有效学生数=29
API查询: month=2026-03, week=3
日期范围: 2026-03-16 到 2026-03-22
查询结果数量: 0
[DEBUG] get_valid_student_ids_for_management_page: 来源1=0, 来源2=29, 来源3=0, 来源4=29, 来源5=6, union_ids=29, 最终有效学生数=29
API查询: month=2026-03, week=3
日期范围: 2026-03-16 到 2026-03-22
查询结果数量: 0
[DEBUG] get_valid_student_ids_for_management_page: 来源1=0, 来源2=29, 来源3=0, 来源4=29, 来源5=6, union_ids=29, 最终有效学生数=29
[DEBUG] get_valid_student_ids_for_management_page: 来源1=0, 来源2=29, 来源3=0, 来源4=29, 来源5=6, union_ids=29, 最终有效学生数=29
[DEBUG] get_valid_student_ids_for_management_page: 来源1=0, 来源2=29, 来源3=0, 来源4=29, 来源5=6, union_ids=29, 最终有效学生数=29
[DEBUG] get_valid_student_ids_for_management_page: 来源1=0, 来源2=29, 来源3=0, 来源4=29, 来源5=6, union_ids=29, 最终有效学生数=29
[DEBUG] get_valid_student_ids_for_management_page: 来源1=0, 来源2=29, 来源3=0, 来源4=29, 来源5=6, union_ids=29, 最终有效学生数=29
[DEBUG] get_valid_student_ids_for_management_page: 来源1=0, 来源2=29, 来源3=0, 来源4=29, 来源5=6, union_ids=29, 最终有效学生数=29
[DEBUG] get_valid_student_ids_for_management_page: 来源1=0, 来源2=29, 来源3=0, 来源4=29, 来源5=6, union_ids=29, 最终有效学生数=29
[DEBUG] get_valid_student_ids_for_management_page: 来源1=0, 来源2=29, 来源3=0, 来源4=29, 来源5=6, union_ids=29, 最终有效学生数=29
[DEBUG] get_valid_student_ids_for_management_page: 来源1=0, 来源2=29, 来源3=0, 来源4=29, 来源5=6, union_ids=29, 最终有效学生数=29
[DEBUG] get_valid_student_ids_for_management_page: 来源1=0, 来源2=29, 来源3=0, 来源4=29, 来源5=6, union_ids=29, 最终有效学生数=29
[DEBUG] get_valid_student_ids_for_management_page: 来源1=0, 来源2=29, 来源3=0, 来源4=29, 来源5=6, union_ids=29, 最终有效学生数=29
[DEBUG] get_valid_student_ids_for_management_page: 来源1=0, 来源2=29, 来源3=0, 来源4=29, 来源5=6, union_ids=29, 最终有效学生数=29
API查询: month=2026-03, week=3
日期范围: 2026-03-16 到 2026-03-22
查询结果数量: 1
第一条记录日期: 2026-03-18
[DEBUG] get_valid_student_ids_for_management_page: 来源1=0, 来源2=29, 来源3=0, 来源4=29, 来源5=6, union_ids=29, 最终有效学生数=29
API查询: month=2026-04, week=1
日期范围: 2026-04-06 到 2026-04-12
查询结果数量: 1
第一条记录日期: 2026-04-07
[DEBUG] get_valid_student_ids_for_management_page: 来源1=0, 来源2=29, 来源3=0, 来源4=29, 来源5=6, union_ids=29, 最终有效学生数=29
API查询: month=2026-04, week=1
日期范围: 2026-04-06 到 2026-04-12
查询结果数量: 1
第一条记录日期: 2026-04-11
[DEBUG] get_valid_student_ids_for_management_page: 来源1=0, 来源2=29, 来源3=0, 来源4=29, 来源5=6, union_ids=29, 最终有效学生数=29
[DEBUG] get_valid_student_ids_for_management_page: 来源1=0, 来源2=29, 来源3=0, 来源4=29, 来源5=6, union_ids=29, 最终有效学生数=29
API查询: month=2026-04, week=1
日期范围: 2026-04-06 到 2026-04-12
查询结果数量: 0
[DEBUG] get_valid_student_ids_for_management_page: 来源1=0, 来源2=29, 来源3=0, 来源4=29, 来源5=6, union_ids=29, 最终有效学生数=29
API查询: month=2026-04, week=1
日期范围: 2026-04-06 到 2026-04-12
查询结果数量: 0
[DEBUG] get_valid_student_ids_for_management_page: 来源1=0, 来源2=29, 来源3=0, 来源4=29, 来源5=6, union_ids=29, 最终有效学生数=29
API查询: month=2026-04, week=1
日期范围: 2026-04-06 到 2026-04-12
查询结果数量: 0
[DEBUG] get_valid_student_ids_for_management_page: 来源1=0, 来源2=29, 来源3=0, 来源4=29, 来源5=6, union_ids=29, 最终有效学生数=29
[DEBUG] get_valid_student_ids_for_management_page: 来源1=0, 来源2=29, 来源3=0, 来源4=29, 来源5=6, union_ids=29, 最终有效学生数=29
[DEBUG] get_valid_student_ids_for_management_page: 来源1=0, 来源2=29, 来源3=0, 来源4=29, 来源5=6, union_ids=29, 最终有效学生数=29
[DEBUG] get_valid_student_ids_for_management_page: 来源1=0, 来源2=29, 来源3=0, 来源4=29, 来源5=6, union_ids=29, 最终有效学生数=29
[DEBUG] get_valid_student_ids_for_management_page: 来源1=0, 来源2=29, 来源3=0, 来源4=29, 来源5=6, union_ids=29, 最终有效学生数=29
[DEBUG] get_valid_student_ids_for_management_page: 来源1=0, 来源2=29, 来源3=0, 来源4=29, 来源5=6, union_ids=29, 最终有效学生数=29
[DEBUG] get_valid_student_ids_for_management_page: 来源1=0, 来源2=29, 来源3=0, 来源4=29, 来源5=6, union_ids=29, 最终有效学生数=29
API查询: month=2026-04, week=1
日期范围: 2026-04-06 到 2026-04-12
查询结果数量: 0
[DEBUG] get_valid_student_ids_for_management_page: 来源1=0, 来源2=29, 来源3=0, 来源4=29, 来源5=6, union_ids=29, 最终有效学生数=29
API查询: month=2026-04, week=1
日期范围: 2026-04-06 到 2026-04-12
查询结果数量: 2
第一条记录日期: 2026-04-11
[DEBUG] get_valid_student_ids_for_management_page: 来源1=0, 来源2=29, 来源3=0, 来源4=29, 来源5=6, union_ids=29, 最终有效学生数=29
API查询: month=2026-03, week=3
日期范围: 2026-03-16 到 2026-03-22
查询结果数量: 1
第一条记录日期: 2026-03-18
[DEBUG] get_valid_student_ids_for_management_page: 来源1=0, 来源2=29, 来源3=0, 来源4=29, 来源5=6, union_ids=29, 最终有效学生数=29
[DEBUG] get_valid_student_ids_for_management_page: 来源1=0, 来源2=29, 来源3=0, 来源4=29, 来源5=6, union_ids=29, 最终有效学生数=29
[DEBUG] get_valid_student_ids_for_management_page: 来源1=0, 来源2=29, 来源3=0, 来源4=29, 来源5=6, union_ids=29, 最终有效学生数=29
[DEBUG] get_valid_student_ids_for_management_page: 来源1=0, 来源2=29, 来源3=0, 来源4=29, 来源5=6, union_ids=29, 最终有效学生数=29
[DEBUG] get_valid_student_ids_for_management_page: 来源1=0, 来源2=29, 来源3=0, 来源4=29, 来源5=6, union_ids=29, 最终有效学生数=29
API查询: month=2026-04, week=1
日期范围: 2026-04-06 到 2026-04-12
查询结果数量: 2
第一条记录日期: 2026-04-11
[DEBUG] get_valid_student_ids_for_management_page: 来源1=0, 来源2=29, 来源3=0, 来源4=29, 来源5=6, union_ids=29, 最终有效学生数=29
API查询: month=2026-03, week=3
日期范围: 2026-03-16 到 2026-03-22
查询结果数量: 1
第一条记录日期: 2026-03-18
[DEBUG] get_valid_student_ids_for_management_page: 来源1=0, 来源2=29, 来源3=0, 来源4=29, 来源5=6, union_ids=29, 最终有效学生数=29
[DEBUG] get_valid_student_ids_for_management_page: 来源1=0, 来源2=29, 来源3=0, 来源4=29, 来源5=6, union_ids=29, 最终有效学生数=29
[DEBUG] get_valid_student_ids_for_management_page: 来源1=0, 来源2=29, 来源3=0, 来源4=29, 来源5=6, union_ids=29, 最终有效学生数=29
[DEBUG] get_valid_student_ids_for_management_page: 来源1=0, 来源2=29, 来源3=0, 来源4=29, 来源5=6, union_ids=29, 最终有效学生数=29
[DEBUG] get_valid_student_ids_for_management_page: 来源1=0, 来源2=29, 来源3=0, 来源4=29, 来源5=6, union_ids=29, 最终有效学生数=29
API查询: month=2026-04, week=1
日期范围: 2026-04-06 到 2026-04-12
查询结果数量: 2
第一条记录日期: 2026-04-11
[DEBUG] get_valid_student_ids_for_management_page: 来源1=0, 来源2=29, 来源3=0, 来源4=29, 来源5=6, union_ids=29, 最终有效学生数=29
API查询: month=2026-03, week=3
日期范围: 2026-03-16 到 2026-03-22
查询结果数量: 1
第一条记录日期: 2026-03-18
[DEBUG] get_valid_student_ids_for_management_page: 来源1=0, 来源2=29, 来源3=0, 来源4=29, 来源5=6, union_ids=29, 最终有效学生数=29
[DEBUG] get_valid_student_ids_for_management_page: 来源1=0, 来源2=29, 来源3=0, 来源4=29, 来源5=6, union_ids=29, 最终有效学生数=29
[DEBUG] get_valid_student_ids_for_management_page: 来源1=0, 来源2=29, 来源3=0, 来源4=29, 来源5=6, union_ids=29, 最终有效学生数=29
API查询: month=2026-04, week=1
日期范围: 2026-04-06 到 2026-04-12
查询结果数量: 2
第一条记录日期: 2026-04-11
[DEBUG] get_valid_student_ids_for_management_page: 来源1=0, 来源2=29, 来源3=0, 来源4=29, 来源5=6, union_ids=29, 最终有效学生数=29
[DEBUG] get_valid_student_ids_for_management_page: 来源1=0, 来源2=29, 来源3=0, 来源4=29, 来源5=6, union_ids=29, 最终有效学生数=29
[DEBUG] get_valid_student_ids_for_management_page: 来源1=0, 来源2=29, 来源3=0, 来源4=29, 来源5=6, union_ids=29, 最终有效学生数=29
API查询: month=2026-04, week=1
日期范围: 2026-04-06 到 2026-04-12
查询结果数量: 2
第一条记录日期: 2026-04-11
收到批量确认请求: course_ids=[11], type=<class 'list'>
[DEBUG] get_valid_student_ids_for_management_page: 来源1=0, 来源2=29, 来源3=0, 来源4=29, 来源5=6, union_ids=29, 最终有效学生数=29
[DEBUG] get_valid_student_ids_for_management_page: 来源1=0, 来源2=29, 来源3=0, 来源4=29, 来源5=6, union_ids=29, 最终有效学生数=29
[DEBUG] get_valid_student_ids_for_management_page: 来源1=0, 来源2=29, 来源3=0, 来源4=29, 来源5=6, union_ids=29, 最终有效学生数=29
[DEBUG] get_valid_student_ids_for_management_page: 来源1=0, 来源2=29, 来源3=0, 来源4=29, 来源5=6, union_ids=29, 最终有效学生数=29
[DEBUG] get_valid_student_ids_for_management_page: 来源1=0, 来源2=29, 来源3=0, 来源4=29, 来源5=6, union_ids=29, 最终有效学生数=29
API查询: month=2026-04, week=1
日期范围: 2026-04-06 到 2026-04-12
查询结果数量: 2
第一条记录日期: 2026-04-11
[DEBUG] get_valid_student_ids_for_management_page: 来源1=0, 来源2=29, 来源3=0, 来源4=29, 来源5=6, union_ids=29, 最终有效学生数=29
API查询: month=2026-04, week=1
日期范围: 2026-04-06 到 2026-04-12
查询结果数量: 1
第一条记录日期: 2026-04-07
[DEBUG] get_valid_student_ids_for_management_page: 来源1=0, 来源2=29, 来源3=0, 来源4=29, 来源5=6, union_ids=29, 最终有效学生数=29
[DEBUG] get_valid_student_ids_for_management_page: 来源1=0, 来源2=29, 来源3=0, 来源4=29, 来源5=6, union_ids=29, 最终有效学生数=29
[DEBUG] get_valid_student_ids_for_management_page: 来源1=0, 来源2=29, 来源3=0, 来源4=29, 来源5=6, union_ids=29, 最终有效学生数=29
API查询: month=2026-04, week=1
日期范围: 2026-04-06 到 2026-04-12
查询结果数量: 2
第一条记录日期: 2026-04-11
[DEBUG] get_valid_student_ids_for_management_page: 来源1=0, 来源2=29, 来源3=0, 来源4=29, 来源5=6, union_ids=29, 最终有效学生数=29
[DEBUG] get_valid_student_ids_for_management_page: 来源1=0, 来源2=29, 来源3=0, 来源4=29, 来源5=6, union_ids=29, 最终有效学生数=29
[DEBUG] get_valid_student_ids_for_management_page: 来源1=0, 来源2=29, 来源3=0, 来源4=29, 来源5=6, union_ids=29, 最终有效学生数=29
[DEBUG] get_valid_student_ids_for_management_page: 来源1=0, 来源2=29, 来源3=0, 来源4=29, 来源5=6, union_ids=29, 最终有效学生数=29
[DEBUG] get_valid_student_ids_for_management_page: 来源1=0, 来源2=29, 来源3=0, 来源4=29, 来源5=6, union_ids=29, 最终有效学生数=29
[DEBUG] get_valid_student_ids_for_management_page: 来源1=0, 来源2=29, 来源3=0, 来源4=29, 来源5=6, union_ids=29, 最终有效学生数=29
[DEBUG] get_valid_student_ids_for_management_page: 来源1=0, 来源2=29, 来源3=0, 来源4=29, 来源5=6, union_ids=29, 最终有效学生数=29
[DEBUG] get_valid_student_ids_for_management_page: 来源1=0, 来源2=29, 来源3=0, 来源4=29, 来源5=6, union_ids=29, 最终有效学生数=29
API查询: month=2026-04, week=2
日期范围: 2026-04-13 到 2026-04-19
查询结果数量: 0
[DEBUG] get_valid_student_ids_for_management_page: 来源1=0, 来源2=29, 来源3=0, 来源4=29, 来源5=6, union_ids=29, 最终有效学生数=29
[DEBUG] get_valid_student_ids_for_management_page: 来源1=0, 来源2=29, 来源3=0, 来源4=29, 来源5=6, union_ids=29, 最终有效学生数=29
[DEBUG] get_valid_student_ids_for_management_page: 来源1=0, 来源2=29, 来源3=0, 来源4=29, 来源5=6, union_ids=29, 最终有效学生数=29
[DEBUG] get_valid_student_ids_for_management_page: 来源1=0, 来源2=29, 来源3=0, 来源4=29, 来源5=6, union_ids=29, 最终有效学生数=29
[DEBUG] get_valid_student_ids_for_management_page: 来源1=0, 来源2=29, 来源3=0, 来源4=29, 来源5=6, union_ids=29, 最终有效学生数=29
[DEBUG] get_valid_student_ids_for_management_page: 来源1=0, 来源2=29, 来源3=0, 来源4=29, 来源5=6, union_ids=29, 最终有效学生数=29
[DEBUG] get_valid_student_ids_for_management_page: 来源1=0, 来源2=29, 来源3=0, 来源4=29, 来源5=6, union_ids=29, 最终有效学生数=29
API查询: month=2026-04, week=2
日期范围: 2026-04-13 到 2026-04-19
查询结果数量: 0
[DEBUG] get_valid_student_ids_for_management_page: 来源1=0, 来源2=29, 来源3=0, 来源4=29, 来源5=6, union_ids=29, 最终有效学生数=29
API查询: month=2026-04, week=2
日期范围: 2026-04-13 到 2026-04-19
查询结果数量: 0
[DEBUG] get_valid_student_ids_for_management_page: 来源1=0, 来源2=29, 来源3=0, 来源4=29, 来源5=6, union_ids=29, 最终有效学生数=29
API查询: month=2026-04, week=2
日期范围: 2026-04-13 到 2026-04-19
查询结果数量: 0
[DEBUG] get_valid_student_ids_for_management_page: 来源1=0, 来源2=29, 来源3=0, 来源4=29, 来源5=6, union_ids=29, 最终有效学生数=29
API查询: month=2026-04, week=2
日期范围: 2026-04-13 到 2026-04-19
查询结果数量: 0
[DEBUG] get_valid_student_ids_for_management_page: 来源1=0, 来源2=29, 来源3=0, 来源4=29, 来源5=6, union_ids=29, 最终有效学生数=29
API查询: month=2026-04, week=2
日期范围: 2026-04-13 到 2026-04-19
查询结果数量: 0
[DEBUG] get_valid_student_ids_for_management_page: 来源1=0, 来源2=29, 来源3=0, 来源4=29, 来源5=6, union_ids=29, 最终有效学生数=29
[DEBUG] get_valid_student_ids_for_management_page: 来源1=0, 来源2=29, 来源3=0, 来源4=29, 来源5=6, union_ids=29, 最终有效学生数=29
[DEBUG] get_valid_student_ids_for_management_page: 来源1=0, 来源2=29, 来源3=0, 来源4=29, 来源5=6, union_ids=29, 最终有效学生数=29
API查询: month=2026-04, week=2
日期范围: 2026-04-13 到 2026-04-19
查询结果数量: 0
[DEBUG] get_valid_student_ids_for_management_page: 来源1=0, 来源2=29, 来源3=0, 来源4=29, 来源5=6, union_ids=29, 最终有效学生数=29
[DEBUG] get_valid_student_ids_for_management_page: 来源1=0, 来源2=29, 来源3=0, 来源4=29, 来源5=6, union_ids=29, 最终有效学生数=29
API查询: month=2026-04, week=2
日期范围: 2026-04-13 到 2026-04-19
查询结果数量: 0
[DEBUG] get_valid_student_ids_for_management_page: 来源1=0, 来源2=29, 来源3=0, 来源4=29, 来源5=6, union_ids=29, 最终有效学生数=29
[DEBUG] get_valid_student_ids_for_management_page: 来源1=0, 来源2=29, 来源3=0, 来源4=29, 来源5=6, union_ids=29, 最终有效学生数=29
[DEBUG] get_valid_student_ids_for_management_page: 来源1=0, 来源2=29, 来源3=0, 来源4=29, 来源5=6, union_ids=29, 最终有效学生数=29
API查询: month=2026-04, week=2
日期范围: 2026-04-13 到 2026-04-19
查询结果数量: 0
[DEBUG] get_valid_student_ids_for_management_page: 来源1=0, 来源2=29, 来源3=0, 来源4=29, 来源5=6, union_ids=29, 最终有效学生数=29
[DEBUG] get_valid_student_ids_for_management_page: 来源1=0, 来源2=29, 来源3=0, 来源4=29, 来源5=6, union_ids=29, 最终有效学生数=29
[DEBUG] get_valid_student_ids_for_management_page: 来源1=0, 来源2=29, 来源3=0, 来源4=29, 来源5=6, union_ids=29, 最终有效学生数=29
API查询: month=2026-04, week=2
日期范围: 2026-04-13 到 2026-04-19
查询结果数量: 0
[DEBUG] get_valid_student_ids_for_management_page: 来源1=0, 来源2=29, 来源3=0, 来源4=29, 来源5=6, union_ids=29, 最终有效学生数=29
[DEBUG] get_valid_student_ids_for_management_page: 来源1=0, 来源2=29, 来源3=0, 来源4=29, 来源5=6, union_ids=29, 最终有效学生数=29
[DEBUG] get_valid_student_ids_for_management_page: 来源1=0, 来源2=29, 来源3=0, 来源4=29, 来源5=6, union_ids=29, 最终有效学生数=29
API查询: month=2026-04, week=2
日期范围: 2026-04-13 到 2026-04-19
查询结果数量: 1
第一条记录日期: 2026-04-14
[DEBUG] get_valid_student_ids_for_management_page: 来源1=0, 来源2=29, 来源3=0, 来源4=29, 来源5=6, union_ids=29, 最终有效学生数=29
[DEBUG] get_valid_student_ids_for_management_page: 来源1=0, 来源2=29, 来源3=0, 来源4=29, 来源5=6, union_ids=29, 最终有效学生数=29
[DEBUG] get_valid_student_ids_for_management_page: 来源1=0, 来源2=29, 来源3=0, 来源4=29, 来源5=6, union_ids=29, 最终有效学生数=29
[DEBUG] get_valid_student_ids_for_management_page: 来源1=0, 来源2=29, 来源3=0, 来源4=29, 来源5=6, union_ids=29, 最终有效学生数=29
[DEBUG] get_valid_student_ids_for_management_page: 来源1=0, 来源2=29, 来源3=0, 来源4=29, 来源5=6, union_ids=29, 最终有效学生数=29
[DEBUG] get_valid_student_ids_for_management_page: 来源1=0, 来源2=29, 来源3=0, 来源4=29, 来源5=6, union_ids=29, 最终有效学生数=29
[DEBUG] get_valid_student_ids_for_management_page: 来源1=0, 来源2=29, 来源3=0, 来源4=29, 来源5=6, union_ids=29, 最终有效学生数=29
[DEBUG] get_valid_student_ids_for_management_page: 来源1=0, 来源2=29, 来源3=0, 来源4=29, 来源5=6, union_ids=29, 最终有效学生数=29
[DEBUG] get_valid_student_ids_for_management_page: 来源1=0, 来源2=29, 来源3=0, 来源4=29, 来源5=6, union_ids=29, 最终有效学生数=29
[DEBUG] get_valid_student_ids_for_management_page: 来源1=0, 来源2=29, 来源3=0, 来源4=29, 来源5=6, union_ids=29, 最终有效学生数=29
[DEBUG] get_valid_student_ids_for_management_page: 来源1=0, 来源2=29, 来源3=0, 来源4=29, 来源5=6, union_ids=29, 最终有效学生数=29
[DEBUG] get_valid_student_ids_for_management_page: 来源1=0, 来源2=29, 来源3=0, 来源4=29, 来源5=6, union_ids=29, 最终有效学生数=29
[DEBUG] get_valid_student_ids_for_management_page: 来源1=0, 来源2=29, 来源3=0, 来源4=29, 来源5=6, union_ids=29, 最终有效学生数=29
API查询: month=2026-03, week=3
日期范围: 2026-03-16 到 2026-03-22
查询结果数量: 0
[DEBUG] get_valid_student_ids_for_management_page: 来源1=0, 来源2=29, 来源3=0, 来源4=29, 来源5=6, union_ids=29, 最终有效学生数=29
API查询: month=2026-03, week=3
日期范围: 2026-03-16 到 2026-03-22
查询结果数量: 0
[DEBUG] get_valid_student_ids_for_management_page: 来源1=0, 来源2=29, 来源3=0, 来源4=29, 来源5=6, union_ids=29, 最终有效学生数=29
API查询: month=2026-03, week=3
日期范围: 2026-03-16 到 2026-03-22
查询结果数量: 0
[DEBUG] get_valid_student_ids_for_management_page: 来源1=0, 来源2=29, 来源3=0, 来源4=29, 来源5=6, union_ids=29, 最终有效学生数=29
API查询: month=2026-03, week=3
日期范围: 2026-03-16 到 2026-03-22
查询结果数量: 0
[DEBUG] get_valid_student_ids_for_management_page: 来源1=0, 来源2=29, 来源3=0, 来源4=29, 来源5=6, union_ids=29, 最终有效学生数=29
API查询: month=2026-03, week=3
日期范围: 2026-03-16 到 2026-03-22
查询结果数量: 1
第一条记录日期: 2026-03-18
[DEBUG] get_valid_student_ids_for_management_page: 来源1=0, 来源2=29, 来源3=0, 来源4=29, 来源5=6, union_ids=29, 最终有效学生数=29
API查询: month=2026-03, week=3
日期范围: 2026-03-16 到 2026-03-22
查询结果数量: 0
[DEBUG] get_valid_student_ids_for_management_page: 来源1=0, 来源2=29, 来源3=0, 来源4=29, 来源5=6, union_ids=29, 最终有效学生数=29
[DEBUG] get_valid_student_ids_for_management_page: 来源1=0, 来源2=29, 来源3=0, 来源4=29, 来源5=6, union_ids=29, 最终有效学生数=29
[DEBUG] get_valid_student_ids_for_management_page: 来源1=0, 来源2=29, 来源3=0, 来源4=29, 来源5=6, union_ids=29, 最终有效学生数=29
[DEBUG] get_valid_student_ids_for_management_page: 来源1=0, 来源2=29, 来源3=0, 来源4=29, 来源5=6, union_ids=29, 最终有效学生数=29
[DEBUG] get_valid_student_ids_for_management_page: 来源1=0, 来源2=29, 来源3=0, 来源4=29, 来源5=6, union_ids=29, 最终有效学生数=29
[DEBUG] get_valid_student_ids_for_management_page: 来源1=0, 来源2=29, 来源3=0, 来源4=29, 来源5=6, union_ids=29, 最终有效学生数=29
[DEBUG] get_valid_student_ids_for_management_page: 来源1=0, 来源2=29, 来源3=0, 来源4=29, 来源5=6, union_ids=29, 最终有效学生数=29
[DEBUG] get_valid_student_ids_for_management_page: 来源1=0, 来源2=29, 来源3=0, 来源4=29, 来源5=6, union_ids=29, 最终有效学生数=29
[DEBUG] get_valid_student_ids_for_management_page: 来源1=0, 来源2=29, 来源3=0, 来源4=29, 来源5=6, union_ids=29, 最终有效学生数=29
[DEBUG] get_valid_student_ids_for_management_page: 来源1=0, 来源2=29, 来源3=0, 来源4=29, 来源5=6, union_ids=29, 最终有效学生数=29
[DEBUG] get_valid_student_ids_for_management_page: 来源1=0, 来源2=29, 来源3=0, 来源4=29, 来源5=6, union_ids=29, 最终有效学生数=29
API查询: month=2026-03, week=3
日期范围: 2026-03-16 到 2026-03-22
查询结果数量: 1
第一条记录日期: 2026-03-18
[DEBUG] get_valid_student_ids_for_management_page: 来源1=0, 来源2=29, 来源3=0, 来源4=29, 来源5=6, union_ids=29, 最终有效学生数=29
[DEBUG] get_valid_student_ids_for_management_page: 来源1=0, 来源2=29, 来源3=0, 来源4=29, 来源5=6, union_ids=29, 最终有效学生数=29
API查询: month=2026-04, week=2
日期范围: 2026-04-13 到 2026-04-19
查询结果数量: 0
[DEBUG] get_valid_student_ids_for_management_page: 来源1=0, 来源2=29, 来源3=0, 来源4=29, 来源5=6, union_ids=29, 最终有效学生数=29
API查询: month=2026-04, week=2
日期范围: 2026-04-13 到 2026-04-19
查询结果数量: 1
第一条记录日期: 2026-04-14
[DEBUG] get_valid_student_ids_for_management_page: 来源1=0, 来源2=29, 来源3=0, 来源4=29, 来源5=6, union_ids=29, 最终有效学生数=29
API查询: month=2026-04, week=2
日期范围: 2026-04-13 到 2026-04-19
查询结果数量: 0
[DEBUG] get_valid_student_ids_for_management_page: 来源1=0, 来源2=29, 来源3=0, 来源4=29, 来源5=6, union_ids=29, 最终有效学生数=29
API查询: month=2026-04, week=2
日期范围: 2026-04-13 到 2026-04-19
查询结果数量: 0
[DEBUG] get_valid_student_ids_for_management_page: 来源1=0, 来源2=29, 来源3=0, 来源4=29, 来源5=6, union_ids=29, 最终有效学生数=29
[DEBUG] get_valid_student_ids_for_management_page: 来源1=0, 来源2=29, 来源3=0, 来源4=29, 来源5=6, union_ids=29, 最终有效学生数=29
[DEBUG] get_valid_student_ids_for_management_page: 来源1=0, 来源2=29, 来源3=0, 来源4=29, 来源5=6, union_ids=29, 最终有效学生数=29
[DEBUG] get_valid_student_ids_for_management_page: 来源1=0, 来源2=29, 来源3=0, 来源4=29, 来源5=6, union_ids=29, 最终有效学生数=29
API查询: month=2026-04, week=2
日期范围: 2026-04-13 到 2026-04-19
查询结果数量: 0
[DEBUG] get_valid_student_ids_for_management_page: 来源1=0, 来源2=29, 来源3=0, 来源4=29, 来源5=6, union_ids=29, 最终有效学生数=29
[DEBUG] get_valid_student_ids_for_management_page: 来源1=0, 来源2=29, 来源3=0, 来源4=29, 来源5=6, union_ids=29, 最终有效学生数=29
[DEBUG] get_valid_student_ids_for_management_page: 来源1=0, 来源2=29, 来源3=0, 来源4=29, 来源5=6, union_ids=29, 最终有效学生数=29
[DEBUG] get_valid_student_ids_for_management_page: 来源1=0, 来源2=29, 来源3=0, 来源4=29, 来源5=6, union_ids=29, 最终有效学生数=29
API查询: month=2026-04, week=2
日期范围: 2026-04-13 到 2026-04-19
查询结果数量: 0
[DEBUG] get_valid_student_ids_for_management_page: 来源1=0, 来源2=29, 来源3=0, 来源4=29, 来源5=6, union_ids=29, 最终有效学生数=29
[DEBUG] get_valid_student_ids_for_management_page: 来源1=0, 来源2=29, 来源3=0, 来源4=29, 来源5=6, union_ids=29, 最终有效学生数=29
API查询: month=2026-04, week=2
日期范围: 2026-04-13 到 2026-04-19
查询结果数量: 1
第一条记录日期: 2026-04-14
[DEBUG] get_valid_student_ids_for_management_page: 来源1=0, 来源2=29, 来源3=0, 来源4=29, 来源5=6, union_ids=29, 最终有效学生数=29
API查询: month=2026-03, week=3
日期范围: 2026-03-16 到 2026-03-22
查询结果数量: 1
第一条记录日期: 2026-03-18
[DEBUG] get_valid_student_ids_for_management_page: 来源1=0, 来源2=29, 来源3=0, 来源4=29, 来源5=6, union_ids=29, 最终有效学生数=29
[DEBUG] get_valid_student_ids_for_management_page: 来源1=0, 来源2=29, 来源3=0, 来源4=29, 来源5=6, union_ids=29, 最终有效学生数=29
[DEBUG] get_valid_student_ids_for_management_page: 来源1=0, 来源2=29, 来源3=0, 来源4=29, 来源5=6, union_ids=29, 最终有效学生数=29
[DEBUG] get_valid_student_ids_for_management_page: 来源1=0, 来源2=29, 来源3=0, 来源4=29, 来源5=6, union_ids=29, 最终有效学生数=29
[DEBUG] get_valid_student_ids_for_management_page: 来源1=0, 来源2=29, 来源3=0, 来源4=29, 来源5=6, union_ids=29, 最终有效学生数=29
API查询: month=2026-03, week=3
日期范围: 2026-03-16 到 2026-03-22
查询结果数量: 1
第一条记录日期: 2026-03-18
[DEBUG] get_valid_student_ids_for_management_page: 来源1=0, 来源2=29, 来源3=0, 来源4=29, 来源5=6, union_ids=29, 最终有效学生数=29
API查询: month=2026-04, week=2
日期范围: 2026-04-13 到 2026-04-19
查询结果数量: 1
第一条记录日期: 2026-04-14
[DEBUG] get_valid_student_ids_for_management_page: 来源1=0, 来源2=29, 来源3=0, 来源4=29, 来源5=6, union_ids=29, 最终有效学生数=29
[DEBUG] get_valid_student_ids_for_management_page: 来源1=0, 来源2=29, 来源3=0, 来源4=29, 来源5=6, union_ids=29, 最终有效学生数=29
[DEBUG] get_valid_student_ids_for_management_page: 来源1=0, 来源2=29, 来源3=0, 来源4=29, 来源5=6, union_ids=29, 最终有效学生数=29
[DEBUG] get_valid_student_ids_for_management_page: 来源1=0, 来源2=29, 来源3=0, 来源4=29, 来源5=6, union_ids=29, 最终有效学生数=29
[DEBUG] get_valid_student_ids_for_management_page: 来源1=0, 来源2=29, 来源3=0, 来源4=29, 来源5=6, union_ids=29, 最终有效学生数=29
API查询: month=2026-03, week=3
日期范围: 2026-03-16 到 2026-03-22
查询结果数量: 1
第一条记录日期: 2026-03-18
[DEBUG] get_valid_student_ids_for_management_page: 来源1=0, 来源2=29, 来源3=0, 来源4=29, 来源5=6, union_ids=29, 最终有效学生数=29
API查询: month=2026-04, week=2
日期范围: 2026-04-13 到 2026-04-19
查询结果数量: 1
第一条记录日期: 2026-04-14
[DEBUG] get_valid_student_ids_for_management_page: 来源1=0, 来源2=29, 来源3=0, 来源4=29, 来源5=6, union_ids=29, 最终有效学生数=29
[DEBUG] get_valid_student_ids_for_management_page: 来源1=0, 来源2=29, 来源3=0, 来源4=29, 来源5=6, union_ids=29, 最终有效学生数=29
[DEBUG] get_valid_student_ids_for_management_page: 来源1=0, 来源2=29, 来源3=0, 来源4=29, 来源5=6, union_ids=29, 最终有效学生数=29
API查询: month=2026-04, week=2
日期范围: 2026-04-13 到 2026-04-19
查询结果数量: 1
第一条记录日期: 2026-04-14
[DEBUG] get_valid_student_ids_for_management_page: 来源1=0, 来源2=29, 来源3=0, 来源4=29, 来源5=6, union_ids=29, 最终有效学生数=29
[DEBUG] get_valid_student_ids_for_management_page: 来源1=0, 来源2=29, 来源3=0, 来源4=29, 来源5=6, union_ids=29, 最终有效学生数=29
[DEBUG] get_valid_student_ids_for_management_page: 来源1=0, 来源2=29, 来源3=0, 来源4=29, 来源5=6, union_ids=29, 最终有效学生数=29
API查询: month=2026-04, week=2
日期范围: 2026-04-13 到 2026-04-19
查询结果数量: 1
第一条记录日期: 2026-04-14
收到批量确认请求: course_ids=[12], type=<class 'list'>
[DEBUG] get_valid_student_ids_for_management_page: 来源1=0, 来源2=29, 来源3=0, 来源4=29, 来源5=6, union_ids=29, 最终有效学生数=29
[DEBUG] get_valid_student_ids_for_management_page: 来源1=0, 来源2=29, 来源3=0, 来源4=29, 来源5=6, union_ids=29, 最终有效学生数=29
[DEBUG] get_valid_student_ids_for_management_page: 来源1=0, 来源2=29, 来源3=0, 来源4=29, 来源5=6, union_ids=29, 最终有效学生数=29
[DEBUG] get_valid_student_ids_for_management_page: 来源1=0, 来源2=29, 来源3=0, 来源4=29, 来源5=6, union_ids=29, 最终有效学生数=29
[DEBUG] get_valid_student_ids_for_management_page: 来源1=0, 来源2=29, 来源3=0, 来源4=29, 来源5=6, union_ids=29, 最终有效学生数=29
API查询: month=2026-04, week=2
日期范围: 2026-04-13 到 2026-04-19
查询结果数量: 1
第一条记录日期: 2026-04-14
[DEBUG] get_valid_student_ids_for_management_page: 来源1=0, 来源2=29, 来源3=0, 来源4=29, 来源5=6, union_ids=29, 最终有效学生数=29
API查询: month=2026-04, week=2
日期范围: 2026-04-13 到 2026-04-19
查询结果数量: 1
第一条记录日期: 2026-04-14
[DEBUG] get_valid_student_ids_for_management_page: 来源1=0, 来源2=29, 来源3=0, 来源4=29, 来源5=6, union_ids=29, 最终有效学生数=29
[DEBUG] get_valid_student_ids_for_management_page: 来源1=0, 来源2=29, 来源3=0, 来源4=29, 来源5=6, union_ids=29, 最终有效学生数=29
[DEBUG] get_valid_student_ids_for_management_page: 来源1=0, 来源2=29, 来源3=0, 来源4=29, 来源5=6, union_ids=29, 最终有效学生数=29
API查询: month=2026-04, week=2
日期范围: 2026-04-13 到 2026-04-19
查询结果数量: 1
第一条记录日期: 2026-04-14
Stats request: month=2026-03, student_id=None, course_id=None
[DEBUG] get_valid_student_ids_for_management_page: 来源1=0, 来源2=29, 来源3=0, 来源4=29, 来源5=6, union_ids=29, 最终有效学生数=29
Stats request: month=2026-03, student_id=None, course_id=None
[DEBUG] get_valid_student_ids_for_management_page: 来源1=0, 来源2=29, 来源3=0, 来源4=29, 来源5=6, union_ids=29, 最终有效学生数=29
Stats request: month=2026-03, student_id=None, course_id=None
[DEBUG] get_valid_student_ids_for_management_page: 来源1=0, 来源2=29, 来源3=0, 来源4=29, 来源5=6, union_ids=29, 最终有效学生数=29
Stats request: month=2026-03, student_id=None, course_id=None
[DEBUG] get_valid_student_ids_for_management_page: 来源1=0, 来源2=29, 来源3=0, 来源4=29, 来源5=6, union_ids=29, 最终有效学生数=29
Stats request: month=2026-03, student_id=None, course_id=None
[DEBUG] get_valid_student_ids_for_management_page: 来源1=0, 来源2=29, 来源3=0, 来源4=29, 来源5=6, union_ids=29, 最终有效学生数=29
Stats request: month=2026-03, student_id=None, course_id=None
[DEBUG] get_valid_student_ids_for_management_page: 来源1=0, 来源2=29, 来源3=0, 来源4=29, 来源5=6, union_ids=29, 最终有效学生数=29
[DEBUG] get_valid_student_ids_for_management_page: 来源1=0, 来源2=29, 来源3=0, 来源4=29, 来源5=6, union_ids=29, 最终有效学生数=29
[DEBUG] get_valid_student_ids_for_management_page: 来源1=0, 来源2=29, 来源3=0, 来源4=29, 来源5=6, union_ids=29, 最终有效学生数=29
[DEBUG] get_valid_student_ids_for_management_page: 来源1=0, 来源2=29, 来源3=0, 来源4=29, 来源5=6, union_ids=29, 最终有效学生数=29
[DEBUG] get_valid_student_ids_for_management_page: 来源1=0, 来源2=29, 来源3=0, 来源4=29, 来源5=6, union_ids=29, 最终有效学生数=29
[DEBUG] get_valid_student_ids_for_management_page: 来源1=0, 来源2=29, 来源3=0, 来源4=29, 来源5=6, union_ids=29, 最终有效学生数=29
[DEBUG] get_valid_student_ids_for_management_page: 来源1=0, 来源2=29, 来源3=0, 来源4=29, 来源5=6, union_ids=29, 最终有效学生数=29
[DEBUG] get_valid_student_ids_for_management_page: 来源1=0, 来源2=29, 来源3=0, 来源4=29, 来源5=6, union_ids=29, 最终有效学生数=29
[DEBUG] get_valid_student_ids_for_management_page: 来源1=0, 来源2=29, 来源3=0, 来源4=29, 来源5=6, union_ids=29, 最终有效学生数=29
[DEBUG] get_valid_student_ids_for_management_page: 来源1=0, 来源2=29, 来源3=0, 来源4=29, 来源5=6, union_ids=29, 最终有效学生数=29
[DEBUG] get_valid_student_ids_for_management_page: 来源1=0, 来源2=29, 来源3=0, 来源4=29, 来源5=6, union_ids=29, 最终有效学生数=29
[DEBUG] get_valid_student_ids_for_management_page: 来源1=0, 来源2=29, 来源3=0, 来源4=29, 来源5=6, union_ids=29, 最终有效学生数=29
[DEBUG] get_valid_student_ids_for_management_page: 来源1=0, 来源2=29, 来源3=0, 来源4=29, 来源5=6, union_ids=29, 最终有效学生数=29
[DEBUG] get_valid_student_ids_for_management_page: 来源1=0, 来源2=29, 来源3=0, 来源4=29, 来源5=6, union_ids=29, 最终有效学生数=29
API查询: month=2026-03, week=3
日期范围: 2026-03-16 到 2026-03-22
查询结果数量: 1
第一条记录日期: 2026-03-18
[DEBUG] get_valid_student_ids_for_management_page: 来源1=0, 来源2=29, 来源3=0, 来源4=29, 来源5=6, union_ids=29, 最终有效学生数=29
API查询: month=2026-03, week=3
日期范围: 2026-03-16 到 2026-03-22
查询结果数量: 0
[DEBUG] get_valid_student_ids_for_management_page: 来源1=0, 来源2=29, 来源3=0, 来源4=29, 来源5=6, union_ids=29, 最终有效学生数=29
API查询: month=2026-03, week=3
日期范围: 2026-03-16 到 2026-03-22
查询结果数量: 0
[DEBUG] get_valid_student_ids_for_management_page: 来源1=0, 来源2=29, 来源3=0, 来源4=29, 来源5=6, union_ids=29, 最终有效学生数=29
API查询: month=2026-03, week=3
日期范围: 2026-03-16 到 2026-03-22
查询结果数量: 0
[DEBUG] get_valid_student_ids_for_management_page: 来源1=0, 来源2=29, 来源3=0, 来源4=29, 来源5=6, union_ids=29, 最终有效学生数=29
API查询: month=2026-03, week=3
日期范围: 2026-03-16 到 2026-03-22
查询结果数量: 0
[DEBUG] get_valid_student_ids_for_management_page: 来源1=0, 来源2=29, 来源3=0, 来源4=29, 来源5=6, union_ids=29, 最终有效学生数=29
API查询: month=2026-03, week=3
日期范围: 2026-03-16 到 2026-03-22
查询结果数量: 0
[DEBUG] get_valid_student_ids_for_management_page: 来源1=0, 来源2=29, 来源3=0, 来源4=29, 来源5=6, union_ids=29, 最终有效学生数=29
[DEBUG] get_valid_student_ids_for_management_page: 来源1=0, 来源2=29, 来源3=0, 来源4=29, 来源5=6, union_ids=29, 最终有效学生数=29
[DEBUG] get_valid_student_ids_for_management_page: 来源1=0, 来源2=29, 来源3=0, 来源4=29, 来源5=6, union_ids=29, 最终有效学生数=29
API查询: month=2026-03, week=3
日期范围: 2026-03-16 到 2026-03-22
查询结果数量: 1
第一条记录日期: 2026-03-18
[DEBUG] get_valid_student_ids_for_management_page: 来源1=0, 来源2=29, 来源3=0, 来源4=29, 来源5=6, union_ids=29, 最终有效学生数=29
[DEBUG] get_valid_student_ids_for_management_page: 来源1=0, 来源2=29, 来源3=0, 来源4=29, 来源5=6, union_ids=29, 最终有效学生数=29
[DEBUG] get_valid_student_ids_for_management_page: 来源1=0, 来源2=29, 来源3=0, 来源4=29, 来源5=6, union_ids=29, 最终有效学生数=29
API查询: month=2026-03, week=3
日期范围: 2026-03-16 到 2026-03-22
查询结果数量: 1
第一条记录日期: 2026-03-18
[DEBUG] get_valid_student_ids_for_management_page: 来源1=0, 来源2=29, 来源3=0, 来源4=29, 来源5=6, union_ids=29, 最终有效学生数=29
[DEBUG] get_valid_student_ids_for_management_page: 来源1=0, 来源2=29, 来源3=0, 来源4=29, 来源5=6, union_ids=29, 最终有效学生数=29
[DEBUG] get_valid_student_ids_for_management_page: 来源1=0, 来源2=29, 来源3=0, 来源4=29, 来源5=6, union_ids=29, 最终有效学生数=29
API查询: month=2026-03, week=3
日期范围: 2026-03-16 到 2026-03-22
查询结果数量: 1
第一条记录日期: 2026-03-18
[DEBUG] get_valid_student_ids_for_management_page: 来源1=0, 来源2=29, 来源3=0, 来源4=29, 来源5=6, union_ids=29, 最终有效学生数=29
[DEBUG] get_valid_student_ids_for_management_page: 来源1=0, 来源2=29, 来源3=0, 来源4=29, 来源5=6, union_ids=29, 最终有效学生数=29
[DEBUG] get_valid_student_ids_for_management_page: 来源1=0, 来源2=29, 来源3=0, 来源4=29, 来源5=6, union_ids=29, 最终有效学生数=29
API查询: month=2026-03, week=3
日期范围: 2026-03-16 到 2026-03-22
查询结果数量: 1
第一条记录日期: 2026-03-18
[DEBUG] get_valid_student_ids_for_management_page: 来源1=0, 来源2=29, 来源3=0, 来源4=29, 来源5=6, union_ids=29, 最终有效学生数=29
[DEBUG] get_valid_student_ids_for_management_page: 来源1=0, 来源2=29, 来源3=0, 来源4=29, 来源5=6, union_ids=29, 最终有效学生数=29
[DEBUG] get_valid_student_ids_for_management_page: 来源1=0, 来源2=29, 来源3=0, 来源4=29, 来源5=6, union_ids=29, 最终有效学生数=29
API查询: month=2026-03, week=3
日期范围: 2026-03-16 到 2026-03-22
查询结果数量: 1
第一条记录日期: 2026-03-18
[DEBUG] get_valid_student_ids_for_management_page: 来源1=0, 来源2=29, 来源3=0, 来源4=29, 来源5=6, union_ids=29, 最终有效学生数=29
[DEBUG] get_valid_student_ids_for_management_page: 来源1=0, 来源2=29, 来源3=0, 来源4=29, 来源5=6, union_ids=29, 最终有效学生数=29
[DEBUG] get_valid_student_ids_for_management_page: 来源1=0, 来源2=29, 来源3=0, 来源4=29, 来源5=6, union_ids=29, 最终有效学生数=29
API查询: month=2026-03, week=3
日期范围: 2026-03-16 到 2026-03-22
查询结果数量: 1
第一条记录日期: 2026-03-18
[DEBUG] get_valid_student_ids_for_management_page: 来源1=0, 来源2=29, 来源3=0, 来源4=29, 来源5=6, union_ids=29, 最终有效学生数=29
[DEBUG] get_valid_student_ids_for_management_page: 来源1=0, 来源2=29, 来源3=0, 来源4=29, 来源5=6, union_ids=29, 最终有效学生数=29
[DEBUG] get_valid_student_ids_for_management_page: 来源1=0, 来源2=29, 来源3=0, 来源4=29, 来源5=6, union_ids=29, 最终有效学生数=29
[DEBUG] get_valid_student_ids_for_management_page: 来源1=0, 来源2=29, 来源3=0, 来源4=29, 来源5=6, union_ids=29, 最终有效学生数=29
[DEBUG] get_valid_student_ids_for_management_page: 来源1=0, 来源2=29, 来源3=0, 来源4=29, 来源5=6, union_ids=29, 最终有效学生数=29
[DEBUG] get_valid_student_ids_for_management_page: 来源1=0, 来源2=29, 来源3=0, 来源4=29, 来源5=6, union_ids=29, 最终有效学生数=29
[DEBUG] get_valid_student_ids_for_management_page: 来源1=0, 来源2=29, 来源3=0, 来源4=29, 来源5=6, union_ids=29, 最终有效学生数=29
[DEBUG] get_valid_student_ids_for_management_page: 来源1=0, 来源2=29, 来源3=0, 来源4=29, 来源5=6, union_ids=29, 最终有效学生数=29
[DEBUG] get_valid_student_ids_for_management_page: 来源1=0, 来源2=29, 来源3=0, 来源4=29, 来源5=6, union_ids=29, 最终有效学生数=29
[DEBUG] get_valid_student_ids_for_management_page: 来源1=0, 来源2=29, 来源3=0, 来源4=29, 来源5=6, union_ids=29, 最终有效学生数=29
[DEBUG] get_valid_student_ids_for_management_page: 来源1=0, 来源2=29, 来源3=0, 来源4=29, 来源5=6, union_ids=29, 最终有效学生数=29
[DEBUG] get_valid_student_ids_for_management_page: 来源1=0, 来源2=29, 来源3=0, 来源4=29, 来源5=6, union_ids=29, 最终有效学生数=29
[DEBUG] get_valid_student_ids_for_management_page: 来源1=0, 来源2=29, 来源3=0, 来源4=29, 来源5=6, union_ids=29, 最终有效学生数=29
API查询: month=2026-03, week=4
日期范围: 2026-03-23 到 2026-03-29
查询结果数量: 1
第一条记录日期: 2026-03-28
[DEBUG] get_valid_student_ids_for_management_page: 来源1=0, 来源2=29, 来源3=0, 来源4=29, 来源5=6, union_ids=29, 最终有效学生数=29
API查询: month=2026-03, week=4
日期范围: 2026-03-23 到 2026-03-29
查询结果数量: 0
[DEBUG] get_valid_student_ids_for_management_page: 来源1=0, 来源2=29, 来源3=0, 来源4=29, 来源5=6, union_ids=29, 最终有效学生数=29
API查询: month=2026-03, week=4
日期范围: 2026-03-23 到 2026-03-29
查询结果数量: 0
[DEBUG] get_valid_student_ids_for_management_page: 来源1=0, 来源2=29, 来源3=0, 来源4=29, 来源5=6, union_ids=29, 最终有效学生数=29
API查询: month=2026-03, week=4
日期范围: 2026-03-23 到 2026-03-29
查询结果数量: 0
[DEBUG] get_valid_student_ids_for_management_page: 来源1=0, 来源2=29, 来源3=0, 来源4=29, 来源5=6, union_ids=29, 最终有效学生数=29
API查询: month=2026-03, week=4
日期范围: 2026-03-23 到 2026-03-29
查询结果数量: 1
第一条记录日期: 2026-03-24
[DEBUG] get_valid_student_ids_for_management_page: 来源1=0, 来源2=29, 来源3=0, 来源4=29, 来源5=6, union_ids=29, 最终有效学生数=29
API查询: month=2026-03, week=4
日期范围: 2026-03-23 到 2026-03-29
查询结果数量: 0
[DEBUG] get_valid_student_ids_for_management_page: 来源1=0, 来源2=29, 来源3=0, 来源4=29, 来源5=6, union_ids=29, 最终有效学生数=29
[DEBUG] get_valid_student_ids_for_management_page: 来源1=0, 来源2=29, 来源3=0, 来源4=29, 来源5=6, union_ids=29, 最终有效学生数=29
[DEBUG] get_valid_student_ids_for_management_page: 来源1=0, 来源2=29, 来源3=0, 来源4=29, 来源5=6, union_ids=29, 最终有效学生数=29
[DEBUG] get_valid_student_ids_for_management_page: 来源1=0, 来源2=29, 来源3=0, 来源4=29, 来源5=6, union_ids=29, 最终有效学生数=29
[DEBUG] get_valid_student_ids_for_management_page: 来源1=0, 来源2=29, 来源3=0, 来源4=29, 来源5=6, union_ids=29, 最终有效学生数=29
[DEBUG] get_valid_student_ids_for_management_page: 来源1=0, 来源2=29, 来源3=0, 来源4=29, 来源5=6, union_ids=29, 最终有效学生数=29
[DEBUG] get_valid_student_ids_for_management_page: 来源1=0, 来源2=29, 来源3=0, 来源4=29, 来源5=6, union_ids=29, 最终有效学生数=29
[DEBUG] get_valid_student_ids_for_management_page: 来源1=0, 来源2=29, 来源3=0, 来源4=29, 来源5=6, union_ids=29, 最终有效学生数=29
[DEBUG] get_valid_student_ids_for_management_page: 来源1=0, 来源2=29, 来源3=0, 来源4=29, 来源5=6, union_ids=29, 最终有效学生数=29
[DEBUG] get_valid_student_ids_for_management_page: 来源1=0, 来源2=29, 来源3=0, 来源4=29, 来源5=6, union_ids=29, 最终有效学生数=29
[DEBUG] get_valid_student_ids_for_management_page: 来源1=0, 来源2=29, 来源3=0, 来源4=29, 来源5=6, union_ids=29, 最终有效学生数=29
[DEBUG] get_valid_student_ids_for_management_page: 来源1=0, 来源2=29, 来源3=0, 来源4=29, 来源5=6, union_ids=29, 最终有效学生数=29
API查询: month=2026-04, week=1
日期范围: 2026-04-06 到 2026-04-12
查询结果数量: 1
第一条记录日期: 2026-04-11
[DEBUG] get_valid_student_ids_for_management_page: 来源1=0, 来源2=29, 来源3=0, 来源4=29, 来源5=6, union_ids=29, 最终有效学生数=29
[DEBUG] get_valid_student_ids_for_management_page: 来源1=0, 来源2=29, 来源3=0, 来源4=29, 来源5=6, union_ids=29, 最终有效学生数=29
API查询: month=2026-03, week=4
日期范围: 2026-03-23 到 2026-03-29
查询结果数量: 2
第一条记录日期: 2026-03-28
[DEBUG] get_valid_student_ids_for_management_page: 来源1=0, 来源2=29, 来源3=0, 来源4=29, 来源5=6, union_ids=29, 最终有效学生数=29
API查询: month=2026-04, week=1
日期范围: 2026-04-06 到 2026-04-12
查询结果数量: 1
第一条记录日期: 2026-04-07
[DEBUG] get_valid_student_ids_for_management_page: 来源1=0, 来源2=29, 来源3=0, 来源4=29, 来源5=6, union_ids=29, 最终有效学生数=29
API查询: month=2026-04, week=1
日期范围: 2026-04-06 到 2026-04-12
查询结果数量: 0
[DEBUG] get_valid_student_ids_for_management_page: 来源1=0, 来源2=29, 来源3=0, 来源4=29, 来源5=6, union_ids=29, 最终有效学生数=29
API查询: month=2026-04, week=1
日期范围: 2026-04-06 到 2026-04-12
查询结果数量: 0
[DEBUG] get_valid_student_ids_for_management_page: 来源1=0, 来源2=29, 来源3=0, 来源4=29, 来源5=6, union_ids=29, 最终有效学生数=29
API查询: month=2026-04, week=1
日期范围: 2026-04-06 到 2026-04-12
查询结果数量: 0
[DEBUG] get_valid_student_ids_for_management_page: 来源1=0, 来源2=29, 来源3=0, 来源4=29, 来源5=6, union_ids=29, 最终有效学生数=29
[DEBUG] get_valid_student_ids_for_management_page: 来源1=0, 来源2=29, 来源3=0, 来源4=29, 来源5=6, union_ids=29, 最终有效学生数=29
[DEBUG] get_valid_student_ids_for_management_page: 来源1=0, 来源2=29, 来源3=0, 来源4=29, 来源5=6, union_ids=29, 最终有效学生数=29
[DEBUG] get_valid_student_ids_for_management_page: 来源1=0, 来源2=29, 来源3=0, 来源4=29, 来源5=6, union_ids=29, 最终有效学生数=29
[DEBUG] get_valid_student_ids_for_management_page: 来源1=0, 来源2=29, 来源3=0, 来源4=29, 来源5=6, union_ids=29, 最终有效学生数=29
[DEBUG] get_valid_student_ids_for_management_page: 来源1=0, 来源2=29, 来源3=0, 来源4=29, 来源5=6, union_ids=29, 最终有效学生数=29
[DEBUG] get_valid_student_ids_for_management_page: 来源1=0, 来源2=29, 来源3=0, 来源4=29, 来源5=6, union_ids=29, 最终有效学生数=29
API查询: month=2026-04, week=1
日期范围: 2026-04-06 到 2026-04-12
查询结果数量: 0
[DEBUG] get_valid_student_ids_for_management_page: 来源1=0, 来源2=29, 来源3=0, 来源4=29, 来源5=6, union_ids=29, 最终有效学生数=29
API查询: month=2026-03, week=4
日期范围: 2026-03-23 到 2026-03-29
查询结果数量: 2
第一条记录日期: 2026-03-28
[DEBUG] get_valid_student_ids_for_management_page: 来源1=0, 来源2=29, 来源3=0, 来源4=29, 来源5=6, union_ids=29, 最终有效学生数=29
API查询: month=2026-04, week=1
日期范围: 2026-04-06 到 2026-04-12
查询结果数量: 2
第一条记录日期: 2026-04-11
[DEBUG] get_valid_student_ids_for_management_page: 来源1=0, 来源2=29, 来源3=0, 来源4=29, 来源5=6, union_ids=29, 最终有效学生数=29
[DEBUG] get_valid_student_ids_for_management_page: 来源1=0, 来源2=29, 来源3=0, 来源4=29, 来源5=6, union_ids=29, 最终有效学生数=29
[DEBUG] get_valid_student_ids_for_management_page: 来源1=0, 来源2=29, 来源3=0, 来源4=29, 来源5=6, union_ids=29, 最终有效学生数=29
API查询: month=2026-04, week=1
日期范围: 2026-04-06 到 2026-04-12
查询结果数量: 2
第一条记录日期: 2026-04-11
[DEBUG] get_valid_student_ids_for_management_page: 来源1=0, 来源2=29, 来源3=0, 来源4=29, 来源5=6, union_ids=29, 最终有效学生数=29
[DEBUG] get_valid_student_ids_for_management_page: 来源1=0, 来源2=29, 来源3=0, 来源4=29, 来源5=6, union_ids=29, 最终有效学生数=29
[DEBUG] get_valid_student_ids_for_management_page: 来源1=0, 来源2=29, 来源3=0, 来源4=29, 来源5=6, union_ids=29, 最终有效学生数=29
API查询: month=2026-04, week=1
日期范围: 2026-04-06 到 2026-04-12
查询结果数量: 2
第一条记录日期: 2026-04-11
[DEBUG] get_valid_student_ids_for_management_page: 来源1=0, 来源2=29, 来源3=0, 来源4=29, 来源5=6, union_ids=29, 最终有效学生数=29
[DEBUG] get_valid_student_ids_for_management_page: 来源1=0, 来源2=29, 来源3=0, 来源4=29, 来源5=6, union_ids=29, 最终有效学生数=29
[DEBUG] get_valid_student_ids_for_management_page: 来源1=0, 来源2=29, 来源3=0, 来源4=29, 来源5=6, union_ids=29, 最终有效学生数=29
API查询: month=2026-04, week=1
日期范围: 2026-04-06 到 2026-04-12
查询结果数量: 2
第一条记录日期: 2026-04-11
[DEBUG] get_valid_student_ids_for_management_page: 来源1=0, 来源2=29, 来源3=0, 来源4=29, 来源5=6, union_ids=29, 最终有效学生数=29
[DEBUG] get_valid_student_ids_for_management_page: 来源1=0, 来源2=29, 来源3=0, 来源4=29, 来源5=6, union_ids=29, 最终有效学生数=29
[DEBUG] get_valid_student_ids_for_management_page: 来源1=0, 来源2=29, 来源3=0, 来源4=29, 来源5=6, union_ids=29, 最终有效学生数=29
API查询: month=2026-03, week=3
日期范围: 2026-03-16 到 2026-03-22
查询结果数量: 1
第一条记录日期: 2026-03-18
[DEBUG] get_valid_student_ids_for_management_page: 来源1=0, 来源2=29, 来源3=0, 来源4=29, 来源5=6, union_ids=29, 最终有效学生数=29
[DEBUG] get_valid_student_ids_for_management_page: 来源1=0, 来源2=29, 来源3=0, 来源4=29, 来源5=6, union_ids=29, 最终有效学生数=29
[DEBUG] get_valid_student_ids_for_management_page: 来源1=0, 来源2=29, 来源3=0, 来源4=29, 来源5=6, union_ids=29, 最终有效学生数=29
API查询: month=2026-03, week=3
日期范围: 2026-03-16 到 2026-03-22
查询结果数量: 1
第一条记录日期: 2026-03-18
[DEBUG] get_valid_student_ids_for_management_page: 来源1=0, 来源2=29, 来源3=0, 来源4=29, 来源5=6, union_ids=29, 最终有效学生数=29
[DEBUG] get_valid_student_ids_for_management_page: 来源1=0, 来源2=29, 来源3=0, 来源4=29, 来源5=6, union_ids=29, 最终有效学生数=29
[DEBUG] get_valid_student_ids_for_management_page: 来源1=0, 来源2=29, 来源3=0, 来源4=29, 来源5=6, union_ids=29, 最终有效学生数=29
API查询: month=2026-03, week=4
日期范围: 2026-03-23 到 2026-03-29
查询结果数量: 2
第一条记录日期: 2026-03-28
[DEBUG] get_valid_student_ids_for_management_page: 来源1=0, 来源2=29, 来源3=0, 来源4=29, 来源5=6, union_ids=29, 最终有效学生数=29
[DEBUG] get_valid_student_ids_for_management_page: 来源1=0, 来源2=29, 来源3=0, 来源4=29, 来源5=6, union_ids=29, 最终有效学生数=29
[DEBUG] get_valid_student_ids_for_management_page: 来源1=0, 来源2=29, 来源3=0, 来源4=29, 来源5=6, union_ids=29, 最终有效学生数=29
API查询: month=2026-03, week=4
日期范围: 2026-03-23 到 2026-03-29
查询结果数量: 2
第一条记录日期: 2026-03-28
[DEBUG] get_valid_student_ids_for_management_page: 来源1=0, 来源2=29, 来源3=0, 来源4=29, 来源5=6, union_ids=29, 最终有效学生数=29
[DEBUG] get_valid_student_ids_for_management_page: 来源1=0, 来源2=29, 来源3=0, 来源4=29, 来源5=6, union_ids=29, 最终有效学生数=29
[DEBUG] get_valid_student_ids_for_management_page: 来源1=0, 来源2=29, 来源3=0, 来源4=29, 来源5=6, union_ids=29, 最终有效学生数=29
API查询: month=2026-04, week=1
日期范围: 2026-04-06 到 2026-04-12
查询结果数量: 2
第一条记录日期: 2026-04-11
[DEBUG] get_valid_student_ids_for_management_page: 来源1=0, 来源2=29, 来源3=0, 来源4=29, 来源5=6, union_ids=29, 最终有效学生数=29
[DEBUG] get_valid_student_ids_for_management_page: 来源1=0, 来源2=29, 来源3=0, 来源4=29, 来源5=6, union_ids=29, 最终有效学生数=29
[DEBUG] get_valid_student_ids_for_management_page: 来源1=0, 来源2=29, 来源3=0, 来源4=29, 来源5=6, union_ids=29, 最终有效学生数=29
API查询: month=2026-04, week=1
日期范围: 2026-04-06 到 2026-04-12
查询结果数量: 2
第一条记录日期: 2026-04-11
[DEBUG] get_valid_student_ids_for_management_page: 来源1=0, 来源2=29, 来源3=0, 来源4=29, 来源5=6, union_ids=29, 最终有效学生数=29
[DEBUG] get_valid_student_ids_for_management_page: 来源1=0, 来源2=29, 来源3=0, 来源4=29, 来源5=6, union_ids=29, 最终有效学生数=29
[DEBUG] get_valid_student_ids_for_management_page: 来源1=0, 来源2=29, 来源3=0, 来源4=29, 来源5=6, union_ids=29, 最终有效学生数=29
API查询: month=2026-04, week=1
日期范围: 2026-04-06 到 2026-04-12
查询结果数量: 2
第一条记录日期: 2026-04-11
[DEBUG] get_valid_student_ids_for_management_page: 来源1=0, 来源2=29, 来源3=0, 来源4=29, 来源5=6, union_ids=29, 最终有效学生数=29
[DEBUG] get_valid_student_ids_for_management_page: 来源1=0, 来源2=29, 来源3=0, 来源4=29, 来源5=6, union_ids=29, 最终有效学生数=29
[DEBUG] get_valid_student_ids_for_management_page: 来源1=0, 来源2=29, 来源3=0, 来源4=29, 来源5=6, union_ids=29, 最终有效学生数=29
API查询: month=2026-04, week=1
日期范围: 2026-04-06 到 2026-04-12
查询结果数量: 2
第一条记录日期: 2026-04-11
[DEBUG] get_valid_student_ids_for_management_page: 来源1=0, 来源2=29, 来源3=0, 来源4=29, 来源5=6, union_ids=29, 最终有效学生数=29
[DEBUG] get_valid_student_ids_for_management_page: 来源1=0, 来源2=29, 来源3=0, 来源4=29, 来源5=6, union_ids=29, 最终有效学生数=29
[DEBUG] get_valid_student_ids_for_management_page: 来源1=0, 来源2=29, 来源3=0, 来源4=29, 来源5=6, union_ids=29, 最终有效学生数=29
[DEBUG] get_valid_student_ids_for_management_page: 来源1=0, 来源2=29, 来源3=0, 来源4=29, 来源5=6, union_ids=29, 最终有效学生数=29
[DEBUG] get_valid_student_ids_for_management_page: 来源1=0, 来源2=29, 来源3=0, 来源4=29, 来源5=6, union_ids=29, 最终有效学生数=29
[DEBUG] get_valid_student_ids_for_management_page: 来源1=0, 来源2=29, 来源3=0, 来源4=29, 来源5=6, union_ids=29, 最终有效学生数=29
[DEBUG] get_valid_student_ids_for_management_page: 来源1=0, 来源2=29, 来源3=0, 来源4=29, 来源5=6, union_ids=29, 最终有效学生数=29
[DEBUG] get_valid_student_ids_for_management_page: 来源1=0, 来源2=29, 来源3=0, 来源4=29, 来源5=6, union_ids=29, 最终有效学生数=29
[DEBUG] get_valid_student_ids_for_management_page: 来源1=0, 来源2=29, 来源3=0, 来源4=29, 来源5=6, union_ids=29, 最终有效学生数=29
[DEBUG] get_valid_student_ids_for_management_page: 来源1=0, 来源2=29, 来源3=0, 来源4=29, 来源5=6, union_ids=29, 最终有效学生数=29
[DEBUG] get_valid_student_ids_for_management_page: 来源1=0, 来源2=29, 来源3=0, 来源4=29, 来源5=6, union_ids=29, 最终有效学生数=29
[DEBUG] get_valid_student_ids_for_management_page: 来源1=0, 来源2=29, 来源3=0, 来源4=29, 来源5=6, union_ids=29, 最终有效学生数=29
API查询: month=2026-04, week=2
日期范围: 2026-04-13 到 2026-04-19
查询结果数量: 0
[DEBUG] get_valid_student_ids_for_management_page: 来源1=0, 来源2=29, 来源3=0, 来源4=29, 来源5=6, union_ids=29, 最终有效学生数=29
API查询: month=2026-04, week=2
日期范围: 2026-04-13 到 2026-04-19
查询结果数量: 1
第一条记录日期: 2026-04-14
[DEBUG] get_valid_student_ids_for_management_page: 来源1=0, 来源2=29, 来源3=0, 来源4=29, 来源5=6, union_ids=29, 最终有效学生数=29
API查询: month=2026-04, week=2
日期范围: 2026-04-13 到 2026-04-19
查询结果数量: 0
[DEBUG] get_valid_student_ids_for_management_page: 来源1=0, 来源2=29, 来源3=0, 来源4=29, 来源5=6, union_ids=29, 最终有效学生数=29
[DEBUG] get_valid_student_ids_for_management_page: 来源1=0, 来源2=29, 来源3=0, 来源4=29, 来源5=6, union_ids=29, 最终有效学生数=29
API查询: month=2026-04, week=2
日期范围: 2026-04-13 到 2026-04-19
查询结果数量: 0
[DEBUG] get_valid_student_ids_for_management_page: 来源1=0, 来源2=29, 来源3=0, 来源4=29, 来源5=6, union_ids=29, 最终有效学生数=29
API查询: month=2026-04, week=2
日期范围: 2026-04-13 到 2026-04-19
查询结果数量: 0
[DEBUG] get_valid_student_ids_for_management_page: 来源1=0, 来源2=29, 来源3=0, 来源4=29, 来源5=6, union_ids=29, 最终有效学生数=29
[DEBUG] get_valid_student_ids_for_management_page: 来源1=0, 来源2=29, 来源3=0, 来源4=29, 来源5=6, union_ids=29, 最终有效学生数=29
API查询: month=2026-04, week=2
日期范围: 2026-04-13 到 2026-04-19
查询结果数量: 0
[DEBUG] get_valid_student_ids_for_management_page: 来源1=0, 来源2=29, 来源3=0, 来源4=29, 来源5=6, union_ids=29, 最终有效学生数=29
[DEBUG] get_valid_student_ids_for_management_page: 来源1=0, 来源2=29, 来源3=0, 来源4=29, 来源5=6, union_ids=29, 最终有效学生数=29
API查询: month=2026-04, week=2
日期范围: 2026-04-13 到 2026-04-19
查询结果数量: 1
第一条记录日期: 2026-04-14
[DEBUG] get_valid_student_ids_for_management_page: 来源1=0, 来源2=29, 来源3=0, 来源4=29, 来源5=6, union_ids=29, 最终有效学生数=29
[DEBUG] get_valid_student_ids_for_management_page: 来源1=0, 来源2=29, 来源3=0, 来源4=29, 来源5=6, union_ids=29, 最终有效学生数=29
[DEBUG] get_valid_student_ids_for_management_page: 来源1=0, 来源2=29, 来源3=0, 来源4=29, 来源5=6, union_ids=29, 最终有效学生数=29
API查询: month=2026-04, week=2
日期范围: 2026-04-13 到 2026-04-19
查询结果数量: 1
第一条记录日期: 2026-04-14
[DEBUG] get_valid_student_ids_for_management_page: 来源1=0, 来源2=29, 来源3=0, 来源4=29, 来源5=6, union_ids=29, 最终有效学生数=29
[DEBUG] get_valid_student_ids_for_management_page: 来源1=0, 来源2=29, 来源3=0, 来源4=29, 来源5=6, union_ids=29, 最终有效学生数=29
[DEBUG] get_valid_student_ids_for_management_page: 来源1=0, 来源2=29, 来源3=0, 来源4=29, 来源5=6, union_ids=29, 最终有效学生数=29
API查询: month=2026-04, week=2
日期范围: 2026-04-13 到 2026-04-19
查询结果数量: 1
第一条记录日期: 2026-04-14
[DEBUG] get_valid_student_ids_for_management_page: 来源1=0, 来源2=29, 来源3=0, 来源4=29, 来源5=6, union_ids=29, 最终有效学生数=29
[DEBUG] get_valid_student_ids_for_management_page: 来源1=0, 来源2=29, 来源3=0, 来源4=29, 来源5=6, union_ids=29, 最终有效学生数=29
[DEBUG] get_valid_student_ids_for_management_page: 来源1=0, 来源2=29, 来源3=0, 来源4=29, 来源5=6, union_ids=29, 最终有效学生数=29
[DEBUG] get_valid_student_ids_for_management_page: 来源1=0, 来源2=29, 来源3=0, 来源4=29, 来源5=6, union_ids=29, 最终有效学生数=29
API查询: month=2026-04, week=3
日期范围: 2026-04-20 到 2026-04-26
查询结果数量: 0
[DEBUG] get_valid_student_ids_for_management_page: 来源1=0, 来源2=29, 来源3=0, 来源4=29, 来源5=6, union_ids=29, 最终有效学生数=29
[DEBUG] get_valid_student_ids_for_management_page: 来源1=0, 来源2=29, 来源3=0, 来源4=29, 来源5=6, union_ids=29, 最终有效学生数=29
[DEBUG] get_valid_student_ids_for_management_page: 来源1=0, 来源2=29, 来源3=0, 来源4=29, 来源5=6, union_ids=29, 最终有效学生数=29
[DEBUG] get_valid_student_ids_for_management_page: 来源1=0, 来源2=29, 来源3=0, 来源4=29, 来源5=6, union_ids=29, 最终有效学生数=29
[DEBUG] get_valid_student_ids_for_management_page: 来源1=0, 来源2=29, 来源3=0, 来源4=29, 来源5=6, union_ids=29, 最终有效学生数=29
[DEBUG] get_valid_student_ids_for_management_page: 来源1=0, 来源2=29, 来源3=0, 来源4=29, 来源5=6, union_ids=29, 最终有效学生数=29
[DEBUG] get_valid_student_ids_for_management_page: 来源1=0, 来源2=29, 来源3=0, 来源4=29, 来源5=6, union_ids=29, 最终有效学生数=29
[DEBUG] get_valid_student_ids_for_management_page: 来源1=0, 来源2=29, 来源3=0, 来源4=29, 来源5=6, union_ids=29, 最终有效学生数=29
[DEBUG] get_valid_student_ids_for_management_page: 来源1=0, 来源2=29, 来源3=0, 来源4=29, 来源5=6, union_ids=29, 最终有效学生数=29
[DEBUG] get_valid_student_ids_for_management_page: 来源1=0, 来源2=29, 来源3=0, 来源4=29, 来源5=6, union_ids=29, 最终有效学生数=29
[DEBUG] get_valid_student_ids_for_management_page: 来源1=0, 来源2=29, 来源3=0, 来源4=29, 来源5=6, union_ids=29, 最终有效学生数=29
API查询: month=2026-04, week=3
日期范围: 2026-04-20 到 2026-04-26
查询结果数量: 0
[DEBUG] get_valid_student_ids_for_management_page: 来源1=0, 来源2=29, 来源3=0, 来源4=29, 来源5=6, union_ids=29, 最终有效学生数=29
API查询: month=2026-04, week=3
日期范围: 2026-04-20 到 2026-04-26
查询结果数量: 0
[DEBUG] get_valid_student_ids_for_management_page: 来源1=0, 来源2=29, 来源3=0, 来源4=29, 来源5=6, union_ids=29, 最终有效学生数=29
API查询: month=2026-04, week=3
日期范围: 2026-04-20 到 2026-04-26
查询结果数量: 0
[DEBUG] get_valid_student_ids_for_management_page: 来源1=0, 来源2=29, 来源3=0, 来源4=29, 来源5=6, union_ids=29, 最终有效学生数=29
[DEBUG] get_valid_student_ids_for_management_page: 来源1=0, 来源2=29, 来源3=0, 来源4=29, 来源5=6, union_ids=29, 最终有效学生数=29
API查询: month=2026-04, week=3
日期范围: 2026-04-20 到 2026-04-26
查询结果数量: 0
[DEBUG] get_valid_student_ids_for_management_page: 来源1=0, 来源2=29, 来源3=0, 来源4=29, 来源5=6, union_ids=29, 最终有效学生数=29
API查询: month=2026-04, week=3
日期范围: 2026-04-20 到 2026-04-26
查询结果数量: 0
[DEBUG] get_valid_student_ids_for_management_page: 来源1=0, 来源2=29, 来源3=0, 来源4=29, 来源5=6, union_ids=29, 最终有效学生数=29
API查询: month=2026-04, week=3
日期范围: 2026-04-20 到 2026-04-26
查询结果数量: 0
[DEBUG] get_valid_student_ids_for_management_page: 来源1=0, 来源2=29, 来源3=0, 来源4=29, 来源5=6, union_ids=29, 最终有效学生数=29
[DEBUG] get_valid_student_ids_for_management_page: 来源1=0, 来源2=29, 来源3=0, 来源4=29, 来源5=6, union_ids=29, 最终有效学生数=29
[DEBUG] get_valid_student_ids_for_management_page: 来源1=0, 来源2=29, 来源3=0, 来源4=29, 来源5=6, union_ids=29, 最终有效学生数=29
API查询: month=2026-04, week=3
日期范围: 2026-04-20 到 2026-04-26
查询结果数量: 0
[DEBUG] get_valid_student_ids_for_management_page: 来源1=0, 来源2=29, 来源3=0, 来源4=29, 来源5=6, union_ids=29, 最终有效学生数=29
[DEBUG] get_valid_student_ids_for_management_page: 来源1=0, 来源2=29, 来源3=0, 来源4=29, 来源5=6, union_ids=29, 最终有效学生数=29
[DEBUG] get_valid_student_ids_for_management_page: 来源1=0, 来源2=29, 来源3=0, 来源4=29, 来源5=6, union_ids=29, 最终有效学生数=29
API查询: month=2026-04, week=3
日期范围: 2026-04-20 到 2026-04-26
查询结果数量: 0
[DEBUG] get_valid_student_ids_for_management_page: 来源1=0, 来源2=29, 来源3=0, 来源4=29, 来源5=6, union_ids=29, 最终有效学生数=29
[DEBUG] get_valid_student_ids_for_management_page: 来源1=0, 来源2=29, 来源3=0, 来源4=29, 来源5=6, union_ids=29, 最终有效学生数=29
[DEBUG] get_valid_student_ids_for_management_page: 来源1=0, 来源2=29, 来源3=0, 来源4=29, 来源5=6, union_ids=29, 最终有效学生数=29
API查询: month=2026-04, week=3
日期范围: 2026-04-20 到 2026-04-26
查询结果数量: 0
[DEBUG] get_valid_student_ids_for_management_page: 来源1=0, 来源2=29, 来源3=0, 来源4=29, 来源5=6, union_ids=29, 最终有效学生数=29
[DEBUG] get_valid_student_ids_for_management_page: 来源1=0, 来源2=29, 来源3=0, 来源4=29, 来源5=6, union_ids=29, 最终有效学生数=29
[DEBUG] get_valid_student_ids_for_management_page: 来源1=0, 来源2=29, 来源3=0, 来源4=29, 来源5=6, union_ids=29, 最终有效学生数=29
[DEBUG] get_valid_student_ids_for_management_page: 来源1=0, 来源2=29, 来源3=0, 来源4=29, 来源5=6, union_ids=29, 最终有效学生数=29
[DEBUG] get_valid_student_ids_for_management_page: 来源1=0, 来源2=29, 来源3=0, 来源4=29, 来源5=6, union_ids=29, 最终有效学生数=29
[DEBUG] get_valid_student_ids_for_management_page: 来源1=0, 来源2=29, 来源3=0, 来源4=29, 来源5=6, union_ids=29, 最终有效学生数=29
[DEBUG] get_valid_student_ids_for_management_page: 来源1=0, 来源2=29, 来源3=0, 来源4=29, 来源5=6, union_ids=29, 最终有效学生数=29
[DEBUG] get_valid_student_ids_for_management_page: 来源1=0, 来源2=29, 来源3=0, 来源4=29, 来源5=6, union_ids=29, 最终有效学生数=29
[DEBUG] get_valid_student_ids_for_management_page: 来源1=0, 来源2=29, 来源3=0, 来源4=29, 来源5=6, union_ids=29, 最终有效学生数=29
[DEBUG] get_valid_student_ids_for_management_page: 来源1=0, 来源2=29, 来源3=0, 来源4=29, 来源5=6, union_ids=29, 最终有效学生数=29
[DEBUG] get_valid_student_ids_for_management_page: 来源1=0, 来源2=29, 来源3=0, 来源4=29, 来源5=6, union_ids=29, 最终有效学生数=29
[DEBUG] get_valid_student_ids_for_management_page: 来源1=0, 来源2=29, 来源3=0, 来源4=29, 来源5=6, union_ids=29, 最终有效学生数=29
API查询: month=2026-03, week=3
日期范围: 2026-03-16 到 2026-03-22
查询结果数量: 0
[DEBUG] get_valid_student_ids_for_management_page: 来源1=0, 来源2=29, 来源3=0, 来源4=29, 来源5=6, union_ids=29, 最终有效学生数=29
API查询: month=2026-03, week=3
日期范围: 2026-03-16 到 2026-03-22
查询结果数量: 0
[DEBUG] get_valid_student_ids_for_management_page: 来源1=0, 来源2=29, 来源3=0, 来源4=29, 来源5=6, union_ids=29, 最终有效学生数=29
API查询: month=2026-03, week=3
日期范围: 2026-03-16 到 2026-03-22
查询结果数量: 1
第一条记录日期: 2026-03-18
[DEBUG] get_valid_student_ids_for_management_page: 来源1=0, 来源2=29, 来源3=0, 来源4=29, 来源5=6, union_ids=29, 最终有效学生数=29
[DEBUG] get_valid_student_ids_for_management_page: 来源1=0, 来源2=29, 来源3=0, 来源4=29, 来源5=6, union_ids=29, 最终有效学生数=29
API查询: month=2026-03, week=3
日期范围: 2026-03-16 到 2026-03-22
查询结果数量: 0
[DEBUG] get_valid_student_ids_for_management_page: 来源1=0, 来源2=29, 来源3=0, 来源4=29, 来源5=6, union_ids=29, 最终有效学生数=29
API查询: month=2026-03, week=3
日期范围: 2026-03-16 到 2026-03-22
查询结果数量: 0
[DEBUG] get_valid_student_ids_for_management_page: 来源1=0, 来源2=29, 来源3=0, 来源4=29, 来源5=6, union_ids=29, 最终有效学生数=29
[DEBUG] get_valid_student_ids_for_management_page: 来源1=0, 来源2=29, 来源3=0, 来源4=29, 来源5=6, union_ids=29, 最终有效学生数=29
API查询: month=2026-03, week=3
日期范围: 2026-03-16 到 2026-03-22
查询结果数量: 0
[DEBUG] get_valid_student_ids_for_management_page: 来源1=0, 来源2=29, 来源3=0, 来源4=29, 来源5=6, union_ids=29, 最终有效学生数=29
[DEBUG] get_valid_student_ids_for_management_page: 来源1=0, 来源2=29, 来源3=0, 来源4=29, 来源5=6, union_ids=29, 最终有效学生数=29
[DEBUG] get_valid_student_ids_for_management_page: 来源1=0, 来源2=29, 来源3=0, 来源4=29, 来源5=6, union_ids=29, 最终有效学生数=29
[DEBUG] get_valid_student_ids_for_management_page: 来源1=0, 来源2=29, 来源3=0, 来源4=29, 来源5=6, union_ids=29, 最终有效学生数=29
[DEBUG] get_valid_student_ids_for_management_page: 来源1=0, 来源2=29, 来源3=0, 来源4=29, 来源5=6, union_ids=29, 最终有效学生数=29
[DEBUG] get_valid_student_ids_for_management_page: 来源1=0, 来源2=29, 来源3=0, 来源4=29, 来源5=6, union_ids=29, 最终有效学生数=29
[DEBUG] get_valid_student_ids_for_management_page: 来源1=0, 来源2=29, 来源3=0, 来源4=29, 来源5=6, union_ids=29, 最终有效学生数=29
[DEBUG] get_valid_student_ids_for_management_page: 来源1=0, 来源2=29, 来源3=0, 来源4=29, 来源5=6, union_ids=29, 最终有效学生数=29
[DEBUG] get_valid_student_ids_for_management_page: 来源1=0, 来源2=29, 来源3=0, 来源4=29, 来源5=6, union_ids=29, 最终有效学生数=29
[DEBUG] get_valid_student_ids_for_management_page: 来源1=0, 来源2=29, 来源3=0, 来源4=29, 来源5=6, union_ids=29, 最终有效学生数=29
API查询: month=2026-03, week=3
日期范围: 2026-03-16 到 2026-03-22
查询结果数量: 1
第一条记录日期: 2026-03-18
[DEBUG] get_valid_student_ids_for_management_page: 来源1=0, 来源2=29, 来源3=0, 来源4=29, 来源5=6, union_ids=29, 最终有效学生数=29
[DEBUG] get_valid_student_ids_for_management_page: 来源1=0, 来源2=29, 来源3=0, 来源4=29, 来源5=6, union_ids=29, 最终有效学生数=29
API查询: month=2026-04, week=3
日期范围: 2026-04-20 到 2026-04-26
查询结果数量: 0
[DEBUG] get_valid_student_ids_for_management_page: 来源1=0, 来源2=29, 来源3=0, 来源4=29, 来源5=6, union_ids=29, 最终有效学生数=29
API查询: month=2026-04, week=3
日期范围: 2026-04-20 到 2026-04-26
查询结果数量: 0
[DEBUG] get_valid_student_ids_for_management_page: 来源1=0, 来源2=29, 来源3=0, 来源4=29, 来源5=6, union_ids=29, 最终有效学生数=29
[DEBUG] get_valid_student_ids_for_management_page: 来源1=0, 来源2=29, 来源3=0, 来源4=29, 来源5=6, union_ids=29, 最终有效学生数=29
API查询: month=2026-04, week=3
日期范围: 2026-04-20 到 2026-04-26
查询结果数量: 0
[DEBUG] get_valid_student_ids_for_management_page: 来源1=0, 来源2=29, 来源3=0, 来源4=29, 来源5=6, union_ids=29, 最终有效学生数=29
[DEBUG] get_valid_student_ids_for_management_page: 来源1=0, 来源2=29, 来源3=0, 来源4=29, 来源5=6, union_ids=29, 最终有效学生数=29
API查询: month=2026-04, week=3
日期范围: 2026-04-20 到 2026-04-26
查询结果数量: 0
[DEBUG] get_valid_student_ids_for_management_page: 来源1=0, 来源2=29, 来源3=0, 来源4=29, 来源5=6, union_ids=29, 最终有效学生数=29
[DEBUG] get_valid_student_ids_for_management_page: 来源1=0, 来源2=29, 来源3=0, 来源4=29, 来源5=6, union_ids=29, 最终有效学生数=29
API查询: month=2026-04, week=3
日期范围: 2026-04-20 到 2026-04-26
查询结果数量: 0
[DEBUG] get_valid_student_ids_for_management_page: 来源1=0, 来源2=29, 来源3=0, 来源4=29, 来源5=6, union_ids=29, 最终有效学生数=29
[DEBUG] get_valid_student_ids_for_management_page: 来源1=0, 来源2=29, 来源3=0, 来源4=29, 来源5=6, union_ids=29, 最终有效学生数=29
[DEBUG] get_valid_student_ids_for_management_page: 来源1=0, 来源2=29, 来源3=0, 来源4=29, 来源5=6, union_ids=29, 最终有效学生数=29
Stats request: month=2026-03, student_id=None, course_id=None
[DEBUG] get_valid_student_ids_for_management_page: 来源1=0, 来源2=29, 来源3=0, 来源4=29, 来源5=6, union_ids=29, 最终有效学生数=29
API查询: month=2026-04, week=3
日期范围: 2026-04-20 到 2026-04-26
查询结果数量: 0
[DEBUG] get_valid_student_ids_for_management_page: 来源1=0, 来源2=29, 来源3=0, 来源4=29, 来源5=6, union_ids=29, 最终有效学生数=29
API查询: month=2026-04, week=3
日期范围: 2026-04-20 到 2026-04-26
查询结果数量: 0
[DEBUG] get_valid_student_ids_for_management_page: 来源1=0, 来源2=29, 来源3=0, 来源4=29, 来源5=6, union_ids=29, 最终有效学生数=29
[DEBUG] get_valid_student_ids_for_management_page: 来源1=0, 来源2=29, 来源3=0, 来源4=29, 来源5=6, union_ids=29, 最终有效学生数=29
Stats request: month=2026-03, student_id=None, course_id=None
[DEBUG] get_valid_student_ids_for_management_page: 来源1=0, 来源2=29, 来源3=0, 来源4=29, 来源5=6, union_ids=29, 最终有效学生数=29
API查询: month=2026-03, week=3
日期范围: 2026-03-16 到 2026-03-22
查询结果数量: 1
第一条记录日期: 2026-03-18
[DEBUG] get_valid_student_ids_for_management_page: 来源1=0, 来源2=29, 来源3=0, 来源4=29, 来源5=6, union_ids=29, 最终有效学生数=29
[DEBUG] get_valid_student_ids_for_management_page: 来源1=0, 来源2=29, 来源3=0, 来源4=29, 来源5=6, union_ids=29, 最终有效学生数=29
[DEBUG] get_valid_student_ids_for_management_page: 来源1=0, 来源2=29, 来源3=0, 来源4=29, 来源5=6, union_ids=29, 最终有效学生数=29
[DEBUG] get_valid_student_ids_for_management_page: 来源1=0, 来源2=29, 来源3=0, 来源4=29, 来源5=6, union_ids=29, 最终有效学生数=29
[DEBUG] get_valid_student_ids_for_management_page: 来源1=0, 来源2=29, 来源3=0, 来源4=29, 来源5=6, union_ids=29, 最终有效学生数=29
API查询: month=2026-04, week=3
日期范围: 2026-04-20 到 2026-04-26
查询结果数量: 0
[DEBUG] get_valid_student_ids_for_management_page: 来源1=0, 来源2=29, 来源3=0, 来源4=29, 来源5=6, union_ids=29, 最终有效学生数=29
[DEBUG] get_valid_student_ids_for_management_page: 来源1=0, 来源2=29, 来源3=0, 来源4=29, 来源5=6, union_ids=29, 最终有效学生数=29
API查询: month=2026-03, week=3
日期范围: 2026-03-16 到 2026-03-22
查询结果数量: 1
第一条记录日期: 2026-03-18
[DEBUG] get_valid_student_ids_for_management_page: 来源1=0, 来源2=29, 来源3=0, 来源4=29, 来源5=6, union_ids=29, 最终有效学生数=29
[DEBUG] get_valid_student_ids_for_management_page: 来源1=0, 来源2=29, 来源3=0, 来源4=29, 来源5=6, union_ids=29, 最终有效学生数=29
[DEBUG] get_valid_student_ids_for_management_page: 来源1=0, 来源2=29, 来源3=0, 来源4=29, 来源5=6, union_ids=29, 最终有效学生数=29
[DEBUG] get_valid_student_ids_for_management_page: 来源1=0, 来源2=29, 来源3=0, 来源4=29, 来源5=6, union_ids=29, 最终有效学生数=29
[DEBUG] get_valid_student_ids_for_management_page: 来源1=0, 来源2=29, 来源3=0, 来源4=29, 来源5=6, union_ids=29, 最终有效学生数=29
API查询: month=2026-04, week=3
日期范围: 2026-04-20 到 2026-04-26
查询结果数量: 0
[DEBUG] get_valid_student_ids_for_management_page: 来源1=0, 来源2=29, 来源3=0, 来源4=29, 来源5=6, union_ids=29, 最终有效学生数=29
API查询: month=2026-03, week=3
日期范围: 2026-03-16 到 2026-03-22
查询结果数量: 1
第一条记录日期: 2026-03-18
[DEBUG] get_valid_student_ids_for_management_page: 来源1=0, 来源2=29, 来源3=0, 来源4=29, 来源5=6, union_ids=29, 最终有效学生数=29
[DEBUG] get_valid_student_ids_for_management_page: 来源1=0, 来源2=29, 来源3=0, 来源4=29, 来源5=6, union_ids=29, 最终有效学生数=29
[DEBUG] get_valid_student_ids_for_management_page: 来源1=0, 来源2=29, 来源3=0, 来源4=29, 来源5=6, union_ids=29, 最终有效学生数=29
API查询: month=2026-04, week=3
日期范围: 2026-04-20 到 2026-04-26
查询结果数量: 0
Stats request: month=2026-03, student_id=None, course_id=None
[DEBUG] get_valid_student_ids_for_management_page: 来源1=0, 来源2=29, 来源3=0, 来源4=29, 来源5=6, union_ids=29, 最终有效学生数=29
[DEBUG] get_valid_student_ids_for_management_page: 来源1=0, 来源2=29, 来源3=0, 来源4=29, 来源5=6, union_ids=29, 最终有效学生数=29
[DEBUG] get_valid_student_ids_for_management_page: 来源1=0, 来源2=29, 来源3=0, 来源4=29, 来源5=6, union_ids=29, 最终有效学生数=29
Stats request: month=2026-03, student_id=None, course_id=None
[DEBUG] get_valid_student_ids_for_management_page: 来源1=0, 来源2=29, 来源3=0, 来源4=29, 来源5=6, union_ids=29, 最终有效学生数=29
API查询: month=2026-04, week=3
日期范围: 2026-04-20 到 2026-04-26
查询结果数量: 0
[DEBUG] get_valid_student_ids_for_management_page: 来源1=0, 来源2=29, 来源3=0, 来源4=29, 来源5=6, union_ids=29, 最终有效学生数=29
[DEBUG] get_valid_student_ids_for_management_page: 来源1=0, 来源2=29, 来源3=0, 来源4=29, 来源5=6, union_ids=29, 最终有效学生数=29
[DEBUG] get_valid_student_ids_for_management_page: 来源1=0, 来源2=29, 来源3=0, 来源4=29, 来源5=6, union_ids=29, 最终有效学生数=29
[DEBUG] get_valid_student_ids_for_management_page: 来源1=0, 来源2=29, 来源3=0, 来源4=29, 来源5=6, union_ids=29, 最终有效学生数=29
[DEBUG] get_valid_student_ids_for_management_page: 来源1=0, 来源2=29, 来源3=0, 来源4=29, 来源5=6, union_ids=29, 最终有效学生数=29
[DEBUG] get_valid_student_ids_for_management_page: 来源1=0, 来源2=29, 来源3=0, 来源4=29, 来源5=6, union_ids=29, 最终有效学生数=29
[DEBUG] get_valid_student_ids_for_management_page: 来源1=0, 来源2=29, 来源3=0, 来源4=29, 来源5=6, union_ids=29, 最终有效学生数=29
[DEBUG] get_valid_student_ids_for_management_page: 来源1=0, 来源2=29, 来源3=0, 来源4=29, 来源5=6, union_ids=29, 最终有效学生数=29
[DEBUG] get_valid_student_ids_for_management_page: 来源1=0, 来源2=29, 来源3=0, 来源4=29, 来源5=6, union_ids=29, 最终有效学生数=29
[DEBUG] get_valid_student_ids_for_management_page: 来源1=0, 来源2=29, 来源3=0, 来源4=29, 来源5=6, union_ids=29, 最终有效学生数=29
[DEBUG] get_valid_student_ids_for_management_page: 来源1=0, 来源2=29, 来源3=0, 来源4=29, 来源5=6, union_ids=29, 最终有效学生数=29
[DEBUG] get_valid_student_ids_for_management_page: 来源1=0, 来源2=29, 来源3=0, 来源4=29, 来源5=6, union_ids=29, 最终有效学生数=29
[DEBUG] get_valid_student_ids_for_management_page: 来源1=0, 来源2=29, 来源3=0, 来源4=29, 来源5=6, union_ids=29, 最终有效学生数=29
API查询: month=2026-03, week=3
日期范围: 2026-03-16 到 2026-03-22
查询结果数量: 0
[DEBUG] get_valid_student_ids_for_management_page: 来源1=0, 来源2=29, 来源3=0, 来源4=29, 来源5=6, union_ids=29, 最终有效学生数=29
API查询: month=2026-03, week=3
日期范围: 2026-03-16 到 2026-03-22
查询结果数量: 0
[DEBUG] get_valid_student_ids_for_management_page: 来源1=0, 来源2=29, 来源3=0, 来源4=29, 来源5=6, union_ids=29, 最终有效学生数=29
API查询: month=2026-03, week=3
日期范围: 2026-03-16 到 2026-03-22
查询结果数量: 1
第一条记录日期: 2026-03-18
[DEBUG] get_valid_student_ids_for_management_page: 来源1=0, 来源2=29, 来源3=0, 来源4=29, 来源5=6, union_ids=29, 最终有效学生数=29
API查询: month=2026-03, week=3
日期范围: 2026-03-16 到 2026-03-22
查询结果数量: 0
[DEBUG] get_valid_student_ids_for_management_page: 来源1=0, 来源2=29, 来源3=0, 来源4=29, 来源5=6, union_ids=29, 最终有效学生数=29
[DEBUG] get_valid_student_ids_for_management_page: 来源1=0, 来源2=29, 来源3=0, 来源4=29, 来源5=6, union_ids=29, 最终有效学生数=29
API查询: month=2026-03, week=3
日期范围: 2026-03-16 到 2026-03-22
查询结果数量: 0
[DEBUG] get_valid_student_ids_for_management_page: 来源1=0, 来源2=29, 来源3=0, 来源4=29, 来源5=6, union_ids=29, 最终有效学生数=29
API查询: month=2026-03, week=3
日期范围: 2026-03-16 到 2026-03-22
查询结果数量: 0
[DEBUG] get_valid_student_ids_for_management_page: 来源1=0, 来源2=29, 来源3=0, 来源4=29, 来源5=6, union_ids=29, 最终有效学生数=29
[DEBUG] get_valid_student_ids_for_management_page: 来源1=0, 来源2=29, 来源3=0, 来源4=29, 来源5=6, union_ids=29, 最终有效学生数=29
[DEBUG] get_valid_student_ids_for_management_page: 来源1=0, 来源2=29, 来源3=0, 来源4=29, 来源5=6, union_ids=29, 最终有效学生数=29
API查询: month=2026-03, week=3
日期范围: 2026-03-16 到 2026-03-22
查询结果数量: 1
第一条记录日期: 2026-03-18
[DEBUG] get_valid_student_ids_for_management_page: 来源1=0, 来源2=29, 来源3=0, 来源4=29, 来源5=6, union_ids=29, 最终有效学生数=29
[DEBUG] get_valid_student_ids_for_management_page: 来源1=0, 来源2=29, 来源3=0, 来源4=29, 来源5=6, union_ids=29, 最终有效学生数=29
[DEBUG] get_valid_student_ids_for_management_page: 来源1=0, 来源2=29, 来源3=0, 来源4=29, 来源5=6, union_ids=29, 最终有效学生数=29
API查询: month=2026-03, week=3
日期范围: 2026-03-16 到 2026-03-22
查询结果数量: 1
第一条记录日期: 2026-03-18
[DEBUG] get_valid_student_ids_for_management_page: 来源1=0, 来源2=29, 来源3=0, 来源4=29, 来源5=6, union_ids=29, 最终有效学生数=29
[DEBUG] get_valid_student_ids_for_management_page: 来源1=0, 来源2=29, 来源3=0, 来源4=29, 来源5=6, union_ids=29, 最终有效学生数=29
[DEBUG] get_valid_student_ids_for_management_page: 来源1=0, 来源2=29, 来源3=0, 来源4=29, 来源5=6, union_ids=29, 最终有效学生数=29
API查询: month=2026-03, week=3
日期范围: 2026-03-16 到 2026-03-22
查询结果数量: 1
第一条记录日期: 2026-03-18
[DEBUG] get_valid_student_ids_for_management_page: 来源1=0, 来源2=29, 来源3=0, 来源4=29, 来源5=6, union_ids=29, 最终有效学生数=29
[DEBUG] get_valid_student_ids_for_management_page: 来源1=0, 来源2=29, 来源3=0, 来源4=29, 来源5=6, union_ids=29, 最终有效学生数=29
[DEBUG] get_valid_student_ids_for_management_page: 来源1=0, 来源2=29, 来源3=0, 来源4=29, 来源5=6, union_ids=29, 最终有效学生数=29
API查询: month=2026-03, week=3
日期范围: 2026-03-16 到 2026-03-22
查询结果数量: 1
第一条记录日期: 2026-03-18
[DEBUG] get_valid_student_ids_for_management_page: 来源1=0, 来源2=29, 来源3=0, 来源4=29, 来源5=6, union_ids=29, 最终有效学生数=29
[DEBUG] get_valid_student_ids_for_management_page: 来源1=0, 来源2=29, 来源3=0, 来源4=29, 来源5=6, union_ids=29, 最终有效学生数=29
[DEBUG] get_valid_student_ids_for_management_page: 来源1=0, 来源2=29, 来源3=0, 来源4=29, 来源5=6, union_ids=29, 最终有效学生数=29
API查询: month=2026-03, week=3
日期范围: 2026-03-16 到 2026-03-22
查询结果数量: 1
第一条记录日期: 2026-03-18
[DEBUG] get_valid_student_ids_for_management_page: 来源1=0, 来源2=29, 来源3=0, 来源4=29, 来源5=6, union_ids=29, 最终有效学生数=29
[DEBUG] get_valid_student_ids_for_management_page: 来源1=0, 来源2=29, 来源3=0, 来源4=29, 来源5=6, union_ids=29, 最终有效学生数=29
[DEBUG] get_valid_student_ids_for_management_page: 来源1=0, 来源2=29, 来源3=0, 来源4=29, 来源5=6, union_ids=29, 最终有效学生数=29
[DEBUG] get_valid_student_ids_for_management_page: 来源1=0, 来源2=29, 来源3=0, 来源4=29, 来源5=6, union_ids=29, 最终有效学生数=29
[DEBUG] get_valid_student_ids_for_management_page: 来源1=0, 来源2=29, 来源3=0, 来源4=29, 来源5=6, union_ids=29, 最终有效学生数=29
[DEBUG] get_valid_student_ids_for_management_page: 来源1=0, 来源2=29, 来源3=0, 来源4=29, 来源5=6, union_ids=29, 最终有效学生数=29
[DEBUG] get_valid_student_ids_for_management_page: 来源1=0, 来源2=29, 来源3=0, 来源4=29, 来源5=6, union_ids=29, 最终有效学生数=29
[DEBUG] get_valid_student_ids_for_management_page: 来源1=0, 来源2=29, 来源3=0, 来源4=29, 来源5=6, union_ids=29, 最终有效学生数=29
[DEBUG] get_valid_student_ids_for_management_page: 来源1=0, 来源2=29, 来源3=0, 来源4=29, 来源5=6, union_ids=29, 最终有效学生数=29
[DEBUG] get_valid_student_ids_for_management_page: 来源1=0, 来源2=29, 来源3=0, 来源4=29, 来源5=6, union_ids=29, 最终有效学生数=29
API查询: month=2026-03, week=3
日期范围: 2026-03-16 到 2026-03-22
查询结果数量: 1
第一条记录日期: 2026-03-18
[DEBUG] get_valid_student_ids_for_management_page: 来源1=0, 来源2=29, 来源3=0, 来源4=29, 来源5=6, union_ids=29, 最终有效学生数=29
[DEBUG] get_valid_student_ids_for_management_page: 来源1=0, 来源2=29, 来源3=0, 来源4=29, 来源5=6, union_ids=29, 最终有效学生数=29
[DEBUG] get_valid_student_ids_for_management_page: 来源1=0, 来源2=29, 来源3=0, 来源4=29, 来源5=6, union_ids=29, 最终有效学生数=29
[DEBUG] get_valid_student_ids_for_management_page: 来源1=0, 来源2=29, 来源3=0, 来源4=29, 来源5=6, union_ids=29, 最终有效学生数=29
API查询: month=2026-03, week=4
日期范围: 2026-03-23 到 2026-03-29
查询结果数量: 1
第一条记录日期: 2026-03-24
[DEBUG] get_valid_student_ids_for_management_page: 来源1=0, 来源2=29, 来源3=0, 来源4=29, 来源5=6, union_ids=29, 最终有效学生数=29
API查询: month=2026-03, week=4
日期范围: 2026-03-23 到 2026-03-29
查询结果数量: 1
第一条记录日期: 2026-03-28
[DEBUG] get_valid_student_ids_for_management_page: 来源1=0, 来源2=29, 来源3=0, 来源4=29, 来源5=6, union_ids=29, 最终有效学生数=29
API查询: month=2026-03, week=4
日期范围: 2026-03-23 到 2026-03-29
查询结果数量: 0
[DEBUG] get_valid_student_ids_for_management_page: 来源1=0, 来源2=29, 来源3=0, 来源4=29, 来源5=6, union_ids=29, 最终有效学生数=29
API查询: month=2026-03, week=4
日期范围: 2026-03-23 到 2026-03-29
查询结果数量: 0
[DEBUG] get_valid_student_ids_for_management_page: 来源1=0, 来源2=29, 来源3=0, 来源4=29, 来源5=6, union_ids=29, 最终有效学生数=29
[DEBUG] get_valid_student_ids_for_management_page: 来源1=0, 来源2=29, 来源3=0, 来源4=29, 来源5=6, union_ids=29, 最终有效学生数=29
API查询: month=2026-03, week=4
日期范围: 2026-03-23 到 2026-03-29
查询结果数量: 0
[DEBUG] get_valid_student_ids_for_management_page: 来源1=0, 来源2=29, 来源3=0, 来源4=29, 来源5=6, union_ids=29, 最终有效学生数=29
[DEBUG] get_valid_student_ids_for_management_page: 来源1=0, 来源2=29, 来源3=0, 来源4=29, 来源5=6, union_ids=29, 最终有效学生数=29
[DEBUG] get_valid_student_ids_for_management_page: 来源1=0, 来源2=29, 来源3=0, 来源4=29, 来源5=6, union_ids=29, 最终有效学生数=29
[DEBUG] get_valid_student_ids_for_management_page: 来源1=0, 来源2=29, 来源3=0, 来源4=29, 来源5=6, union_ids=29, 最终有效学生数=29
[DEBUG] get_valid_student_ids_for_management_page: 来源1=0, 来源2=29, 来源3=0, 来源4=29, 来源5=6, union_ids=29, 最终有效学生数=29
API查询: month=2026-03, week=4
日期范围: 2026-03-23 到 2026-03-29
查询结果数量: 0
[DEBUG] get_valid_student_ids_for_management_page: 来源1=0, 来源2=29, 来源3=0, 来源4=29, 来源5=6, union_ids=29, 最终有效学生数=29
[DEBUG] get_valid_student_ids_for_management_page: 来源1=0, 来源2=29, 来源3=0, 来源4=29, 来源5=6, union_ids=29, 最终有效学生数=29
[DEBUG] get_valid_student_ids_for_management_page: 来源1=0, 来源2=29, 来源3=0, 来源4=29, 来源5=6, union_ids=29, 最终有效学生数=29
[DEBUG] get_valid_student_ids_for_management_page: 来源1=0, 来源2=29, 来源3=0, 来源4=29, 来源5=6, union_ids=29, 最终有效学生数=29
[DEBUG] get_valid_student_ids_for_management_page: 来源1=0, 来源2=29, 来源3=0, 来源4=29, 来源5=6, union_ids=29, 最终有效学生数=29
[DEBUG] get_valid_student_ids_for_management_page: 来源1=0, 来源2=29, 来源3=0, 来源4=29, 来源5=6, union_ids=29, 最终有效学生数=29
API查询: month=2026-04, week=1
日期范围: 2026-04-06 到 2026-04-12
查询结果数量: 1
第一条记录日期: 2026-04-07
[DEBUG] get_valid_student_ids_for_management_page: 来源1=0, 来源2=29, 来源3=0, 来源4=29, 来源5=6, union_ids=29, 最终有效学生数=29
API查询: month=2026-03, week=4
日期范围: 2026-03-23 到 2026-03-29
查询结果数量: 2
第一条记录日期: 2026-03-28
[DEBUG] get_valid_student_ids_for_management_page: 来源1=0, 来源2=29, 来源3=0, 来源4=29, 来源5=6, union_ids=29, 最终有效学生数=29
[DEBUG] get_valid_student_ids_for_management_page: 来源1=0, 来源2=29, 来源3=0, 来源4=29, 来源5=6, union_ids=29, 最终有效学生数=29
[DEBUG] get_valid_student_ids_for_management_page: 来源1=0, 来源2=29, 来源3=0, 来源4=29, 来源5=6, union_ids=29, 最终有效学生数=29
[DEBUG] get_valid_student_ids_for_management_page: 来源1=0, 来源2=29, 来源3=0, 来源4=29, 来源5=6, union_ids=29, 最终有效学生数=29
API查询: month=2026-04, week=1
日期范围: 2026-04-06 到 2026-04-12
查询结果数量: 1
第一条记录日期: 2026-04-11
[DEBUG] get_valid_student_ids_for_management_page: 来源1=0, 来源2=29, 来源3=0, 来源4=29, 来源5=6, union_ids=29, 最终有效学生数=29
API查询: month=2026-04, week=1
日期范围: 2026-04-06 到 2026-04-12
查询结果数量: 0
[DEBUG] get_valid_student_ids_for_management_page: 来源1=0, 来源2=29, 来源3=0, 来源4=29, 来源5=6, union_ids=29, 最终有效学生数=29
API查询: month=2026-04, week=1
日期范围: 2026-04-06 到 2026-04-12
查询结果数量: 0
[DEBUG] get_valid_student_ids_for_management_page: 来源1=0, 来源2=29, 来源3=0, 来源4=29, 来源5=6, union_ids=29, 最终有效学生数=29
[DEBUG] get_valid_student_ids_for_management_page: 来源1=0, 来源2=29, 来源3=0, 来源4=29, 来源5=6, union_ids=29, 最终有效学生数=29
[DEBUG] get_valid_student_ids_for_management_page: 来源1=0, 来源2=29, 来源3=0, 来源4=29, 来源5=6, union_ids=29, 最终有效学生数=29
[DEBUG] get_valid_student_ids_for_management_page: 来源1=0, 来源2=29, 来源3=0, 来源4=29, 来源5=6, union_ids=29, 最终有效学生数=29
[DEBUG] get_valid_student_ids_for_management_page: 来源1=0, 来源2=29, 来源3=0, 来源4=29, 来源5=6, union_ids=29, 最终有效学生数=29
API查询: month=2026-04, week=1
日期范围: 2026-04-06 到 2026-04-12
查询结果数量: 0
[DEBUG] get_valid_student_ids_for_management_page: 来源1=0, 来源2=29, 来源3=0, 来源4=29, 来源5=6, union_ids=29, 最终有效学生数=29
[DEBUG] get_valid_student_ids_for_management_page: 来源1=0, 来源2=29, 来源3=0, 来源4=29, 来源5=6, union_ids=29, 最终有效学生数=29
[DEBUG] get_valid_student_ids_for_management_page: 来源1=0, 来源2=29, 来源3=0, 来源4=29, 来源5=6, union_ids=29, 最终有效学生数=29
[DEBUG] get_valid_student_ids_for_management_page: 来源1=0, 来源2=29, 来源3=0, 来源4=29, 来源5=6, union_ids=29, 最终有效学生数=29
API查询: month=2026-04, week=1
日期范围: 2026-04-06 到 2026-04-12
查询结果数量: 2
第一条记录日期: 2026-04-11
[DEBUG] get_valid_student_ids_for_management_page: 来源1=0, 来源2=29, 来源3=0, 来源4=29, 来源5=6, union_ids=29, 最终有效学生数=29
API查询: month=2026-04, week=1
日期范围: 2026-04-06 到 2026-04-12
查询结果数量: 0
[DEBUG] get_valid_student_ids_for_management_page: 来源1=0, 来源2=29, 来源3=0, 来源4=29, 来源5=6, union_ids=29, 最终有效学生数=29
API查询: month=2026-03, week=4
日期范围: 2026-03-23 到 2026-03-29
查询结果数量: 2
第一条记录日期: 2026-03-28
[DEBUG] get_valid_student_ids_for_management_page: 来源1=0, 来源2=29, 来源3=0, 来源4=29, 来源5=6, union_ids=29, 最终有效学生数=29
[DEBUG] get_valid_student_ids_for_management_page: 来源1=0, 来源2=29, 来源3=0, 来源4=29, 来源5=6, union_ids=29, 最终有效学生数=29
[DEBUG] get_valid_student_ids_for_management_page: 来源1=0, 来源2=29, 来源3=0, 来源4=29, 来源5=6, union_ids=29, 最终有效学生数=29
[DEBUG] get_valid_student_ids_for_management_page: 来源1=0, 来源2=29, 来源3=0, 来源4=29, 来源5=6, union_ids=29, 最终有效学生数=29
[DEBUG] get_valid_student_ids_for_management_page: 来源1=0, 来源2=29, 来源3=0, 来源4=29, 来源5=6, union_ids=29, 最终有效学生数=29
API查询: month=2026-04, week=1
日期范围: 2026-04-06 到 2026-04-12
查询结果数量: 2
第一条记录日期: 2026-04-11
[DEBUG] get_valid_student_ids_for_management_page: 来源1=0, 来源2=29, 来源3=0, 来源4=29, 来源5=6, union_ids=29, 最终有效学生数=29
API查询: month=2026-03, week=4
日期范围: 2026-03-23 到 2026-03-29
查询结果数量: 2
第一条记录日期: 2026-03-28
[DEBUG] get_valid_student_ids_for_management_page: 来源1=0, 来源2=29, 来源3=0, 来源4=29, 来源5=6, union_ids=29, 最终有效学生数=29
[DEBUG] get_valid_student_ids_for_management_page: 来源1=0, 来源2=29, 来源3=0, 来源4=29, 来源5=6, union_ids=29, 最终有效学生数=29
[DEBUG] get_valid_student_ids_for_management_page: 来源1=0, 来源2=29, 来源3=0, 来源4=29, 来源5=6, union_ids=29, 最终有效学生数=29
API查询: month=2026-04, week=1
日期范围: 2026-04-06 到 2026-04-12
查询结果数量: 2
第一条记录日期: 2026-04-11
[DEBUG] get_valid_student_ids_for_management_page: 来源1=0, 来源2=29, 来源3=0, 来源4=29, 来源5=6, union_ids=29, 最终有效学生数=29
[DEBUG] get_valid_student_ids_for_management_page: 来源1=0, 来源2=29, 来源3=0, 来源4=29, 来源5=6, union_ids=29, 最终有效学生数=29
[DEBUG] get_valid_student_ids_for_management_page: 来源1=0, 来源2=29, 来源3=0, 来源4=29, 来源5=6, union_ids=29, 最终有效学生数=29
API查询: month=2026-04, week=1
日期范围: 2026-04-06 到 2026-04-12
查询结果数量: 2
第一条记录日期: 2026-04-11
[DEBUG] get_valid_student_ids_for_management_page: 来源1=0, 来源2=29, 来源3=0, 来源4=29, 来源5=6, union_ids=29, 最终有效学生数=29
[DEBUG] get_valid_student_ids_for_management_page: 来源1=0, 来源2=29, 来源3=0, 来源4=29, 来源5=6, union_ids=29, 最终有效学生数=29
[DEBUG] get_valid_student_ids_for_management_page: 来源1=0, 来源2=29, 来源3=0, 来源4=29, 来源5=6, union_ids=29, 最终有效学生数=29
API查询: month=2026-04, week=1
日期范围: 2026-04-06 到 2026-04-12
查询结果数量: 2
第一条记录日期: 2026-04-11
[DEBUG] get_valid_student_ids_for_management_page: 来源1=0, 来源2=29, 来源3=0, 来源4=29, 来源5=6, union_ids=29, 最终有效学生数=29
[DEBUG] get_valid_student_ids_for_management_page: 来源1=0, 来源2=29, 来源3=0, 来源4=29, 来源5=6, union_ids=29, 最终有效学生数=29
[DEBUG] get_valid_student_ids_for_management_page: 来源1=0, 来源2=29, 来源3=0, 来源4=29, 来源5=6, union_ids=29, 最终有效学生数=29
[DEBUG] get_valid_student_ids_for_management_page: 来源1=0, 来源2=29, 来源3=0, 来源4=29, 来源5=6, union_ids=29, 最终有效学生数=29
[DEBUG] get_valid_student_ids_for_management_page: 来源1=0, 来源2=29, 来源3=0, 来源4=29, 来源5=6, union_ids=29, 最终有效学生数=29
[DEBUG] get_valid_student_ids_for_management_page: 来源1=0, 来源2=29, 来源3=0, 来源4=29, 来源5=6, union_ids=29, 最终有效学生数=29
[DEBUG] get_valid_student_ids_for_management_page: 来源1=0, 来源2=29, 来源3=0, 来源4=29, 来源5=6, union_ids=29, 最终有效学生数=29
[DEBUG] get_valid_student_ids_for_management_page: 来源1=0, 来源2=29, 来源3=0, 来源4=29, 来源5=6, union_ids=29, 最终有效学生数=29
[DEBUG] get_valid_student_ids_for_management_page: 来源1=0, 来源2=29, 来源3=0, 来源4=29, 来源5=6, union_ids=29, 最终有效学生数=29
[DEBUG] get_valid_student_ids_for_management_page: 来源1=0, 来源2=29, 来源3=0, 来源4=29, 来源5=6, union_ids=29, 最终有效学生数=29
[DEBUG] get_valid_student_ids_for_management_page: 来源1=0, 来源2=29, 来源3=0, 来源4=29, 来源5=6, union_ids=29, 最终有效学生数=29
[DEBUG] get_valid_student_ids_for_management_page: 来源1=0, 来源2=29, 来源3=0, 来源4=29, 来源5=6, union_ids=29, 最终有效学生数=29
[DEBUG] get_valid_student_ids_for_management_page: 来源1=0, 来源2=29, 来源3=0, 来源4=29, 来源5=6, union_ids=29, 最终有效学生数=29
API查询: month=2026-04, week=2
日期范围: 2026-04-13 到 2026-04-19
查询结果数量: 1
第一条记录日期: 2026-04-14
[DEBUG] get_valid_student_ids_for_management_page: 来源1=0, 来源2=29, 来源3=0, 来源4=29, 来源5=6, union_ids=29, 最终有效学生数=29
API查询: month=2026-04, week=2
日期范围: 2026-04-13 到 2026-04-19
查询结果数量: 0
[DEBUG] get_valid_student_ids_for_management_page: 来源1=0, 来源2=29, 来源3=0, 来源4=29, 来源5=6, union_ids=29, 最终有效学生数=29
API查询: month=2026-04, week=2
日期范围: 2026-04-13 到 2026-04-19
查询结果数量: 0
[DEBUG] get_valid_student_ids_for_management_page: 来源1=0, 来源2=29, 来源3=0, 来源4=29, 来源5=6, union_ids=29, 最终有效学生数=29
API查询: month=2026-04, week=2
日期范围: 2026-04-13 到 2026-04-19
查询结果数量: 0
[DEBUG] get_valid_student_ids_for_management_page: 来源1=0, 来源2=29, 来源3=0, 来源4=29, 来源5=6, union_ids=29, 最终有效学生数=29
API查询: month=2026-04, week=2
日期范围: 2026-04-13 到 2026-04-19
查询结果数量: 0
[DEBUG] get_valid_student_ids_for_management_page: 来源1=0, 来源2=29, 来源3=0, 来源4=29, 来源5=6, union_ids=29, 最终有效学生数=29
API查询: month=2026-04, week=2
日期范围: 2026-04-13 到 2026-04-19
查询结果数量: 0
[DEBUG] get_valid_student_ids_for_management_page: 来源1=0, 来源2=29, 来源3=0, 来源4=29, 来源5=6, union_ids=29, 最终有效学生数=29
[DEBUG] get_valid_student_ids_for_management_page: 来源1=0, 来源2=29, 来源3=0, 来源4=29, 来源5=6, union_ids=29, 最终有效学生数=29
[DEBUG] get_valid_student_ids_for_management_page: 来源1=0, 来源2=29, 来源3=0, 来源4=29, 来源5=6, union_ids=29, 最终有效学生数=29
API查询: month=2026-04, week=2
日期范围: 2026-04-13 到 2026-04-19
查询结果数量: 1
第一条记录日期: 2026-04-14
[DEBUG] get_valid_student_ids_for_management_page: 来源1=0, 来源2=29, 来源3=0, 来源4=29, 来源5=6, union_ids=29, 最终有效学生数=29
[DEBUG] get_valid_student_ids_for_management_page: 来源1=0, 来源2=29, 来源3=0, 来源4=29, 来源5=6, union_ids=29, 最终有效学生数=29
[DEBUG] get_valid_student_ids_for_management_page: 来源1=0, 来源2=29, 来源3=0, 来源4=29, 来源5=6, union_ids=29, 最终有效学生数=29
API查询: month=2026-04, week=2
日期范围: 2026-04-13 到 2026-04-19
查询结果数量: 1
第一条记录日期: 2026-04-14
[DEBUG] get_valid_student_ids_for_management_page: 来源1=0, 来源2=29, 来源3=0, 来源4=29, 来源5=6, union_ids=29, 最终有效学生数=29
[DEBUG] get_valid_student_ids_for_management_page: 来源1=0, 来源2=29, 来源3=0, 来源4=29, 来源5=6, union_ids=29, 最终有效学生数=29
[DEBUG] get_valid_student_ids_for_management_page: 来源1=0, 来源2=29, 来源3=0, 来源4=29, 来源5=6, union_ids=29, 最终有效学生数=29
API查询: month=2026-04, week=2
日期范围: 2026-04-13 到 2026-04-19
查询结果数量: 1
第一条记录日期: 2026-04-14
[DEBUG] get_valid_student_ids_for_management_page: 来源1=0, 来源2=29, 来源3=0, 来源4=29, 来源5=6, union_ids=29, 最终有效学生数=29
[DEBUG] get_valid_student_ids_for_management_page: 来源1=0, 来源2=29, 来源3=0, 来源4=29, 来源5=6, union_ids=29, 最终有效学生数=29
[DEBUG] get_valid_student_ids_for_management_page: 来源1=0, 来源2=29, 来源3=0, 来源4=29, 来源5=6, union_ids=29, 最终有效学生数=29
API查询: month=2026-03, week=3
日期范围: 2026-03-16 到 2026-03-22
查询结果数量: 1
第一条记录日期: 2026-03-18
[DEBUG] get_valid_student_ids_for_management_page: 来源1=0, 来源2=29, 来源3=0, 来源4=29, 来源5=6, union_ids=29, 最终有效学生数=29
[DEBUG] get_valid_student_ids_for_management_page: 来源1=0, 来源2=29, 来源3=0, 来源4=29, 来源5=6, union_ids=29, 最终有效学生数=29
[DEBUG] get_valid_student_ids_for_management_page: 来源1=0, 来源2=29, 来源3=0, 来源4=29, 来源5=6, union_ids=29, 最终有效学生数=29
API查询: month=2026-03, week=3
日期范围: 2026-03-16 到 2026-03-22
查询结果数量: 1
第一条记录日期: 2026-03-18
[DEBUG] get_valid_student_ids_for_management_page: 来源1=0, 来源2=29, 来源3=0, 来源4=29, 来源5=6, union_ids=29, 最终有效学生数=29
[DEBUG] get_valid_student_ids_for_management_page: 来源1=0, 来源2=29, 来源3=0, 来源4=29, 来源5=6, union_ids=29, 最终有效学生数=29
[DEBUG] get_valid_student_ids_for_management_page: 来源1=0, 来源2=29, 来源3=0, 来源4=29, 来源5=6, union_ids=29, 最终有效学生数=29
API查询: month=2026-03, week=4
日期范围: 2026-03-23 到 2026-03-29
查询结果数量: 2
第一条记录日期: 2026-03-28
[DEBUG] get_valid_student_ids_for_management_page: 来源1=0, 来源2=29, 来源3=0, 来源4=29, 来源5=6, union_ids=29, 最终有效学生数=29
[DEBUG] get_valid_student_ids_for_management_page: 来源1=0, 来源2=29, 来源3=0, 来源4=29, 来源5=6, union_ids=29, 最终有效学生数=29
[DEBUG] get_valid_student_ids_for_management_page: 来源1=0, 来源2=29, 来源3=0, 来源4=29, 来源5=6, union_ids=29, 最终有效学生数=29
API查询: month=2026-03, week=4
日期范围: 2026-03-23 到 2026-03-29
查询结果数量: 2
第一条记录日期: 2026-03-28
[DEBUG] get_valid_student_ids_for_management_page: 来源1=0, 来源2=29, 来源3=0, 来源4=29, 来源5=6, union_ids=29, 最终有效学生数=29
[DEBUG] get_valid_student_ids_for_management_page: 来源1=0, 来源2=29, 来源3=0, 来源4=29, 来源5=6, union_ids=29, 最终有效学生数=29
[DEBUG] get_valid_student_ids_for_management_page: 来源1=0, 来源2=29, 来源3=0, 来源4=29, 来源5=6, union_ids=29, 最终有效学生数=29
API查询: month=2026-04, week=1
日期范围: 2026-04-06 到 2026-04-12
查询结果数量: 2
第一条记录日期: 2026-04-11
[DEBUG] get_valid_student_ids_for_management_page: 来源1=0, 来源2=29, 来源3=0, 来源4=29, 来源5=6, union_ids=29, 最终有效学生数=29
[DEBUG] get_valid_student_ids_for_management_page: 来源1=0, 来源2=29, 来源3=0, 来源4=29, 来源5=6, union_ids=29, 最终有效学生数=29
[DEBUG] get_valid_student_ids_for_management_page: 来源1=0, 来源2=29, 来源3=0, 来源4=29, 来源5=6, union_ids=29, 最终有效学生数=29
API查询: month=2026-04, week=1
日期范围: 2026-04-06 到 2026-04-12
查询结果数量: 2
第一条记录日期: 2026-04-11
[DEBUG] get_valid_student_ids_for_management_page: 来源1=0, 来源2=29, 来源3=0, 来源4=29, 来源5=6, union_ids=29, 最终有效学生数=29
[DEBUG] get_valid_student_ids_for_management_page: 来源1=0, 来源2=29, 来源3=0, 来源4=29, 来源5=6, union_ids=29, 最终有效学生数=29
[DEBUG] get_valid_student_ids_for_management_page: 来源1=0, 来源2=29, 来源3=0, 来源4=29, 来源5=6, union_ids=29, 最终有效学生数=29
API查询: month=2026-04, week=1
日期范围: 2026-04-06 到 2026-04-12
查询结果数量: 2
第一条记录日期: 2026-04-11
[DEBUG] get_valid_student_ids_for_management_page: 来源1=0, 来源2=29, 来源3=0, 来源4=29, 来源5=6, union_ids=29, 最终有效学生数=29
[DEBUG] get_valid_student_ids_for_management_page: 来源1=0, 来源2=29, 来源3=0, 来源4=29, 来源5=6, union_ids=29, 最终有效学生数=29
[DEBUG] get_valid_student_ids_for_management_page: 来源1=0, 来源2=29, 来源3=0, 来源4=29, 来源5=6, union_ids=29, 最终有效学生数=29
API查询: month=2026-04, week=1
日期范围: 2026-04-06 到 2026-04-12
查询结果数量: 2
第一条记录日期: 2026-04-11
[DEBUG] get_valid_student_ids_for_management_page: 来源1=0, 来源2=29, 来源3=0, 来源4=29, 来源5=6, union_ids=29, 最终有效学生数=29
[DEBUG] get_valid_student_ids_for_management_page: 来源1=0, 来源2=29, 来源3=0, 来源4=29, 来源5=6, union_ids=29, 最终有效学生数=29
[DEBUG] get_valid_student_ids_for_management_page: 来源1=0, 来源2=29, 来源3=0, 来源4=29, 来源5=6, union_ids=29, 最终有效学生数=29
API查询: month=2026-04, week=2
日期范围: 2026-04-13 到 2026-04-19
查询结果数量: 1
第一条记录日期: 2026-04-14
[DEBUG] get_valid_student_ids_for_management_page: 来源1=0, 来源2=29, 来源3=0, 来源4=29, 来源5=6, union_ids=29, 最终有效学生数=29
[DEBUG] get_valid_student_ids_for_management_page: 来源1=0, 来源2=29, 来源3=0, 来源4=29, 来源5=6, union_ids=29, 最终有效学生数=29
[DEBUG] get_valid_student_ids_for_management_page: 来源1=0, 来源2=29, 来源3=0, 来源4=29, 来源5=6, union_ids=29, 最终有效学生数=29
API查询: month=2026-04, week=2
日期范围: 2026-04-13 到 2026-04-19
查询结果数量: 1
第一条记录日期: 2026-04-14
[DEBUG] get_valid_student_ids_for_management_page: 来源1=0, 来源2=29, 来源3=0, 来源4=29, 来源5=6, union_ids=29, 最终有效学生数=29
[DEBUG] get_valid_student_ids_for_management_page: 来源1=0, 来源2=29, 来源3=0, 来源4=29, 来源5=6, union_ids=29, 最终有效学生数=29
[DEBUG] get_valid_student_ids_for_management_page: 来源1=0, 来源2=29, 来源3=0, 来源4=29, 来源5=6, union_ids=29, 最终有效学生数=29
[DEBUG] get_valid_student_ids_for_management_page: 来源1=0, 来源2=29, 来源3=0, 来源4=29, 来源5=6, union_ids=29, 最终有效学生数=29
[DEBUG] get_valid_student_ids_for_management_page: 来源1=0, 来源2=29, 来源3=0, 来源4=29, 来源5=6, union_ids=29, 最终有效学生数=29
[DEBUG] get_valid_student_ids_for_management_page: 来源1=0, 来源2=29, 来源3=0, 来源4=29, 来源5=6, union_ids=29, 最终有效学生数=29
[DEBUG] get_valid_student_ids_for_management_page: 来源1=0, 来源2=29, 来源3=0, 来源4=29, 来源5=6, union_ids=29, 最终有效学生数=29
[DEBUG] get_valid_student_ids_for_management_page: 来源1=0, 来源2=29, 来源3=0, 来源4=29, 来源5=6, union_ids=29, 最终有效学生数=29
[DEBUG] get_valid_student_ids_for_management_page: 来源1=0, 来源2=29, 来源3=0, 来源4=29, 来源5=6, union_ids=29, 最终有效学生数=29
[DEBUG] get_valid_student_ids_for_management_page: 来源1=0, 来源2=29, 来源3=0, 来源4=29, 来源5=6, union_ids=29, 最终有效学生数=29
[DEBUG] get_valid_student_ids_for_management_page: 来源1=0, 来源2=29, 来源3=0, 来源4=29, 来源5=6, union_ids=29, 最终有效学生数=29
[DEBUG] get_valid_student_ids_for_management_page: 来源1=0, 来源2=29, 来源3=0, 来源4=29, 来源5=6, union_ids=29, 最终有效学生数=29
[DEBUG] get_valid_student_ids_for_management_page: 来源1=0, 来源2=29, 来源3=0, 来源4=29, 来源5=6, union_ids=29, 最终有效学生数=29
API查询: month=2026-04, week=3
日期范围: 2026-04-20 到 2026-04-26
查询结果数量: 0
[DEBUG] get_valid_student_ids_for_management_page: 来源1=0, 来源2=29, 来源3=0, 来源4=29, 来源5=6, union_ids=29, 最终有效学生数=29
API查询: month=2026-04, week=3
日期范围: 2026-04-20 到 2026-04-26
查询结果数量: 0
[DEBUG] get_valid_student_ids_for_management_page: 来源1=0, 来源2=29, 来源3=0, 来源4=29, 来源5=6, union_ids=29, 最终有效学生数=29
API查询: month=2026-04, week=3
日期范围: 2026-04-20 到 2026-04-26
查询结果数量: 0
[DEBUG] get_valid_student_ids_for_management_page: 来源1=0, 来源2=29, 来源3=0, 来源4=29, 来源5=6, union_ids=29, 最终有效学生数=29
API查询: month=2026-04, week=3
日期范围: 2026-04-20 到 2026-04-26
查询结果数量: 0
[DEBUG] get_valid_student_ids_for_management_page: 来源1=0, 来源2=29, 来源3=0, 来源4=29, 来源5=6, union_ids=29, 最终有效学生数=29
API查询: month=2026-04, week=3
日期范围: 2026-04-20 到 2026-04-26
查询结果数量: 0
[DEBUG] get_valid_student_ids_for_management_page: 来源1=0, 来源2=29, 来源3=0, 来源4=29, 来源5=6, union_ids=29, 最终有效学生数=29
API查询: month=2026-04, week=3
日期范围: 2026-04-20 到 2026-04-26
查询结果数量: 0
[DEBUG] get_valid_student_ids_for_management_page: 来源1=0, 来源2=29, 来源3=0, 来源4=29, 来源5=6, union_ids=29, 最终有效学生数=29
[DEBUG] get_valid_student_ids_for_management_page: 来源1=0, 来源2=29, 来源3=0, 来源4=29, 来源5=6, union_ids=29, 最终有效学生数=29
[DEBUG] get_valid_student_ids_for_management_page: 来源1=0, 来源2=29, 来源3=0, 来源4=29, 来源5=6, union_ids=29, 最终有效学生数=29
API查询: month=2026-04, week=3
日期范围: 2026-04-20 到 2026-04-26
查询结果数量: 0
[DEBUG] get_valid_student_ids_for_management_page: 来源1=0, 来源2=29, 来源3=0, 来源4=29, 来源5=6, union_ids=29, 最终有效学生数=29
[DEBUG] get_valid_student_ids_for_management_page: 来源1=0, 来源2=29, 来源3=0, 来源4=29, 来源5=6, union_ids=29, 最终有效学生数=29
[DEBUG] get_valid_student_ids_for_management_page: 来源1=0, 来源2=29, 来源3=0, 来源4=29, 来源5=6, union_ids=29, 最终有效学生数=29
API查询: month=2026-04, week=3
日期范围: 2026-04-20 到 2026-04-26
查询结果数量: 0
[DEBUG] get_valid_student_ids_for_management_page: 来源1=0, 来源2=29, 来源3=0, 来源4=29, 来源5=6, union_ids=29, 最终有效学生数=29
[DEBUG] get_valid_student_ids_for_management_page: 来源1=0, 来源2=29, 来源3=0, 来源4=29, 来源5=6, union_ids=29, 最终有效学生数=29
[DEBUG] get_valid_student_ids_for_management_page: 来源1=0, 来源2=29, 来源3=0, 来源4=29, 来源5=6, union_ids=29, 最终有效学生数=29
API查询: month=2026-04, week=3
日期范围: 2026-04-20 到 2026-04-26
查询结果数量: 0
[DEBUG] get_valid_student_ids_for_management_page: 来源1=0, 来源2=29, 来源3=0, 来源4=29, 来源5=6, union_ids=29, 最终有效学生数=29
[DEBUG] get_valid_student_ids_for_management_page: 来源1=0, 来源2=29, 来源3=0, 来源4=29, 来源5=6, union_ids=29, 最终有效学生数=29
[DEBUG] get_valid_student_ids_for_management_page: 来源1=0, 来源2=29, 来源3=0, 来源4=29, 来源5=6, union_ids=29, 最终有效学生数=29
API查询: month=2026-05, week=1
日期范围: 2026-05-04 到 2026-05-10
查询结果数量: 0
[DEBUG] get_valid_student_ids_for_management_page: 来源1=0, 来源2=29, 来源3=0, 来源4=29, 来源5=6, union_ids=29, 最终有效学生数=29
[DEBUG] get_valid_student_ids_for_management_page: 来源1=0, 来源2=29, 来源3=0, 来源4=29, 来源5=6, union_ids=29, 最终有效学生数=29
[DEBUG] get_valid_student_ids_for_management_page: 来源1=0, 来源2=29, 来源3=0, 来源4=29, 来源5=6, union_ids=29, 最终有效学生数=29
[DEBUG] get_valid_student_ids_for_management_page: 来源1=0, 来源2=29, 来源3=0, 来源4=29, 来源5=6, union_ids=29, 最终有效学生数=29
[DEBUG] get_valid_student_ids_for_management_page: 来源1=0, 来源2=29, 来源3=0, 来源4=29, 来源5=6, union_ids=29, 最终有效学生数=29
[DEBUG] get_valid_student_ids_for_management_page: 来源1=0, 来源2=29, 来源3=0, 来源4=29, 来源5=6, union_ids=29, 最终有效学生数=29
[DEBUG] get_valid_student_ids_for_management_page: 来源1=0, 来源2=29, 来源3=0, 来源4=29, 来源5=6, union_ids=29, 最终有效学生数=29
[DEBUG] get_valid_student_ids_for_management_page: 来源1=0, 来源2=29, 来源3=0, 来源4=29, 来源5=6, union_ids=29, 最终有效学生数=29
[DEBUG] get_valid_student_ids_for_management_page: 来源1=0, 来源2=29, 来源3=0, 来源4=29, 来源5=6, union_ids=29, 最终有效学生数=29
[DEBUG] get_valid_student_ids_for_management_page: 来源1=0, 来源2=29, 来源3=0, 来源4=29, 来源5=6, union_ids=29, 最终有效学生数=29
[DEBUG] get_valid_student_ids_for_management_page: 来源1=0, 来源2=29, 来源3=0, 来源4=29, 来源5=6, union_ids=29, 最终有效学生数=29
[DEBUG] get_valid_student_ids_for_management_page: 来源1=0, 来源2=29, 来源3=0, 来源4=29, 来源5=6, union_ids=29, 最终有效学生数=29
API查询: month=2026-05, week=1
日期范围: 2026-05-04 到 2026-05-10
查询结果数量: 0
[DEBUG] get_valid_student_ids_for_management_page: 来源1=0, 来源2=29, 来源3=0, 来源4=29, 来源5=6, union_ids=29, 最终有效学生数=29
API查询: month=2026-05, week=1
日期范围: 2026-05-04 到 2026-05-10
查询结果数量: 0
[DEBUG] get_valid_student_ids_for_management_page: 来源1=0, 来源2=29, 来源3=0, 来源4=29, 来源5=6, union_ids=29, 最终有效学生数=29
[DEBUG] get_valid_student_ids_for_management_page: 来源1=0, 来源2=29, 来源3=0, 来源4=29, 来源5=6, union_ids=29, 最终有效学生数=29
API查询: month=2026-05, week=1
日期范围: 2026-05-04 到 2026-05-10
查询结果数量: 0
[DEBUG] get_valid_student_ids_for_management_page: 来源1=0, 来源2=29, 来源3=0, 来源4=29, 来源5=6, union_ids=29, 最终有效学生数=29
API查询: month=2026-05, week=1
日期范围: 2026-05-04 到 2026-05-10
查询结果数量: 0
[DEBUG] get_valid_student_ids_for_management_page: 来源1=0, 来源2=29, 来源3=0, 来源4=29, 来源5=6, union_ids=29, 最终有效学生数=29
API查询: month=2026-05, week=1
日期范围: 2026-05-04 到 2026-05-10
查询结果数量: 0
[DEBUG] get_valid_student_ids_for_management_page: 来源1=0, 来源2=29, 来源3=0, 来源4=29, 来源5=6, union_ids=29, 最终有效学生数=29
API查询: month=2026-05, week=1
日期范围: 2026-05-04 到 2026-05-10
查询结果数量: 0
[DEBUG] get_valid_student_ids_for_management_page: 来源1=0, 来源2=29, 来源3=0, 来源4=29, 来源5=6, union_ids=29, 最终有效学生数=29
[DEBUG] get_valid_student_ids_for_management_page: 来源1=0, 来源2=29, 来源3=0, 来源4=29, 来源5=6, union_ids=29, 最终有效学生数=29
[DEBUG] get_valid_student_ids_for_management_page: 来源1=0, 来源2=29, 来源3=0, 来源4=29, 来源5=6, union_ids=29, 最终有效学生数=29
[DEBUG] get_valid_student_ids_for_management_page: 来源1=0, 来源2=29, 来源3=0, 来源4=29, 来源5=6, union_ids=29, 最终有效学生数=29
[DEBUG] get_valid_student_ids_for_management_page: 来源1=0, 来源2=29, 来源3=0, 来源4=29, 来源5=6, union_ids=29, 最终有效学生数=29
API查询: month=2026-05, week=1
日期范围: 2026-05-04 到 2026-05-10
查询结果数量: 0
[DEBUG] get_valid_student_ids_for_management_page: 来源1=0, 来源2=29, 来源3=0, 来源4=29, 来源5=6, union_ids=29, 最终有效学生数=29
API查询: month=2026-03, week=3
日期范围: 2026-03-16 到 2026-03-22
查询结果数量: 1
第一条记录日期: 2026-03-18
[DEBUG] get_valid_student_ids_for_management_page: 来源1=0, 来源2=29, 来源3=0, 来源4=29, 来源5=6, union_ids=29, 最终有效学生数=29
[DEBUG] get_valid_student_ids_for_management_page: 来源1=0, 来源2=29, 来源3=0, 来源4=29, 来源5=6, union_ids=29, 最终有效学生数=29
[DEBUG] get_valid_student_ids_for_management_page: 来源1=0, 来源2=29, 来源3=0, 来源4=29, 来源5=6, union_ids=29, 最终有效学生数=29
API查询: month=2026-03, week=3
日期范围: 2026-03-16 到 2026-03-22
查询结果数量: 1
第一条记录日期: 2026-03-18
[DEBUG] get_valid_student_ids_for_management_page: 来源1=0, 来源2=29, 来源3=0, 来源4=29, 来源5=6, union_ids=29, 最终有效学生数=29
[DEBUG] get_valid_student_ids_for_management_page: 来源1=0, 来源2=29, 来源3=0, 来源4=29, 来源5=6, union_ids=29, 最终有效学生数=29
[DEBUG] get_valid_student_ids_for_management_page: 来源1=0, 来源2=29, 来源3=0, 来源4=29, 来源5=6, union_ids=29, 最终有效学生数=29
API查询: month=2026-03, week=4
日期范围: 2026-03-23 到 2026-03-29
查询结果数量: 2
第一条记录日期: 2026-03-28
[DEBUG] get_valid_student_ids_for_management_page: 来源1=0, 来源2=29, 来源3=0, 来源4=29, 来源5=6, union_ids=29, 最终有效学生数=29
[DEBUG] get_valid_student_ids_for_management_page: 来源1=0, 来源2=29, 来源3=0, 来源4=29, 来源5=6, union_ids=29, 最终有效学生数=29
[DEBUG] get_valid_student_ids_for_management_page: 来源1=0, 来源2=29, 来源3=0, 来源4=29, 来源5=6, union_ids=29, 最终有效学生数=29
[DEBUG] get_valid_student_ids_for_management_page: 来源1=0, 来源2=29, 来源3=0, 来源4=29, 来源5=6, union_ids=29, 最终有效学生数=29
API查询: month=2026-03, week=4
日期范围: 2026-03-23 到 2026-03-29
查询结果数量: 2
第一条记录日期: 2026-03-28
[DEBUG] get_valid_student_ids_for_management_page: 来源1=0, 来源2=29, 来源3=0, 来源4=29, 来源5=6, union_ids=29, 最终有效学生数=29
[DEBUG] get_valid_student_ids_for_management_page: 来源1=0, 来源2=29, 来源3=0, 来源4=29, 来源5=6, union_ids=29, 最终有效学生数=29
API查询: month=2026-04, week=1
日期范围: 2026-04-06 到 2026-04-12
查询结果数量: 2
第一条记录日期: 2026-04-11
[DEBUG] get_valid_student_ids_for_management_page: 来源1=0, 来源2=29, 来源3=0, 来源4=29, 来源5=6, union_ids=29, 最终有效学生数=29
[DEBUG] get_valid_student_ids_for_management_page: 来源1=0, 来源2=29, 来源3=0, 来源4=29, 来源5=6, union_ids=29, 最终有效学生数=29
[DEBUG] get_valid_student_ids_for_management_page: 来源1=0, 来源2=29, 来源3=0, 来源4=29, 来源5=6, union_ids=29, 最终有效学生数=29
API查询: month=2026-04, week=1
日期范围: 2026-04-06 到 2026-04-12
查询结果数量: 2
第一条记录日期: 2026-04-11
[DEBUG] get_valid_student_ids_for_management_page: 来源1=0, 来源2=29, 来源3=0, 来源4=29, 来源5=6, union_ids=29, 最终有效学生数=29
[DEBUG] get_valid_student_ids_for_management_page: 来源1=0, 来源2=29, 来源3=0, 来源4=29, 来源5=6, union_ids=29, 最终有效学生数=29
[DEBUG] get_valid_student_ids_for_management_page: 来源1=0, 来源2=29, 来源3=0, 来源4=29, 来源5=6, union_ids=29, 最终有效学生数=29
API查询: month=2026-04, week=1
日期范围: 2026-04-06 到 2026-04-12
查询结果数量: 2
第一条记录日期: 2026-04-11
[DEBUG] get_valid_student_ids_for_management_page: 来源1=0, 来源2=29, 来源3=0, 来源4=29, 来源5=6, union_ids=29, 最终有效学生数=29
[DEBUG] get_valid_student_ids_for_management_page: 来源1=0, 来源2=29, 来源3=0, 来源4=29, 来源5=6, union_ids=29, 最终有效学生数=29
[DEBUG] get_valid_student_ids_for_management_page: 来源1=0, 来源2=29, 来源3=0, 来源4=29, 来源5=6, union_ids=29, 最终有效学生数=29
API查询: month=2026-04, week=1
日期范围: 2026-04-06 到 2026-04-12
查询结果数量: 2
第一条记录日期: 2026-04-11
[DEBUG] get_valid_student_ids_for_management_page: 来源1=0, 来源2=29, 来源3=0, 来源4=29, 来源5=6, union_ids=29, 最终有效学生数=29
[DEBUG] get_valid_student_ids_for_management_page: 来源1=0, 来源2=29, 来源3=0, 来源4=29, 来源5=6, union_ids=29, 最终有效学生数=29
[DEBUG] get_valid_student_ids_for_management_page: 来源1=0, 来源2=29, 来源3=0, 来源4=29, 来源5=6, union_ids=29, 最终有效学生数=29
API查询: month=2026-04, week=2
日期范围: 2026-04-13 到 2026-04-19
查询结果数量: 1
第一条记录日期: 2026-04-14
[DEBUG] get_valid_student_ids_for_management_page: 来源1=0, 来源2=29, 来源3=0, 来源4=29, 来源5=6, union_ids=29, 最终有效学生数=29
[DEBUG] get_valid_student_ids_for_management_page: 来源1=0, 来源2=29, 来源3=0, 来源4=29, 来源5=6, union_ids=29, 最终有效学生数=29
[DEBUG] get_valid_student_ids_for_management_page: 来源1=0, 来源2=29, 来源3=0, 来源4=29, 来源5=6, union_ids=29, 最终有效学生数=29
API查询: month=2026-04, week=2
日期范围: 2026-04-13 到 2026-04-19
查询结果数量: 1
第一条记录日期: 2026-04-14
[DEBUG] get_valid_student_ids_for_management_page: 来源1=0, 来源2=29, 来源3=0, 来源4=29, 来源5=6, union_ids=29, 最终有效学生数=29
[DEBUG] get_valid_student_ids_for_management_page: 来源1=0, 来源2=29, 来源3=0, 来源4=29, 来源5=6, union_ids=29, 最终有效学生数=29
[DEBUG] get_valid_student_ids_for_management_page: 来源1=0, 来源2=29, 来源3=0, 来源4=29, 来源5=6, union_ids=29, 最终有效学生数=29
API查询: month=2026-04, week=3
日期范围: 2026-04-20 到 2026-04-26
查询结果数量: 0
[DEBUG] get_valid_student_ids_for_management_page: 来源1=0, 来源2=29, 来源3=0, 来源4=29, 来源5=6, union_ids=29, 最终有效学生数=29
[DEBUG] get_valid_student_ids_for_management_page: 来源1=0, 来源2=29, 来源3=0, 来源4=29, 来源5=6, union_ids=29, 最终有效学生数=29
[DEBUG] get_valid_student_ids_for_management_page: 来源1=0, 来源2=29, 来源3=0, 来源4=29, 来源5=6, union_ids=29, 最终有效学生数=29
API查询: month=2026-04, week=3
日期范围: 2026-04-20 到 2026-04-26
查询结果数量: 0
[DEBUG] get_valid_student_ids_for_management_page: 来源1=0, 来源2=29, 来源3=0, 来源4=29, 来源5=6, union_ids=29, 最终有效学生数=29
[DEBUG] get_valid_student_ids_for_management_page: 来源1=0, 来源2=29, 来源3=0, 来源4=29, 来源5=6, union_ids=29, 最终有效学生数=29
[DEBUG] get_valid_student_ids_for_management_page: 来源1=0, 来源2=29, 来源3=0, 来源4=29, 来源5=6, union_ids=29, 最终有效学生数=29
API查询: month=2026-04, week=2
日期范围: 2026-04-13 到 2026-04-19
查询结果数量: 1
第一条记录日期: 2026-04-14
[DEBUG] get_valid_student_ids_for_management_page: 来源1=0, 来源2=29, 来源3=0, 来源4=29, 来源5=6, union_ids=29, 最终有效学生数=29
[DEBUG] get_valid_student_ids_for_management_page: 来源1=0, 来源2=29, 来源3=0, 来源4=29, 来源5=6, union_ids=29, 最终有效学生数=29
[DEBUG] get_valid_student_ids_for_management_page: 来源1=0, 来源2=29, 来源3=0, 来源4=29, 来源5=6, union_ids=29, 最终有效学生数=29
API查询: month=2026-04, week=2
日期范围: 2026-04-13 到 2026-04-19
查询结果数量: 1
第一条记录日期: 2026-04-14
Stats request: month=2026-03, student_id=None, course_id=None
[DEBUG] get_valid_student_ids_for_management_page: 来源1=0, 来源2=29, 来源3=0, 来源4=29, 来源5=6, union_ids=29, 最终有效学生数=29
Stats request: month=2026-03, student_id=None, course_id=None
[DEBUG] get_valid_student_ids_for_management_page: 来源1=0, 来源2=29, 来源3=0, 来源4=29, 来源5=6, union_ids=29, 最终有效学生数=29
[DEBUG] all_courses API: 查询总数 = 0, 页码 = 1, 每页 = 20
[DEBUG] all_courses API: 查询总数 = 11, 页码 = 1, 每页 = 1000
[DEBUG] all_courses API: 返回课程数量 = 0
Stats request: month=2026-03, student_id=None, course_id=None
[DEBUG] all_courses API: 返回课程数量 = 11
[DEBUG] get_valid_student_ids_for_management_page: 来源1=0, 来源2=29, 来源3=0, 来源4=29, 来源5=6, union_ids=29, 最终有效学生数=29
[DEBUG] all_courses API: 转换后的数据示例（前3条）: [{'id': 1, 'student_id': 33, 'marketing_lead_id': None, 'student_name': '赖姝彤', 'grade': '初二', 'course_id': 1, 'course_name': '数学1v1', 'subject': '数学', 'teacher_id': 9, 'teacher_name': '彭老师', 'course_date': '2026-02-09', 'weekday': '周一', 'time_slot': '8:10-9:30', 'classroom': 'A1', 'notes': None, 'status': '正常', 'trial_status': None, 'is_confirmed': True, 'created_at': '2026-02-09 13:51:27'}, {'id': 4, 'student_id': 8, 'marketing_lead_id': None, 'student_name': '钟荣睿', 'grade': '初一', 'course_id': 1, 'course_name': '数学1v1', 'subject': '数学', 'teacher_id': 9, 'teacher_name': '彭老师', 'course_date': '2026-02-09', 'weekday': '周一', 'time_slot': '14:10-15:30', 'classroom': 'A2', 'notes': None, 'status': '正常', 'trial_status': None, 'is_confirmed': True, 'created_at': '2026-02-09 14:09:35'}, {'id': 3, 'student_id': 30, 'marketing_lead_id': None, 'student_name': '黄子轩', 'grade': '高三', 'course_id': 1, 'course_name': '数学1v1', 'subject': '数学', 'teacher_id': 9, 'teacher_name': '彭老师', 'course_date': '2026-02-10', 'weekday': '周二', 'time_slot': '17:10-18:30', 'classroom': 'A3', 'notes': None, 'status': '正常', 'trial_status': None, 'is_confirmed': True, 'created_at': '2026-02-09 13:55:27'}]
[DEBUG] get_valid_student_ids_for_management_page: 来源1=0, 来源2=29, 来源3=0, 来源4=29, 来源5=6, union_ids=29, 最终有效学生数=29
[DEBUG] all_courses API: 转换后的数据示例（前3条）: 无数据
[DEBUG] get_valid_student_ids_for_management_page: 来源1=0, 来源2=29, 来源3=0, 来源4=29, 来源5=6, union_ids=29, 最终有效学生数=29
Stats request: month=2026-03, student_id=None, course_id=None
[DEBUG] get_valid_student_ids_for_management_page: 来源1=0, 来源2=29, 来源3=0, 来源4=29, 来源5=6, union_ids=29, 最终有效学生数=29
[DEBUG] get_valid_student_ids_for_management_page: 来源1=0, 来源2=29, 来源3=0, 来源4=29, 来源5=6, union_ids=29, 最终有效学生数=29
[DEBUG] get_valid_student_ids_for_management_page: 来源1=0, 来源2=29, 来源3=0, 来源4=29, 来源5=6, union_ids=29, 最终有效学生数=29
[DEBUG] get_valid_student_ids_for_management_page: 来源1=0, 来源2=29, 来源3=0, 来源4=29, 来源5=6, union_ids=29, 最终有效学生数=29
[DEBUG] get_valid_student_ids_for_management_page: 来源1=0, 来源2=29, 来源3=0, 来源4=29, 来源5=6, union_ids=29, 最终有效学生数=29
[DEBUG] get_valid_student_ids_for_management_page: 来源1=0, 来源2=29, 来源3=0, 来源4=29, 来源5=6, union_ids=29, 最终有效学生数=29
[DEBUG] get_valid_student_ids_for_management_page: 来源1=0, 来源2=29, 来源3=0, 来源4=29, 来源5=6, union_ids=29, 最终有效学生数=29
[DEBUG] get_valid_student_ids_for_management_page: 来源1=0, 来源2=29, 来源3=0, 来源4=29, 来源5=6, union_ids=29, 最终有效学生数=29
[DEBUG] get_valid_student_ids_for_management_page: 来源1=0, 来源2=29, 来源3=0, 来源4=29, 来源5=6, union_ids=29, 最终有效学生数=29
[DEBUG] get_valid_student_ids_for_management_page: 来源1=0, 来源2=29, 来源3=0, 来源4=29, 来源5=6, union_ids=29, 最终有效学生数=29
[DEBUG] get_valid_student_ids_for_management_page: 来源1=0, 来源2=29, 来源3=0, 来源4=29, 来源5=6, union_ids=29, 最终有效学生数=29
[DEBUG] get_valid_student_ids_for_management_page: 来源1=0, 来源2=29, 来源3=0, 来源4=29, 来源5=6, union_ids=29, 最终有效学生数=29
[DEBUG] get_valid_student_ids_for_management_page: 来源1=0, 来源2=29, 来源3=0, 来源4=29, 来源5=6, union_ids=29, 最终有效学生数=29
API查询: month=2026-03, week=3
日期范围: 2026-03-16 到 2026-03-22
查询结果数量: 1
第一条记录日期: 2026-03-18
[DEBUG] get_valid_student_ids_for_management_page: 来源1=0, 来源2=29, 来源3=0, 来源4=29, 来源5=6, union_ids=29, 最终有效学生数=29
API查询: month=2026-03, week=3
日期范围: 2026-03-16 到 2026-03-22
查询结果数量: 0
[DEBUG] get_valid_student_ids_for_management_page: 来源1=0, 来源2=29, 来源3=0, 来源4=29, 来源5=6, union_ids=29, 最终有效学生数=29
API查询: month=2026-03, week=3
日期范围: 2026-03-16 到 2026-03-22
查询结果数量: 0
[DEBUG] get_valid_student_ids_for_management_page: 来源1=0, 来源2=29, 来源3=0, 来源4=29, 来源5=6, union_ids=29, 最终有效学生数=29
API查询: month=2026-03, week=3
日期范围: 2026-03-16 到 2026-03-22
查询结果数量: 0
[DEBUG] get_valid_student_ids_for_management_page: 来源1=0, 来源2=29, 来源3=0, 来源4=29, 来源5=6, union_ids=29, 最终有效学生数=29
[DEBUG] get_valid_student_ids_for_management_page: 来源1=0, 来源2=29, 来源3=0, 来源4=29, 来源5=6, union_ids=29, 最终有效学生数=29
API查询: month=2026-03, week=3
日期范围: 2026-03-16 到 2026-03-22
查询结果数量: 0
[DEBUG] get_valid_student_ids_for_management_page: 来源1=0, 来源2=29, 来源3=0, 来源4=29, 来源5=6, union_ids=29, 最终有效学生数=29
API查询: month=2026-03, week=3
日期范围: 2026-03-16 到 2026-03-22
查询结果数量: 0
[DEBUG] get_valid_student_ids_for_management_page: 来源1=0, 来源2=29, 来源3=0, 来源4=29, 来源5=6, union_ids=29, 最终有效学生数=29
[DEBUG] get_valid_student_ids_for_management_page: 来源1=0, 来源2=29, 来源3=0, 来源4=29, 来源5=6, union_ids=29, 最终有效学生数=29
[DEBUG] get_valid_student_ids_for_management_page: 来源1=0, 来源2=29, 来源3=0, 来源4=29, 来源5=6, union_ids=29, 最终有效学生数=29
API查询: month=2026-03, week=3
日期范围: 2026-03-16 到 2026-03-22
查询结果数量: 1
第一条记录日期: 2026-03-18
[DEBUG] get_valid_student_ids_for_management_page: 来源1=0, 来源2=29, 来源3=0, 来源4=29, 来源5=6, union_ids=29, 最终有效学生数=29
[DEBUG] get_valid_student_ids_for_management_page: 来源1=0, 来源2=29, 来源3=0, 来源4=29, 来源5=6, union_ids=29, 最终有效学生数=29
[DEBUG] get_valid_student_ids_for_management_page: 来源1=0, 来源2=29, 来源3=0, 来源4=29, 来源5=6, union_ids=29, 最终有效学生数=29
API查询: month=2026-03, week=3
日期范围: 2026-03-16 到 2026-03-22
查询结果数量: 1
第一条记录日期: 2026-03-18
[DEBUG] get_valid_student_ids_for_management_page: 来源1=0, 来源2=29, 来源3=0, 来源4=29, 来源5=6, union_ids=29, 最终有效学生数=29
[DEBUG] get_valid_student_ids_for_management_page: 来源1=0, 来源2=29, 来源3=0, 来源4=29, 来源5=6, union_ids=29, 最终有效学生数=29
[DEBUG] get_valid_student_ids_for_management_page: 来源1=0, 来源2=29, 来源3=0, 来源4=29, 来源5=6, union_ids=29, 最终有效学生数=29
API查询: month=2026-03, week=3
日期范围: 2026-03-16 到 2026-03-22
查询结果数量: 1
第一条记录日期: 2026-03-18
[DEBUG] get_valid_student_ids_for_management_page: 来源1=0, 来源2=29, 来源3=0, 来源4=29, 来源5=6, union_ids=29, 最终有效学生数=29
[DEBUG] get_valid_student_ids_for_management_page: 来源1=0, 来源2=29, 来源3=0, 来源4=29, 来源5=6, union_ids=29, 最终有效学生数=29
[DEBUG] get_valid_student_ids_for_management_page: 来源1=0, 来源2=29, 来源3=0, 来源4=29, 来源5=6, union_ids=29, 最终有效学生数=29
API查询: month=2026-03, week=3
日期范围: 2026-03-16 到 2026-03-22
查询结果数量: 1
第一条记录日期: 2026-03-18
[DEBUG] get_valid_student_ids_for_management_page: 来源1=0, 来源2=29, 来源3=0, 来源4=29, 来源5=6, union_ids=29, 最终有效学生数=29
[DEBUG] get_valid_student_ids_for_management_page: 来源1=0, 来源2=29, 来源3=0, 来源4=29, 来源5=6, union_ids=29, 最终有效学生数=29
[DEBUG] get_valid_student_ids_for_management_page: 来源1=0, 来源2=29, 来源3=0, 来源4=29, 来源5=6, union_ids=29, 最终有效学生数=29
API查询: month=2026-03, week=3
日期范围: 2026-03-16 到 2026-03-22
查询结果数量: 1
第一条记录日期: 2026-03-18
[DEBUG] get_valid_student_ids_for_management_page: 来源1=0, 来源2=29, 来源3=0, 来源4=29, 来源5=6, union_ids=29, 最终有效学生数=29
[DEBUG] get_valid_student_ids_for_management_page: 来源1=0, 来源2=29, 来源3=0, 来源4=29, 来源5=6, union_ids=29, 最终有效学生数=29
[DEBUG] get_valid_student_ids_for_management_page: 来源1=0, 来源2=29, 来源3=0, 来源4=29, 来源5=6, union_ids=29, 最终有效学生数=29
[DEBUG] get_valid_student_ids_for_management_page: 来源1=0, 来源2=29, 来源3=0, 来源4=29, 来源5=6, union_ids=29, 最终有效学生数=29
[DEBUG] get_valid_student_ids_for_management_page: 来源1=0, 来源2=29, 来源3=0, 来源4=29, 来源5=6, union_ids=29, 最终有效学生数=29
[DEBUG] get_valid_student_ids_for_management_page: 来源1=0, 来源2=29, 来源3=0, 来源4=29, 来源5=6, union_ids=29, 最终有效学生数=29
[DEBUG] get_valid_student_ids_for_management_page: 来源1=0, 来源2=29, 来源3=0, 来源4=29, 来源5=6, union_ids=29, 最终有效学生数=29
[DEBUG] get_valid_student_ids_for_management_page: 来源1=0, 来源2=29, 来源3=0, 来源4=29, 来源5=6, union_ids=29, 最终有效学生数=29
[DEBUG] get_valid_student_ids_for_management_page: 来源1=0, 来源2=29, 来源3=0, 来源4=29, 来源5=6, union_ids=29, 最终有效学生数=29
[DEBUG] get_valid_student_ids_for_management_page: 来源1=0, 来源2=29, 来源3=0, 来源4=29, 来源5=6, union_ids=29, 最终有效学生数=29
[DEBUG] get_valid_student_ids_for_management_page: 来源1=0, 来源2=29, 来源3=0, 来源4=29, 来源5=6, union_ids=29, 最终有效学生数=29
[DEBUG] get_valid_student_ids_for_management_page: 来源1=0, 来源2=29, 来源3=0, 来源4=29, 来源5=6, union_ids=29, 最终有效学生数=29
API查询: month=2026-03, week=4
日期范围: 2026-03-23 到 2026-03-29
查询结果数量: 0
[DEBUG] get_valid_student_ids_for_management_page: 来源1=0, 来源2=29, 来源3=0, 来源4=29, 来源5=6, union_ids=29, 最终有效学生数=29
[DEBUG] get_valid_student_ids_for_management_page: 来源1=0, 来源2=29, 来源3=0, 来源4=29, 来源5=6, union_ids=29, 最终有效学生数=29
API查询: month=2026-03, week=4
日期范围: 2026-03-23 到 2026-03-29
查询结果数量: 1
第一条记录日期: 2026-03-28
[DEBUG] get_valid_student_ids_for_management_page: 来源1=0, 来源2=29, 来源3=0, 来源4=29, 来源5=6, union_ids=29, 最终有效学生数=29
API查询: month=2026-03, week=4
日期范围: 2026-03-23 到 2026-03-29
查询结果数量: 1
第一条记录日期: 2026-03-24
[DEBUG] get_valid_student_ids_for_management_page: 来源1=0, 来源2=29, 来源3=0, 来源4=29, 来源5=6, union_ids=29, 最终有效学生数=29
API查询: month=2026-03, week=4
日期范围: 2026-03-23 到 2026-03-29
查询结果数量: 0
[DEBUG] get_valid_student_ids_for_management_page: 来源1=0, 来源2=29, 来源3=0, 来源4=29, 来源5=6, union_ids=29, 最终有效学生数=29
API查询: month=2026-03, week=4
日期范围: 2026-03-23 到 2026-03-29
查询结果数量: 0
[DEBUG] get_valid_student_ids_for_management_page: 来源1=0, 来源2=29, 来源3=0, 来源4=29, 来源5=6, union_ids=29, 最终有效学生数=29
[DEBUG] get_valid_student_ids_for_management_page: 来源1=0, 来源2=29, 来源3=0, 来源4=29, 来源5=6, union_ids=29, 最终有效学生数=29
API查询: month=2026-03, week=4
日期范围: 2026-03-23 到 2026-03-29
查询结果数量: 0
[DEBUG] get_valid_student_ids_for_management_page: 来源1=0, 来源2=29, 来源3=0, 来源4=29, 来源5=6, union_ids=29, 最终有效学生数=29
[DEBUG] get_valid_student_ids_for_management_page: 来源1=0, 来源2=29, 来源3=0, 来源4=29, 来源5=6, union_ids=29, 最终有效学生数=29
API查询: month=2026-03, week=4
日期范围: 2026-03-23 到 2026-03-29
查询结果数量: 2
第一条记录日期: 2026-03-28
[DEBUG] get_valid_student_ids_for_management_page: 来源1=0, 来源2=29, 来源3=0, 来源4=29, 来源5=6, union_ids=29, 最终有效学生数=29
[DEBUG] get_valid_student_ids_for_management_page: 来源1=0, 来源2=29, 来源3=0, 来源4=29, 来源5=6, union_ids=29, 最终有效学生数=29
[DEBUG] get_valid_student_ids_for_management_page: 来源1=0, 来源2=29, 来源3=0, 来源4=29, 来源5=6, union_ids=29, 最终有效学生数=29
API查询: month=2026-03, week=4
日期范围: 2026-03-23 到 2026-03-29
查询结果数量: 2
第一条记录日期: 2026-03-28
[DEBUG] get_valid_student_ids_for_management_page: 来源1=0, 来源2=29, 来源3=0, 来源4=29, 来源5=6, union_ids=29, 最终有效学生数=29
[DEBUG] get_valid_student_ids_for_management_page: 来源1=0, 来源2=29, 来源3=0, 来源4=29, 来源5=6, union_ids=29, 最终有效学生数=29
[DEBUG] get_valid_student_ids_for_management_page: 来源1=0, 来源2=29, 来源3=0, 来源4=29, 来源5=6, union_ids=29, 最终有效学生数=29
[DEBUG] get_valid_student_ids_for_management_page: 来源1=0, 来源2=29, 来源3=0, 来源4=29, 来源5=6, union_ids=29, 最终有效学生数=29
API查询: month=2026-03, week=4
日期范围: 2026-03-23 到 2026-03-29
查询结果数量: 2
第一条记录日期: 2026-03-28
[DEBUG] get_valid_student_ids_for_management_page: 来源1=0, 来源2=29, 来源3=0, 来源4=29, 来源5=6, union_ids=29, 最终有效学生数=29
[DEBUG] get_valid_student_ids_for_management_page: 来源1=0, 来源2=29, 来源3=0, 来源4=29, 来源5=6, union_ids=29, 最终有效学生数=29
API查询: month=2026-03, week=3
日期范围: 2026-03-16 到 2026-03-22
查询结果数量: 1
第一条记录日期: 2026-03-18
[DEBUG] get_valid_student_ids_for_management_page: 来源1=0, 来源2=29, 来源3=0, 来源4=29, 来源5=6, union_ids=29, 最终有效学生数=29
[DEBUG] get_valid_student_ids_for_management_page: 来源1=0, 来源2=29, 来源3=0, 来源4=29, 来源5=6, union_ids=29, 最终有效学生数=29
[DEBUG] get_valid_student_ids_for_management_page: 来源1=0, 来源2=29, 来源3=0, 来源4=29, 来源5=6, union_ids=29, 最终有效学生数=29
API查询: month=2026-03, week=3
日期范围: 2026-03-16 到 2026-03-22
查询结果数量: 1
第一条记录日期: 2026-03-18
[DEBUG] get_valid_student_ids_for_management_page: 来源1=0, 来源2=29, 来源3=0, 来源4=29, 来源5=6, union_ids=29, 最终有效学生数=29
[DEBUG] get_valid_student_ids_for_management_page: 来源1=0, 来源2=29, 来源3=0, 来源4=29, 来源5=6, union_ids=29, 最终有效学生数=29
[DEBUG] get_valid_student_ids_for_management_page: 来源1=0, 来源2=29, 来源3=0, 来源4=29, 来源5=6, union_ids=29, 最终有效学生数=29
API查询: month=2026-03, week=4
日期范围: 2026-03-23 到 2026-03-29
查询结果数量: 2
第一条记录日期: 2026-03-28
[DEBUG] get_valid_student_ids_for_management_page: 来源1=0, 来源2=29, 来源3=0, 来源4=29, 来源5=6, union_ids=29, 最终有效学生数=29
[DEBUG] get_valid_student_ids_for_management_page: 来源1=0, 来源2=29, 来源3=0, 来源4=29, 来源5=6, union_ids=29, 最终有效学生数=29
[DEBUG] get_valid_student_ids_for_management_page: 来源1=0, 来源2=29, 来源3=0, 来源4=29, 来源5=6, union_ids=29, 最终有效学生数=29
[DEBUG] get_valid_student_ids_for_management_page: 来源1=0, 来源2=29, 来源3=0, 来源4=29, 来源5=6, union_ids=29, 最终有效学生数=29
[DEBUG] get_valid_student_ids_for_management_page: 来源1=0, 来源2=29, 来源3=0, 来源4=29, 来源5=6, union_ids=29, 最终有效学生数=29
[DEBUG] get_valid_student_ids_for_management_page: 来源1=0, 来源2=29, 来源3=0, 来源4=29, 来源5=6, union_ids=29, 最终有效学生数=29
[DEBUG] get_valid_student_ids_for_management_page: 来源1=0, 来源2=29, 来源3=0, 来源4=29, 来源5=6, union_ids=29, 最终有效学生数=29
[DEBUG] get_valid_student_ids_for_management_page: 来源1=0, 来源2=29, 来源3=0, 来源4=29, 来源5=6, union_ids=29, 最终有效学生数=29
[DEBUG] get_valid_student_ids_for_management_page: 来源1=0, 来源2=29, 来源3=0, 来源4=29, 来源5=6, union_ids=29, 最终有效学生数=29
[DEBUG] get_valid_student_ids_for_management_page: 来源1=0, 来源2=29, 来源3=0, 来源4=29, 来源5=6, union_ids=29, 最终有效学生数=29
[DEBUG] get_valid_student_ids_for_management_page: 来源1=0, 来源2=29, 来源3=0, 来源4=29, 来源5=6, union_ids=29, 最终有效学生数=29
[DEBUG] get_valid_student_ids_for_management_page: 来源1=0, 来源2=29, 来源3=0, 来源4=29, 来源5=6, union_ids=29, 最终有效学生数=29
API查询: month=2026-04, week=1
日期范围: 2026-04-06 到 2026-04-12
查询结果数量: 1
第一条记录日期: 2026-04-07
[DEBUG] get_valid_student_ids_for_management_page: 来源1=0, 来源2=29, 来源3=0, 来源4=29, 来源5=6, union_ids=29, 最终有效学生数=29
API查询: month=2026-03, week=4
日期范围: 2026-03-23 到 2026-03-29
查询结果数量: 2
第一条记录日期: 2026-03-28
[DEBUG] get_valid_student_ids_for_management_page: 来源1=0, 来源2=29, 来源3=0, 来源4=29, 来源5=6, union_ids=29, 最终有效学生数=29
[DEBUG] get_valid_student_ids_for_management_page: 来源1=0, 来源2=29, 来源3=0, 来源4=29, 来源5=6, union_ids=29, 最终有效学生数=29
API查询: month=2026-04, week=1
日期范围: 2026-04-06 到 2026-04-12
查询结果数量: 0
[DEBUG] get_valid_student_ids_for_management_page: 来源1=0, 来源2=29, 来源3=0, 来源4=29, 来源5=6, union_ids=29, 最终有效学生数=29
API查询: month=2026-04, week=1
日期范围: 2026-04-06 到 2026-04-12
查询结果数量: 0
[DEBUG] get_valid_student_ids_for_management_page: 来源1=0, 来源2=29, 来源3=0, 来源4=29, 来源5=6, union_ids=29, 最终有效学生数=29
API查询: month=2026-04, week=1
日期范围: 2026-04-06 到 2026-04-12
查询结果数量: 1
第一条记录日期: 2026-04-11
[DEBUG] get_valid_student_ids_for_management_page: 来源1=0, 来源2=29, 来源3=0, 来源4=29, 来源5=6, union_ids=29, 最终有效学生数=29
[DEBUG] get_valid_student_ids_for_management_page: 来源1=0, 来源2=29, 来源3=0, 来源4=29, 来源5=6, union_ids=29, 最终有效学生数=29
[DEBUG] get_valid_student_ids_for_management_page: 来源1=0, 来源2=29, 来源3=0, 来源4=29, 来源5=6, union_ids=29, 最终有效学生数=29
API查询: month=2026-04, week=1
日期范围: 2026-04-06 到 2026-04-12
查询结果数量: 0
[DEBUG] get_valid_student_ids_for_management_page: 来源1=0, 来源2=29, 来源3=0, 来源4=29, 来源5=6, union_ids=29, 最终有效学生数=29
[DEBUG] get_valid_student_ids_for_management_page: 来源1=0, 来源2=29, 来源3=0, 来源4=29, 来源5=6, union_ids=29, 最终有效学生数=29
[DEBUG] get_valid_student_ids_for_management_page: 来源1=0, 来源2=29, 来源3=0, 来源4=29, 来源5=6, union_ids=29, 最终有效学生数=29
API查询: month=2026-04, week=1
日期范围: 2026-04-06 到 2026-04-12
查询结果数量: 0
[DEBUG] get_valid_student_ids_for_management_page: 来源1=0, 来源2=29, 来源3=0, 来源4=29, 来源5=6, union_ids=29, 最终有效学生数=29
API查询: month=2026-04, week=1
日期范围: 2026-04-06 到 2026-04-12
查询结果数量: 2
第一条记录日期: 2026-04-11
[DEBUG] get_valid_student_ids_for_management_page: 来源1=0, 来源2=29, 来源3=0, 来源4=29, 来源5=6, union_ids=29, 最终有效学生数=29
[DEBUG] get_valid_student_ids_for_management_page: 来源1=0, 来源2=29, 来源3=0, 来源4=29, 来源5=6, union_ids=29, 最终有效学生数=29
[DEBUG] get_valid_student_ids_for_management_page: 来源1=0, 来源2=29, 来源3=0, 来源4=29, 来源5=6, union_ids=29, 最终有效学生数=29
API查询: month=2026-04, week=1
日期范围: 2026-04-06 到 2026-04-12
查询结果数量: 2
第一条记录日期: 2026-04-11
[DEBUG] get_valid_student_ids_for_management_page: 来源1=0, 来源2=29, 来源3=0, 来源4=29, 来源5=6, union_ids=29, 最终有效学生数=29
[DEBUG] get_valid_student_ids_for_management_page: 来源1=0, 来源2=29, 来源3=0, 来源4=29, 来源5=6, union_ids=29, 最终有效学生数=29
[DEBUG] get_valid_student_ids_for_management_page: 来源1=0, 来源2=29, 来源3=0, 来源4=29, 来源5=6, union_ids=29, 最终有效学生数=29
API查询: month=2026-04, week=1
日期范围: 2026-04-06 到 2026-04-12
查询结果数量: 2
第一条记录日期: 2026-04-11
[DEBUG] get_valid_student_ids_for_management_page: 来源1=0, 来源2=29, 来源3=0, 来源4=29, 来源5=6, union_ids=29, 最终有效学生数=29
[DEBUG] get_valid_student_ids_for_management_page: 来源1=0, 来源2=29, 来源3=0, 来源4=29, 来源5=6, union_ids=29, 最终有效学生数=29
[DEBUG] get_valid_student_ids_for_management_page: 来源1=0, 来源2=29, 来源3=0, 来源4=29, 来源5=6, union_ids=29, 最终有效学生数=29
API查询: month=2026-04, week=1
日期范围: 2026-04-06 到 2026-04-12
查询结果数量: 2
第一条记录日期: 2026-04-11
[DEBUG] get_valid_student_ids_for_management_page: 来源1=0, 来源2=29, 来源3=0, 来源4=29, 来源5=6, union_ids=29, 最终有效学生数=29
[DEBUG] get_valid_student_ids_for_management_page: 来源1=0, 来源2=29, 来源3=0, 来源4=29, 来源5=6, union_ids=29, 最终有效学生数=29
[DEBUG] get_valid_student_ids_for_management_page: 来源1=0, 来源2=29, 来源3=0, 来源4=29, 来源5=6, union_ids=29, 最终有效学生数=29
API查询: month=2026-04, week=1
日期范围: 2026-04-06 到 2026-04-12
查询结果数量: 2
第一条记录日期: 2026-04-11
[DEBUG] get_valid_student_ids_for_management_page: 来源1=0, 来源2=29, 来源3=0, 来源4=29, 来源5=6, union_ids=29, 最终有效学生数=29
[DEBUG] get_valid_student_ids_for_management_page: 来源1=0, 来源2=29, 来源3=0, 来源4=29, 来源5=6, union_ids=29, 最终有效学生数=29
[DEBUG] get_valid_student_ids_for_management_page: 来源1=0, 来源2=29, 来源3=0, 来源4=29, 来源5=6, union_ids=29, 最终有效学生数=29
[DEBUG] get_valid_student_ids_for_management_page: 来源1=0, 来源2=29, 来源3=0, 来源4=29, 来源5=6, union_ids=29, 最终有效学生数=29
[DEBUG] get_valid_student_ids_for_management_page: 来源1=0, 来源2=29, 来源3=0, 来源4=29, 来源5=6, union_ids=29, 最终有效学生数=29
[DEBUG] get_valid_student_ids_for_management_page: 来源1=0, 来源2=29, 来源3=0, 来源4=29, 来源5=6, union_ids=29, 最终有效学生数=29
[DEBUG] get_valid_student_ids_for_management_page: 来源1=0, 来源2=29, 来源3=0, 来源4=29, 来源5=6, union_ids=29, 最终有效学生数=29
[DEBUG] get_valid_student_ids_for_management_page: 来源1=0, 来源2=29, 来源3=0, 来源4=29, 来源5=6, union_ids=29, 最终有效学生数=29
[DEBUG] get_valid_student_ids_for_management_page: 来源1=0, 来源2=29, 来源3=0, 来源4=29, 来源5=6, union_ids=29, 最终有效学生数=29
[DEBUG] get_valid_student_ids_for_management_page: 来源1=0, 来源2=29, 来源3=0, 来源4=29, 来源5=6, union_ids=29, 最终有效学生数=29
[DEBUG] get_valid_student_ids_for_management_page: 来源1=0, 来源2=29, 来源3=0, 来源4=29, 来源5=6, union_ids=29, 最终有效学生数=29
[DEBUG] get_valid_student_ids_for_management_page: 来源1=0, 来源2=29, 来源3=0, 来源4=29, 来源5=6, union_ids=29, 最终有效学生数=29
[DEBUG] get_valid_student_ids_for_management_page: 来源1=0, 来源2=29, 来源3=0, 来源4=29, 来源5=6, union_ids=29, 最终有效学生数=29
API查询: month=2026-04, week=2
日期范围: 2026-04-13 到 2026-04-19
查询结果数量: 0
[DEBUG] get_valid_student_ids_for_management_page: 来源1=0, 来源2=29, 来源3=0, 来源4=29, 来源5=6, union_ids=29, 最终有效学生数=29
API查询: month=2026-04, week=2
日期范围: 2026-04-13 到 2026-04-19
查询结果数量: 0
[DEBUG] get_valid_student_ids_for_management_page: 来源1=0, 来源2=29, 来源3=0, 来源4=29, 来源5=6, union_ids=29, 最终有效学生数=29
API查询: month=2026-04, week=2
日期范围: 2026-04-13 到 2026-04-19
查询结果数量: 0
[DEBUG] get_valid_student_ids_for_management_page: 来源1=0, 来源2=29, 来源3=0, 来源4=29, 来源5=6, union_ids=29, 最终有效学生数=29
API查询: month=2026-04, week=2
日期范围: 2026-04-13 到 2026-04-19
查询结果数量: 1
第一条记录日期: 2026-04-14
[DEBUG] get_valid_student_ids_for_management_page: 来源1=0, 来源2=29, 来源3=0, 来源4=29, 来源5=6, union_ids=29, 最终有效学生数=29
API查询: month=2026-04, week=2
日期范围: 2026-04-13 到 2026-04-19
查询结果数量: 0
[DEBUG] get_valid_student_ids_for_management_page: 来源1=0, 来源2=29, 来源3=0, 来源4=29, 来源5=6, union_ids=29, 最终有效学生数=29
API查询: month=2026-04, week=2
日期范围: 2026-04-13 到 2026-04-19
查询结果数量: 0
[DEBUG] get_valid_student_ids_for_management_page: 来源1=0, 来源2=29, 来源3=0, 来源4=29, 来源5=6, union_ids=29, 最终有效学生数=29
[DEBUG] get_valid_student_ids_for_management_page: 来源1=0, 来源2=29, 来源3=0, 来源4=29, 来源5=6, union_ids=29, 最终有效学生数=29
[DEBUG] get_valid_student_ids_for_management_page: 来源1=0, 来源2=29, 来源3=0, 来源4=29, 来源5=6, union_ids=29, 最终有效学生数=29
API查询: month=2026-04, week=2
日期范围: 2026-04-13 到 2026-04-19
查询结果数量: 1
第一条记录日期: 2026-04-14
[DEBUG] get_valid_student_ids_for_management_page: 来源1=0, 来源2=29, 来源3=0, 来源4=29, 来源5=6, union_ids=29, 最终有效学生数=29
[DEBUG] get_valid_student_ids_for_management_page: 来源1=0, 来源2=29, 来源3=0, 来源4=29, 来源5=6, union_ids=29, 最终有效学生数=29
[DEBUG] get_valid_student_ids_for_management_page: 来源1=0, 来源2=29, 来源3=0, 来源4=29, 来源5=6, union_ids=29, 最终有效学生数=29
API查询: month=2026-04, week=2
日期范围: 2026-04-13 到 2026-04-19
查询结果数量: 1
第一条记录日期: 2026-04-14
[DEBUG] get_valid_student_ids_for_management_page: 来源1=0, 来源2=29, 来源3=0, 来源4=29, 来源5=6, union_ids=29, 最终有效学生数=29
[DEBUG] get_valid_student_ids_for_management_page: 来源1=0, 来源2=29, 来源3=0, 来源4=29, 来源5=6, union_ids=29, 最终有效学生数=29
[DEBUG] get_valid_student_ids_for_management_page: 来源1=0, 来源2=29, 来源3=0, 来源4=29, 来源5=6, union_ids=29, 最终有效学生数=29
API查询: month=2026-04, week=2
日期范围: 2026-04-13 到 2026-04-19
查询结果数量: 1
第一条记录日期: 2026-04-14
[DEBUG] get_valid_student_ids_for_management_page: 来源1=0, 来源2=29, 来源3=0, 来源4=29, 来源5=6, union_ids=29, 最终有效学生数=29
[DEBUG] get_valid_student_ids_for_management_page: 来源1=0, 来源2=29, 来源3=0, 来源4=29, 来源5=6, union_ids=29, 最终有效学生数=29
[DEBUG] get_valid_student_ids_for_management_page: 来源1=0, 来源2=29, 来源3=0, 来源4=29, 来源5=6, union_ids=29, 最终有效学生数=29
[DEBUG] get_valid_student_ids_for_management_page: 来源1=0, 来源2=29, 来源3=0, 来源4=29, 来源5=6, union_ids=29, 最终有效学生数=29
[DEBUG] get_valid_student_ids_for_management_page: 来源1=0, 来源2=29, 来源3=0, 来源4=29, 来源5=6, union_ids=29, 最终有效学生数=29
[DEBUG] get_valid_student_ids_for_management_page: 来源1=0, 来源2=29, 来源3=0, 来源4=29, 来源5=6, union_ids=29, 最终有效学生数=29
[DEBUG] get_valid_student_ids_for_management_page: 来源1=0, 来源2=29, 来源3=0, 来源4=29, 来源5=6, union_ids=29, 最终有效学生数=29
[DEBUG] get_valid_student_ids_for_management_page: 来源1=0, 来源2=29, 来源3=0, 来源4=29, 来源5=6, union_ids=29, 最终有效学生数=29
[DEBUG] get_valid_student_ids_for_management_page: 来源1=0, 来源2=29, 来源3=0, 来源4=29, 来源5=6, union_ids=29, 最终有效学生数=29
[DEBUG] get_valid_student_ids_for_management_page: 来源1=0, 来源2=29, 来源3=0, 来源4=29, 来源5=6, union_ids=29, 最终有效学生数=29
[DEBUG] get_valid_student_ids_for_management_page: 来源1=0, 来源2=29, 来源3=0, 来源4=29, 来源5=6, union_ids=29, 最终有效学生数=29
[DEBUG] get_valid_student_ids_for_management_page: 来源1=0, 来源2=29, 来源3=0, 来源4=29, 来源5=6, union_ids=29, 最终有效学生数=29
[DEBUG] get_valid_student_ids_for_management_page: 来源1=0, 来源2=29, 来源3=0, 来源4=29, 来源5=6, union_ids=29, 最终有效学生数=29
API查询: month=2026-04, week=3
日期范围: 2026-04-20 到 2026-04-26
查询结果数量: 0
[DEBUG] get_valid_student_ids_for_management_page: 来源1=0, 来源2=29, 来源3=0, 来源4=29, 来源5=6, union_ids=29, 最终有效学生数=29
API查询: month=2026-04, week=3
日期范围: 2026-04-20 到 2026-04-26
查询结果数量: 0
[DEBUG] get_valid_student_ids_for_management_page: 来源1=0, 来源2=29, 来源3=0, 来源4=29, 来源5=6, union_ids=29, 最终有效学生数=29
API查询: month=2026-04, week=3
日期范围: 2026-04-20 到 2026-04-26
查询结果数量: 0
[DEBUG] get_valid_student_ids_for_management_page: 来源1=0, 来源2=29, 来源3=0, 来源4=29, 来源5=6, union_ids=29, 最终有效学生数=29
API查询: month=2026-04, week=3
日期范围: 2026-04-20 到 2026-04-26
查询结果数量: 0
[DEBUG] get_valid_student_ids_for_management_page: 来源1=0, 来源2=29, 来源3=0, 来源4=29, 来源5=6, union_ids=29, 最终有效学生数=29
API查询: month=2026-04, week=3
日期范围: 2026-04-20 到 2026-04-26
查询结果数量: 0
[DEBUG] get_valid_student_ids_for_management_page: 来源1=0, 来源2=29, 来源3=0, 来源4=29, 来源5=6, union_ids=29, 最终有效学生数=29
API查询: month=2026-04, week=3
日期范围: 2026-04-20 到 2026-04-26
查询结果数量: 0
[DEBUG] get_valid_student_ids_for_management_page: 来源1=0, 来源2=29, 来源3=0, 来源4=29, 来源5=6, union_ids=29, 最终有效学生数=29
[DEBUG] get_valid_student_ids_for_management_page: 来源1=0, 来源2=29, 来源3=0, 来源4=29, 来源5=6, union_ids=29, 最终有效学生数=29
[DEBUG] get_valid_student_ids_for_management_page: 来源1=0, 来源2=29, 来源3=0, 来源4=29, 来源5=6, union_ids=29, 最终有效学生数=29
API查询: month=2026-04, week=3
日期范围: 2026-04-20 到 2026-04-26
查询结果数量: 0
[DEBUG] get_valid_student_ids_for_management_page: 来源1=0, 来源2=29, 来源3=0, 来源4=29, 来源5=6, union_ids=29, 最终有效学生数=29
[DEBUG] get_valid_student_ids_for_management_page: 来源1=0, 来源2=29, 来源3=0, 来源4=29, 来源5=6, union_ids=29, 最终有效学生数=29
[DEBUG] get_valid_student_ids_for_management_page: 来源1=0, 来源2=29, 来源3=0, 来源4=29, 来源5=6, union_ids=29, 最终有效学生数=29
API查询: month=2026-04, week=3
日期范围: 2026-04-20 到 2026-04-26
查询结果数量: 0
[DEBUG] get_valid_student_ids_for_management_page: 来源1=0, 来源2=29, 来源3=0, 来源4=29, 来源5=6, union_ids=29, 最终有效学生数=29
[DEBUG] get_valid_student_ids_for_management_page: 来源1=0, 来源2=29, 来源3=0, 来源4=29, 来源5=6, union_ids=29, 最终有效学生数=29
[DEBUG] get_valid_student_ids_for_management_page: 来源1=0, 来源2=29, 来源3=0, 来源4=29, 来源5=6, union_ids=29, 最终有效学生数=29
API查询: month=2026-04, week=3
日期范围: 2026-04-20 到 2026-04-26
查询结果数量: 0
[DEBUG] get_valid_student_ids_for_management_page: 来源1=0, 来源2=29, 来源3=0, 来源4=29, 来源5=6, union_ids=29, 最终有效学生数=29
[DEBUG] get_valid_student_ids_for_management_page: 来源1=0, 来源2=29, 来源3=0, 来源4=29, 来源5=6, union_ids=29, 最终有效学生数=29
[DEBUG] get_valid_student_ids_for_management_page: 来源1=0, 来源2=29, 来源3=0, 来源4=29, 来源5=6, union_ids=29, 最终有效学生数=29
API查询: month=2026-04, week=2
日期范围: 2026-04-13 到 2026-04-19
查询结果数量: 1
第一条记录日期: 2026-04-14
[DEBUG] get_valid_student_ids_for_management_page: 来源1=0, 来源2=29, 来源3=0, 来源4=29, 来源5=6, union_ids=29, 最终有效学生数=29
[DEBUG] get_valid_student_ids_for_management_page: 来源1=0, 来源2=29, 来源3=0, 来源4=29, 来源5=6, union_ids=29, 最终有效学生数=29
[DEBUG] get_valid_student_ids_for_management_page: 来源1=0, 来源2=29, 来源3=0, 来源4=29, 来源5=6, union_ids=29, 最终有效学生数=29
API查询: month=2026-04, week=2
日期范围: 2026-04-13 到 2026-04-19
查询结果数量: 1
第一条记录日期: 2026-04-14
[DEBUG] get_valid_student_ids_for_management_page: 来源1=0, 来源2=29, 来源3=0, 来源4=29, 来源5=6, union_ids=29, 最终有效学生数=29
[DEBUG] get_valid_student_ids_for_management_page: 来源1=0, 来源2=29, 来源3=0, 来源4=29, 来源5=6, union_ids=29, 最终有效学生数=29
[DEBUG] get_valid_student_ids_for_management_page: 来源1=0, 来源2=29, 来源3=0, 来源4=29, 来源5=6, union_ids=29, 最终有效学生数=29
API查询: month=2026-04, week=1
日期范围: 2026-04-06 到 2026-04-12
查询结果数量: 2
第一条记录日期: 2026-04-11
[DEBUG] get_valid_student_ids_for_management_page: 来源1=0, 来源2=29, 来源3=0, 来源4=29, 来源5=6, union_ids=29, 最终有效学生数=29
[DEBUG] get_valid_student_ids_for_management_page: 来源1=0, 来源2=29, 来源3=0, 来源4=29, 来源5=6, union_ids=29, 最终有效学生数=29
[DEBUG] get_valid_student_ids_for_management_page: 来源1=0, 来源2=29, 来源3=0, 来源4=29, 来源5=6, union_ids=29, 最终有效学生数=29
API查询: month=2026-04, week=1
日期范围: 2026-04-06 到 2026-04-12
查询结果数量: 2
第一条记录日期: 2026-04-11
[DEBUG] get_valid_student_ids_for_management_page: 来源1=0, 来源2=29, 来源3=0, 来源4=29, 来源5=6, union_ids=29, 最终有效学生数=29
[DEBUG] get_valid_student_ids_for_management_page: 来源1=0, 来源2=29, 来源3=0, 来源4=29, 来源5=6, union_ids=29, 最终有效学生数=29
[DEBUG] get_valid_student_ids_for_management_page: 来源1=0, 来源2=29, 来源3=0, 来源4=29, 来源5=6, union_ids=29, 最终有效学生数=29
API查询: month=2026-04, week=2
日期范围: 2026-04-13 到 2026-04-19
查询结果数量: 1
第一条记录日期: 2026-04-14
[DEBUG] get_valid_student_ids_for_management_page: 来源1=0, 来源2=29, 来源3=0, 来源4=29, 来源5=6, union_ids=29, 最终有效学生数=29
[DEBUG] get_valid_student_ids_for_management_page: 来源1=0, 来源2=29, 来源3=0, 来源4=29, 来源5=6, union_ids=29, 最终有效学生数=29
[DEBUG] get_valid_student_ids_for_management_page: 来源1=0, 来源2=29, 来源3=0, 来源4=29, 来源5=6, union_ids=29, 最终有效学生数=29
API查询: month=2026-04, week=2
日期范围: 2026-04-13 到 2026-04-19
查询结果数量: 1
第一条记录日期: 2026-04-14
[DEBUG] get_valid_student_ids_for_management_page: 来源1=0, 来源2=29, 来源3=0, 来源4=29, 来源5=6, union_ids=29, 最终有效学生数=29
[DEBUG] get_valid_student_ids_for_management_page: 来源1=0, 来源2=29, 来源3=0, 来源4=29, 来源5=6, union_ids=29, 最终有效学生数=29
[DEBUG] get_valid_student_ids_for_management_page: 来源1=0, 来源2=29, 来源3=0, 来源4=29, 来源5=6, union_ids=29, 最终有效学生数=29
API查询: month=2026-04, week=3
日期范围: 2026-04-20 到 2026-04-26
查询结果数量: 0
[DEBUG] get_valid_student_ids_for_management_page: 来源1=0, 来源2=29, 来源3=0, 来源4=29, 来源5=6, union_ids=29, 最终有效学生数=29
[DEBUG] get_valid_student_ids_for_management_page: 来源1=0, 来源2=29, 来源3=0, 来源4=29, 来源5=6, union_ids=29, 最终有效学生数=29
[DEBUG] get_valid_student_ids_for_management_page: 来源1=0, 来源2=29, 来源3=0, 来源4=29, 来源5=6, union_ids=29, 最终有效学生数=29
API查询: month=2026-04, week=3
日期范围: 2026-04-20 到 2026-04-26
查询结果数量: 0
[DEBUG] get_valid_student_ids_for_management_page: 来源1=0, 来源2=29, 来源3=0, 来源4=29, 来源5=6, union_ids=29, 最终有效学生数=29
[DEBUG] get_valid_student_ids_for_management_page: 来源1=0, 来源2=29, 来源3=0, 来源4=29, 来源5=6, union_ids=29, 最终有效学生数=29
[DEBUG] get_valid_student_ids_for_management_page: 来源1=0, 来源2=29, 来源3=0, 来源4=29, 来源5=6, union_ids=29, 最终有效学生数=29
API查询: month=2026-04, week=2
日期范围: 2026-04-13 到 2026-04-19
查询结果数量: 1
第一条记录日期: 2026-04-14
[DEBUG] get_valid_student_ids_for_management_page: 来源1=0, 来源2=29, 来源3=0, 来源4=29, 来源5=6, union_ids=29, 最终有效学生数=29
[DEBUG] get_valid_student_ids_for_management_page: 来源1=0, 来源2=29, 来源3=0, 来源4=29, 来源5=6, union_ids=29, 最终有效学生数=29
[DEBUG] get_valid_student_ids_for_management_page: 来源1=0, 来源2=29, 来源3=0, 来源4=29, 来源5=6, union_ids=29, 最终有效学生数=29
API查询: month=2026-04, week=2
日期范围: 2026-04-13 到 2026-04-19
查询结果数量: 1
第一条记录日期: 2026-04-14
[DEBUG] get_valid_student_ids_for_management_page: 来源1=0, 来源2=29, 来源3=0, 来源4=29, 来源5=6, union_ids=29, 最终有效学生数=29
[DEBUG] get_valid_student_ids_for_management_page: 来源1=0, 来源2=29, 来源3=0, 来源4=29, 来源5=6, union_ids=29, 最终有效学生数=29
[DEBUG] get_valid_student_ids_for_management_page: 来源1=0, 来源2=29, 来源3=0, 来源4=29, 来源5=6, union_ids=29, 最终有效学生数=29
API查询: month=2026-04, week=1
日期范围: 2026-04-06 到 2026-04-12
查询结果数量: 2
第一条记录日期: 2026-04-11
[DEBUG] get_valid_student_ids_for_management_page: 来源1=0, 来源2=29, 来源3=0, 来源4=29, 来源5=6, union_ids=29, 最终有效学生数=29
[DEBUG] get_valid_student_ids_for_management_page: 来源1=0, 来源2=29, 来源3=0, 来源4=29, 来源5=6, union_ids=29, 最终有效学生数=29
[DEBUG] get_valid_student_ids_for_management_page: 来源1=0, 来源2=29, 来源3=0, 来源4=29, 来源5=6, union_ids=29, 最终有效学生数=29
API查询: month=2026-04, week=1
日期范围: 2026-04-06 到 2026-04-12
查询结果数量: 2
第一条记录日期: 2026-04-11
[DEBUG] get_valid_student_ids_for_management_page: 来源1=0, 来源2=29, 来源3=0, 来源4=29, 来源5=6, union_ids=29, 最终有效学生数=29
[DEBUG] get_valid_student_ids_for_management_page: 来源1=0, 来源2=29, 来源3=0, 来源4=29, 来源5=6, union_ids=29, 最终有效学生数=29
[DEBUG] get_valid_student_ids_for_management_page: 来源1=0, 来源2=29, 来源3=0, 来源4=29, 来源5=6, union_ids=29, 最终有效学生数=29
API查询: month=2026-04, week=1
日期范围: 2026-04-06 到 2026-04-12
查询结果数量: 2
第一条记录日期: 2026-04-11
[DEBUG] get_valid_student_ids_for_management_page: 来源1=0, 来源2=29, 来源3=0, 来源4=29, 来源5=6, union_ids=29, 最终有效学生数=29
[DEBUG] get_valid_student_ids_for_management_page: 来源1=0, 来源2=29, 来源3=0, 来源4=29, 来源5=6, union_ids=29, 最终有效学生数=29
[DEBUG] get_valid_student_ids_for_management_page: 来源1=0, 来源2=29, 来源3=0, 来源4=29, 来源5=6, union_ids=29, 最终有效学生数=29
API查询: month=2026-04, week=1
日期范围: 2026-04-06 到 2026-04-12
查询结果数量: 2
第一条记录日期: 2026-04-11
[DEBUG] get_valid_student_ids_for_management_page: 来源1=0, 来源2=29, 来源3=0, 来源4=29, 来源5=6, union_ids=29, 最终有效学生数=29
[DEBUG] get_valid_student_ids_for_management_page: 来源1=0, 来源2=29, 来源3=0, 来源4=29, 来源5=6, union_ids=29, 最终有效学生数=29
[DEBUG] get_valid_student_ids_for_management_page: 来源1=0, 来源2=29, 来源3=0, 来源4=29, 来源5=6, union_ids=29, 最终有效学生数=29
API查询: month=2026-03, week=4
日期范围: 2026-03-23 到 2026-03-29
查询结果数量: 2
第一条记录日期: 2026-03-28
[DEBUG] get_valid_student_ids_for_management_page: 来源1=0, 来源2=29, 来源3=0, 来源4=29, 来源5=6, union_ids=29, 最终有效学生数=29
[DEBUG] get_valid_student_ids_for_management_page: 来源1=0, 来源2=29, 来源3=0, 来源4=29, 来源5=6, union_ids=29, 最终有效学生数=29
[DEBUG] get_valid_student_ids_for_management_page: 来源1=0, 来源2=29, 来源3=0, 来源4=29, 来源5=6, union_ids=29, 最终有效学生数=29
API查询: month=2026-03, week=4
日期范围: 2026-03-23 到 2026-03-29
查询结果数量: 2
第一条记录日期: 2026-03-28
[DEBUG] get_valid_student_ids_for_management_page: 来源1=0, 来源2=29, 来源3=0, 来源4=29, 来源5=6, union_ids=29, 最终有效学生数=29
[DEBUG] get_valid_student_ids_for_management_page: 来源1=0, 来源2=29, 来源3=0, 来源4=29, 来源5=6, union_ids=29, 最终有效学生数=29
[DEBUG] get_valid_student_ids_for_management_page: 来源1=0, 来源2=29, 来源3=0, 来源4=29, 来源5=6, union_ids=29, 最终有效学生数=29
API查询: month=2026-03, week=3
日期范围: 2026-03-16 到 2026-03-22
查询结果数量: 1
第一条记录日期: 2026-03-18
[DEBUG] get_valid_student_ids_for_management_page: 来源1=0, 来源2=29, 来源3=0, 来源4=29, 来源5=6, union_ids=29, 最终有效学生数=29
[DEBUG] get_valid_student_ids_for_management_page: 来源1=0, 来源2=29, 来源3=0, 来源4=29, 来源5=6, union_ids=29, 最终有效学生数=29
[DEBUG] get_valid_student_ids_for_management_page: 来源1=0, 来源2=29, 来源3=0, 来源4=29, 来源5=6, union_ids=29, 最终有效学生数=29
API查询: month=2026-03, week=3
日期范围: 2026-03-16 到 2026-03-22
查询结果数量: 1
第一条记录日期: 2026-03-18
[DEBUG] get_valid_student_ids_for_management_page: 来源1=0, 来源2=29, 来源3=0, 来源4=29, 来源5=6, union_ids=29, 最终有效学生数=29
[DEBUG] get_valid_student_ids_for_management_page: 来源1=0, 来源2=29, 来源3=0, 来源4=29, 来源5=6, union_ids=29, 最终有效学生数=29
[DEBUG] get_valid_student_ids_for_management_page: 来源1=0, 来源2=29, 来源3=0, 来源4=29, 来源5=6, union_ids=29, 最终有效学生数=29
API查询: month=2026-03, week=4
日期范围: 2026-03-23 到 2026-03-29
查询结果数量: 2
第一条记录日期: 2026-03-28
[DEBUG] get_valid_student_ids_for_management_page: 来源1=0, 来源2=29, 来源3=0, 来源4=29, 来源5=6, union_ids=29, 最终有效学生数=29
[DEBUG] get_valid_student_ids_for_management_page: 来源1=0, 来源2=29, 来源3=0, 来源4=29, 来源5=6, union_ids=29, 最终有效学生数=29
[DEBUG] get_valid_student_ids_for_management_page: 来源1=0, 来源2=29, 来源3=0, 来源4=29, 来源5=6, union_ids=29, 最终有效学生数=29
[DEBUG] get_valid_student_ids_for_management_page: 来源1=0, 来源2=29, 来源3=0, 来源4=29, 来源5=6, union_ids=29, 最终有效学生数=29
[DEBUG] get_valid_student_ids_for_management_page: 来源1=0, 来源2=29, 来源3=0, 来源4=29, 来源5=6, union_ids=29, 最终有效学生数=29
API查询: month=2026-03, week=4
日期范围: 2026-03-23 到 2026-03-29
查询结果数量: 2
第一条记录日期: 2026-03-28
[DEBUG] get_valid_student_ids_for_management_page: 来源1=0, 来源2=29, 来源3=0, 来源4=29, 来源5=6, union_ids=29, 最终有效学生数=29
API查询: month=2026-04, week=1
日期范围: 2026-04-06 到 2026-04-12
查询结果数量: 2
第一条记录日期: 2026-04-11
[DEBUG] get_valid_student_ids_for_management_page: 来源1=0, 来源2=29, 来源3=0, 来源4=29, 来源5=6, union_ids=29, 最终有效学生数=29
[DEBUG] get_valid_student_ids_for_management_page: 来源1=0, 来源2=29, 来源3=0, 来源4=29, 来源5=6, union_ids=29, 最终有效学生数=29
[DEBUG] get_valid_student_ids_for_management_page: 来源1=0, 来源2=29, 来源3=0, 来源4=29, 来源5=6, union_ids=29, 最终有效学生数=29
API查询: month=2026-04, week=1
日期范围: 2026-04-06 到 2026-04-12
查询结果数量: 2
第一条记录日期: 2026-04-11
[DEBUG] get_valid_student_ids_for_management_page: 来源1=0, 来源2=29, 来源3=0, 来源4=29, 来源5=6, union_ids=29, 最终有效学生数=29
[DEBUG] get_valid_student_ids_for_management_page: 来源1=0, 来源2=29, 来源3=0, 来源4=29, 来源5=6, union_ids=29, 最终有效学生数=29
[DEBUG] get_valid_student_ids_for_management_page: 来源1=0, 来源2=29, 来源3=0, 来源4=29, 来源5=6, union_ids=29, 最终有效学生数=29
API查询: month=2026-04, week=1
日期范围: 2026-04-06 到 2026-04-12
查询结果数量: 2
第一条记录日期: 2026-04-11
[DEBUG] get_valid_student_ids_for_management_page: 来源1=0, 来源2=29, 来源3=0, 来源4=29, 来源5=6, union_ids=29, 最终有效学生数=29
[DEBUG] get_valid_student_ids_for_management_page: 来源1=0, 来源2=29, 来源3=0, 来源4=29, 来源5=6, union_ids=29, 最终有效学生数=29
[DEBUG] get_valid_student_ids_for_management_page: 来源1=0, 来源2=29, 来源3=0, 来源4=29, 来源5=6, union_ids=29, 最终有效学生数=29
API查询: month=2026-04, week=1
日期范围: 2026-04-06 到 2026-04-12
查询结果数量: 2
第一条记录日期: 2026-04-11
[DEBUG] get_valid_student_ids_for_management_page: 来源1=0, 来源2=29, 来源3=0, 来源4=29, 来源5=6, union_ids=29, 最终有效学生数=29
[DEBUG] get_valid_student_ids_for_management_page: 来源1=0, 来源2=29, 来源3=0, 来源4=29, 来源5=6, union_ids=29, 最终有效学生数=29
[DEBUG] get_valid_student_ids_for_management_page: 来源1=0, 来源2=29, 来源3=0, 来源4=29, 来源5=6, union_ids=29, 最终有效学生数=29
API查询: month=2026-04, week=2
日期范围: 2026-04-13 到 2026-04-19
查询结果数量: 1
第一条记录日期: 2026-04-14
[DEBUG] get_valid_student_ids_for_management_page: 来源1=0, 来源2=29, 来源3=0, 来源4=29, 来源5=6, union_ids=29, 最终有效学生数=29
[DEBUG] get_valid_student_ids_for_management_page: 来源1=0, 来源2=29, 来源3=0, 来源4=29, 来源5=6, union_ids=29, 最终有效学生数=29
[DEBUG] get_valid_student_ids_for_management_page: 来源1=0, 来源2=29, 来源3=0, 来源4=29, 来源5=6, union_ids=29, 最终有效学生数=29
API查询: month=2026-04, week=2
日期范围: 2026-04-13 到 2026-04-19
查询结果数量: 1
第一条记录日期: 2026-04-14
[DEBUG] get_valid_student_ids_for_management_page: 来源1=0, 来源2=29, 来源3=0, 来源4=29, 来源5=6, union_ids=29, 最终有效学生数=29
[DEBUG] get_valid_student_ids_for_management_page: 来源1=0, 来源2=29, 来源3=0, 来源4=29, 来源5=6, union_ids=29, 最终有效学生数=29
[DEBUG] get_valid_student_ids_for_management_page: 来源1=0, 来源2=29, 来源3=0, 来源4=29, 来源5=6, union_ids=29, 最终有效学生数=29
API查询: month=2026-04, week=1
日期范围: 2026-04-06 到 2026-04-12
查询结果数量: 2
第一条记录日期: 2026-04-11
[DEBUG] get_valid_student_ids_for_management_page: 来源1=0, 来源2=29, 来源3=0, 来源4=29, 来源5=6, union_ids=29, 最终有效学生数=29
[DEBUG] get_valid_student_ids_for_management_page: 来源1=0, 来源2=29, 来源3=0, 来源4=29, 来源5=6, union_ids=29, 最终有效学生数=29
[DEBUG] get_valid_student_ids_for_management_page: 来源1=0, 来源2=29, 来源3=0, 来源4=29, 来源5=6, union_ids=29, 最终有效学生数=29
API查询: month=2026-04, week=1
日期范围: 2026-04-06 到 2026-04-12
查询结果数量: 2
第一条记录日期: 2026-04-11
[DEBUG] get_valid_student_ids_for_management_page: 来源1=0, 来源2=29, 来源3=0, 来源4=29, 来源5=6, union_ids=29, 最终有效学生数=29
[DEBUG] get_valid_student_ids_for_management_page: 来源1=0, 来源2=29, 来源3=0, 来源4=29, 来源5=6, union_ids=29, 最终有效学生数=29
[DEBUG] get_valid_student_ids_for_management_page: 来源1=0, 来源2=29, 来源3=0, 来源4=29, 来源5=6, union_ids=29, 最终有效学生数=29
API查询: month=2026-04, week=2
日期范围: 2026-04-13 到 2026-04-19
查询结果数量: 1
第一条记录日期: 2026-04-14
[DEBUG] get_valid_student_ids_for_management_page: 来源1=0, 来源2=29, 来源3=0, 来源4=29, 来源5=6, union_ids=29, 最终有效学生数=29
[DEBUG] get_valid_student_ids_for_management_page: 来源1=0, 来源2=29, 来源3=0, 来源4=29, 来源5=6, union_ids=29, 最终有效学生数=29
[DEBUG] get_valid_student_ids_for_management_page: 来源1=0, 来源2=29, 来源3=0, 来源4=29, 来源5=6, union_ids=29, 最终有效学生数=29
API查询: month=2026-04, week=2
日期范围: 2026-04-13 到 2026-04-19
查询结果数量: 1
第一条记录日期: 2026-04-14
[DEBUG] get_valid_student_ids_for_management_page: 来源1=0, 来源2=29, 来源3=0, 来源4=29, 来源5=6, union_ids=29, 最终有效学生数=29
[DEBUG] get_valid_student_ids_for_management_page: 来源1=0, 来源2=29, 来源3=0, 来源4=29, 来源5=6, union_ids=29, 最终有效学生数=29
[DEBUG] get_valid_student_ids_for_management_page: 来源1=0, 来源2=29, 来源3=0, 来源4=29, 来源5=6, union_ids=29, 最终有效学生数=29
API查询: month=2026-04, week=3
日期范围: 2026-04-20 到 2026-04-26
查询结果数量: 0
[DEBUG] get_valid_student_ids_for_management_page: 来源1=0, 来源2=29, 来源3=0, 来源4=29, 来源5=6, union_ids=29, 最终有效学生数=29
[DEBUG] get_valid_student_ids_for_management_page: 来源1=0, 来源2=29, 来源3=0, 来源4=29, 来源5=6, union_ids=29, 最终有效学生数=29
[DEBUG] get_valid_student_ids_for_management_page: 来源1=0, 来源2=29, 来源3=0, 来源4=29, 来源5=6, union_ids=29, 最终有效学生数=29
API查询: month=2026-04, week=3
日期范围: 2026-04-20 到 2026-04-26
查询结果数量: 0
Stats request: month=2026-03, student_id=None, course_id=None
[DEBUG] get_valid_student_ids_for_management_page: 来源1=0, 来源2=29, 来源3=0, 来源4=29, 来源5=6, union_ids=29, 最终有效学生数=29
Stats request: month=2026-03, student_id=None, course_id=None
[DEBUG] get_valid_student_ids_for_management_page: 来源1=0, 来源2=29, 来源3=0, 来源4=29, 来源5=6, union_ids=29, 最终有效学生数=29
Stats request: month=2026-03, student_id=None, course_id=None
[DEBUG] get_valid_student_ids_for_management_page: 来源1=0, 来源2=29, 来源3=0, 来源4=29, 来源5=6, union_ids=29, 最终有效学生数=29
Stats request: month=2026-03, student_id=None, course_id=None
[DEBUG] get_valid_student_ids_for_management_page: 来源1=0, 来源2=29, 来源3=0, 来源4=29, 来源5=6, union_ids=29, 最终有效学生数=29
Stats request: month=2026-03, student_id=None, course_id=None
[DEBUG] get_valid_student_ids_for_management_page: 来源1=0, 来源2=29, 来源3=0, 来源4=29, 来源5=6, union_ids=29, 最终有效学生数=29
Stats request: month=2026-03, student_id=None, course_id=None
[DEBUG] get_valid_student_ids_for_management_page: 来源1=0, 来源2=29, 来源3=0, 来源4=29, 来源5=6, union_ids=29, 最终有效学生数=29
Stats request: month=2026-03, student_id=None, course_id=None
[DEBUG] get_valid_student_ids_for_management_page: 来源1=0, 来源2=29, 来源3=0, 来源4=29, 来源5=6, union_ids=29, 最终有效学生数=29
Stats request: month=2026-03, student_id=None, course_id=None
[DEBUG] get_valid_student_ids_for_management_page: 来源1=0, 来源2=29, 来源3=0, 来源4=29, 来源5=6, union_ids=29, 最终有效学生数=29
Stats request: month=2026-03, student_id=None, course_id=None
[DEBUG] get_valid_student_ids_for_management_page: 来源1=0, 来源2=29, 来源3=0, 来源4=29, 来源5=6, union_ids=29, 最终有效学生数=29
[DEBUG] get_valid_student_ids_for_management_page: 来源1=0, 来源2=29, 来源3=0, 来源4=29, 来源5=6, union_ids=29, 最终有效学生数=29
[DEBUG] get_valid_student_ids_for_management_page: 来源1=0, 来源2=29, 来源3=0, 来源4=29, 来源5=6, union_ids=29, 最终有效学生数=29
[DEBUG] get_valid_student_ids_for_management_page: 来源1=0, 来源2=29, 来源3=0, 来源4=29, 来源5=6, union_ids=29, 最终有效学生数=29
[DEBUG] get_valid_student_ids_for_management_page: 来源1=0, 来源2=29, 来源3=0, 来源4=29, 来源5=6, union_ids=29, 最终有效学生数=29
[DEBUG] get_valid_student_ids_for_management_page: 来源1=0, 来源2=29, 来源3=0, 来源4=29, 来源5=6, union_ids=29, 最终有效学生数=29
[DEBUG] get_valid_student_ids_for_management_page: 来源1=0, 来源2=29, 来源3=0, 来源4=29, 来源5=6, union_ids=29, 最终有效学生数=29
[DEBUG] get_valid_student_ids_for_management_page: 来源1=0, 来源2=29, 来源3=0, 来源4=29, 来源5=6, union_ids=29, 最终有效学生数=29
[DEBUG] get_valid_student_ids_for_management_page: 来源1=0, 来源2=29, 来源3=0, 来源4=29, 来源5=6, union_ids=29, 最终有效学生数=29
[DEBUG] get_valid_student_ids_for_management_page: 来源1=0, 来源2=29, 来源3=0, 来源4=29, 来源5=6, union_ids=29, 最终有效学生数=29
[DEBUG] get_valid_student_ids_for_management_page: 来源1=0, 来源2=29, 来源3=0, 来源4=29, 来源5=6, union_ids=29, 最终有效学生数=29
[DEBUG] get_valid_student_ids_for_management_page: 来源1=0, 来源2=29, 来源3=0, 来源4=29, 来源5=6, union_ids=29, 最终有效学生数=29
[DEBUG] get_valid_student_ids_for_management_page: 来源1=0, 来源2=29, 来源3=0, 来源4=29, 来源5=6, union_ids=29, 最终有效学生数=29
API查询: month=2026-03, week=3
日期范围: 2026-03-16 到 2026-03-22
查询结果数量: 0
[DEBUG] get_valid_student_ids_for_management_page: 来源1=0, 来源2=29, 来源3=0, 来源4=29, 来源5=6, union_ids=29, 最终有效学生数=29
[DEBUG] get_valid_student_ids_for_management_page: 来源1=0, 来源2=29, 来源3=0, 来源4=29, 来源5=6, union_ids=29, 最终有效学生数=29
API查询: month=2026-03, week=3
日期范围: 2026-03-16 到 2026-03-22
查询结果数量: 0
[DEBUG] get_valid_student_ids_for_management_page: 来源1=0, 来源2=29, 来源3=0, 来源4=29, 来源5=6, union_ids=29, 最终有效学生数=29
API查询: month=2026-03, week=3
日期范围: 2026-03-16 到 2026-03-22
查询结果数量: 0
[DEBUG] get_valid_student_ids_for_management_page: 来源1=0, 来源2=29, 来源3=0, 来源4=29, 来源5=6, union_ids=29, 最终有效学生数=29
API查询: month=2026-03, week=3
日期范围: 2026-03-16 到 2026-03-22
查询结果数量: 1
第一条记录日期: 2026-03-18
[DEBUG] get_valid_student_ids_for_management_page: 来源1=0, 来源2=29, 来源3=0, 来源4=29, 来源5=6, union_ids=29, 最终有效学生数=29
API查询: month=2026-03, week=3
日期范围: 2026-03-16 到 2026-03-22
查询结果数量: 0
[DEBUG] get_valid_student_ids_for_management_page: 来源1=0, 来源2=29, 来源3=0, 来源4=29, 来源5=6, union_ids=29, 最终有效学生数=29
API查询: month=2026-03, week=3
日期范围: 2026-03-16 到 2026-03-22
查询结果数量: 0
[DEBUG] get_valid_student_ids_for_management_page: 来源1=0, 来源2=29, 来源3=0, 来源4=29, 来源5=6, union_ids=29, 最终有效学生数=29
[DEBUG] get_valid_student_ids_for_management_page: 来源1=0, 来源2=29, 来源3=0, 来源4=29, 来源5=6, union_ids=29, 最终有效学生数=29
[DEBUG] get_valid_student_ids_for_management_page: 来源1=0, 来源2=29, 来源3=0, 来源4=29, 来源5=6, union_ids=29, 最终有效学生数=29
API查询: month=2026-03, week=3
日期范围: 2026-03-16 到 2026-03-22
查询结果数量: 1
第一条记录日期: 2026-03-18
[DEBUG] get_valid_student_ids_for_management_page: 来源1=0, 来源2=29, 来源3=0, 来源4=29, 来源5=6, union_ids=29, 最终有效学生数=29
[DEBUG] get_valid_student_ids_for_management_page: 来源1=0, 来源2=29, 来源3=0, 来源4=29, 来源5=6, union_ids=29, 最终有效学生数=29
[DEBUG] get_valid_student_ids_for_management_page: 来源1=0, 来源2=29, 来源3=0, 来源4=29, 来源5=6, union_ids=29, 最终有效学生数=29
API查询: month=2026-03, week=3
日期范围: 2026-03-16 到 2026-03-22
查询结果数量: 1
第一条记录日期: 2026-03-18
[DEBUG] get_valid_student_ids_for_management_page: 来源1=0, 来源2=29, 来源3=0, 来源4=29, 来源5=6, union_ids=29, 最终有效学生数=29
[DEBUG] get_valid_student_ids_for_management_page: 来源1=0, 来源2=29, 来源3=0, 来源4=29, 来源5=6, union_ids=29, 最终有效学生数=29
[DEBUG] get_valid_student_ids_for_management_page: 来源1=0, 来源2=29, 来源3=0, 来源4=29, 来源5=6, union_ids=29, 最终有效学生数=29
API查询: month=2026-03, week=3
日期范围: 2026-03-16 到 2026-03-22
查询结果数量: 1
第一条记录日期: 2026-03-18
[DEBUG] get_valid_student_ids_for_management_page: 来源1=0, 来源2=29, 来源3=0, 来源4=29, 来源5=6, union_ids=29, 最终有效学生数=29
[DEBUG] get_valid_student_ids_for_management_page: 来源1=0, 来源2=29, 来源3=0, 来源4=29, 来源5=6, union_ids=29, 最终有效学生数=29
[DEBUG] get_valid_student_ids_for_management_page: 来源1=0, 来源2=29, 来源3=0, 来源4=29, 来源5=6, union_ids=29, 最终有效学生数=29
API查询: month=2026-03, week=3
日期范围: 2026-03-16 到 2026-03-22
查询结果数量: 1
第一条记录日期: 2026-03-18
[DEBUG] get_valid_student_ids_for_management_page: 来源1=0, 来源2=29, 来源3=0, 来源4=29, 来源5=6, union_ids=29, 最终有效学生数=29
[DEBUG] get_valid_student_ids_for_management_page: 来源1=0, 来源2=29, 来源3=0, 来源4=29, 来源5=6, union_ids=29, 最终有效学生数=29
[DEBUG] get_valid_student_ids_for_management_page: 来源1=0, 来源2=29, 来源3=0, 来源4=29, 来源5=6, union_ids=29, 最终有效学生数=29
API查询: month=2026-03, week=3
日期范围: 2026-03-16 到 2026-03-22
查询结果数量: 1
第一条记录日期: 2026-03-18
[DEBUG] get_valid_student_ids_for_management_page: 来源1=0, 来源2=29, 来源3=0, 来源4=29, 来源5=6, union_ids=29, 最终有效学生数=29
[DEBUG] get_valid_student_ids_for_management_page: 来源1=0, 来源2=29, 来源3=0, 来源4=29, 来源5=6, union_ids=29, 最终有效学生数=29
[DEBUG] get_valid_student_ids_for_management_page: 来源1=0, 来源2=29, 来源3=0, 来源4=29, 来源5=6, union_ids=29, 最终有效学生数=29
API查询: month=2026-03, week=3
日期范围: 2026-03-16 到 2026-03-22
查询结果数量: 1
第一条记录日期: 2026-03-18
[DEBUG] get_valid_student_ids_for_management_page: 来源1=0, 来源2=29, 来源3=0, 来源4=29, 来源5=6, union_ids=29, 最终有效学生数=29
[DEBUG] get_valid_student_ids_for_management_page: 来源1=0, 来源2=29, 来源3=0, 来源4=29, 来源5=6, union_ids=29, 最终有效学生数=29
[DEBUG] get_valid_student_ids_for_management_page: 来源1=0, 来源2=29, 来源3=0, 来源4=29, 来源5=6, union_ids=29, 最终有效学生数=29
[DEBUG] get_valid_student_ids_for_management_page: 来源1=0, 来源2=29, 来源3=0, 来源4=29, 来源5=6, union_ids=29, 最终有效学生数=29
[DEBUG] get_valid_student_ids_for_management_page: 来源1=0, 来源2=29, 来源3=0, 来源4=29, 来源5=6, union_ids=29, 最终有效学生数=29
[DEBUG] get_valid_student_ids_for_management_page: 来源1=0, 来源2=29, 来源3=0, 来源4=29, 来源5=6, union_ids=29, 最终有效学生数=29
[DEBUG] get_valid_student_ids_for_management_page: 来源1=0, 来源2=29, 来源3=0, 来源4=29, 来源5=6, union_ids=29, 最终有效学生数=29
[DEBUG] get_valid_student_ids_for_management_page: 来源1=0, 来源2=29, 来源3=0, 来源4=29, 来源5=6, union_ids=29, 最终有效学生数=29
[DEBUG] get_valid_student_ids_for_management_page: 来源1=0, 来源2=29, 来源3=0, 来源4=29, 来源5=6, union_ids=29, 最终有效学生数=29
[DEBUG] get_valid_student_ids_for_management_page: 来源1=0, 来源2=29, 来源3=0, 来源4=29, 来源5=6, union_ids=29, 最终有效学生数=29
[DEBUG] get_valid_student_ids_for_management_page: 来源1=0, 来源2=29, 来源3=0, 来源4=29, 来源5=6, union_ids=29, 最终有效学生数=29
[DEBUG] get_valid_student_ids_for_management_page: 来源1=0, 来源2=29, 来源3=0, 来源4=29, 来源5=6, union_ids=29, 最终有效学生数=29
API查询: month=2026-03, week=4
日期范围: 2026-03-23 到 2026-03-29
查询结果数量: 1
第一条记录日期: 2026-03-24
[DEBUG] get_valid_student_ids_for_management_page: 来源1=0, 来源2=29, 来源3=0, 来源4=29, 来源5=6, union_ids=29, 最终有效学生数=29
[DEBUG] get_valid_student_ids_for_management_page: 来源1=0, 来源2=29, 来源3=0, 来源4=29, 来源5=6, union_ids=29, 最终有效学生数=29
API查询: month=2026-03, week=4
日期范围: 2026-03-23 到 2026-03-29
查询结果数量: 0
[DEBUG] get_valid_student_ids_for_management_page: 来源1=0, 来源2=29, 来源3=0, 来源4=29, 来源5=6, union_ids=29, 最终有效学生数=29
API查询: month=2026-03, week=4
日期范围: 2026-03-23 到 2026-03-29
查询结果数量: 0
[DEBUG] get_valid_student_ids_for_management_page: 来源1=0, 来源2=29, 来源3=0, 来源4=29, 来源5=6, union_ids=29, 最终有效学生数=29
API查询: month=2026-03, week=4
日期范围: 2026-03-23 到 2026-03-29
查询结果数量: 0
[DEBUG] get_valid_student_ids_for_management_page: 来源1=0, 来源2=29, 来源3=0, 来源4=29, 来源5=6, union_ids=29, 最终有效学生数=29
API查询: month=2026-03, week=4
日期范围: 2026-03-23 到 2026-03-29
查询结果数量: 1
第一条记录日期: 2026-03-28
[DEBUG] get_valid_student_ids_for_management_page: 来源1=0, 来源2=29, 来源3=0, 来源4=29, 来源5=6, union_ids=29, 最终有效学生数=29
API查询: month=2026-03, week=4
日期范围: 2026-03-23 到 2026-03-29
查询结果数量: 0
[DEBUG] get_valid_student_ids_for_management_page: 来源1=0, 来源2=29, 来源3=0, 来源4=29, 来源5=6, union_ids=29, 最终有效学生数=29
[DEBUG] get_valid_student_ids_for_management_page: 来源1=0, 来源2=29, 来源3=0, 来源4=29, 来源5=6, union_ids=29, 最终有效学生数=29
[DEBUG] get_valid_student_ids_for_management_page: 来源1=0, 来源2=29, 来源3=0, 来源4=29, 来源5=6, union_ids=29, 最终有效学生数=29
API查询: month=2026-03, week=4
日期范围: 2026-03-23 到 2026-03-29
查询结果数量: 2
第一条记录日期: 2026-03-28
[DEBUG] get_valid_student_ids_for_management_page: 来源1=0, 来源2=29, 来源3=0, 来源4=29, 来源5=6, union_ids=29, 最终有效学生数=29
[DEBUG] get_valid_student_ids_for_management_page: 来源1=0, 来源2=29, 来源3=0, 来源4=29, 来源5=6, union_ids=29, 最终有效学生数=29
[DEBUG] get_valid_student_ids_for_management_page: 来源1=0, 来源2=29, 来源3=0, 来源4=29, 来源5=6, union_ids=29, 最终有效学生数=29
API查询: month=2026-03, week=4
日期范围: 2026-03-23 到 2026-03-29
查询结果数量: 2
第一条记录日期: 2026-03-28
[DEBUG] get_valid_student_ids_for_management_page: 来源1=0, 来源2=29, 来源3=0, 来源4=29, 来源5=6, union_ids=29, 最终有效学生数=29
[DEBUG] get_valid_student_ids_for_management_page: 来源1=0, 来源2=29, 来源3=0, 来源4=29, 来源5=6, union_ids=29, 最终有效学生数=29
[DEBUG] get_valid_student_ids_for_management_page: 来源1=0, 来源2=29, 来源3=0, 来源4=29, 来源5=6, union_ids=29, 最终有效学生数=29
API查询: month=2026-03, week=4
日期范围: 2026-03-23 到 2026-03-29
查询结果数量: 2
第一条记录日期: 2026-03-28
[DEBUG] get_valid_student_ids_for_management_page: 来源1=0, 来源2=29, 来源3=0, 来源4=29, 来源5=6, union_ids=29, 最终有效学生数=29
[DEBUG] get_valid_student_ids_for_management_page: 来源1=0, 来源2=29, 来源3=0, 来源4=29, 来源5=6, union_ids=29, 最终有效学生数=29
[DEBUG] get_valid_student_ids_for_management_page: 来源1=0, 来源2=29, 来源3=0, 来源4=29, 来源5=6, union_ids=29, 最终有效学生数=29
[DEBUG] get_valid_student_ids_for_management_page: 来源1=0, 来源2=29, 来源3=0, 来源4=29, 来源5=6, union_ids=29, 最终有效学生数=29
[DEBUG] get_valid_student_ids_for_management_page: 来源1=0, 来源2=29, 来源3=0, 来源4=29, 来源5=6, union_ids=29, 最终有效学生数=29
[DEBUG] get_valid_student_ids_for_management_page: 来源1=0, 来源2=29, 来源3=0, 来源4=29, 来源5=6, union_ids=29, 最终有效学生数=29
[DEBUG] get_valid_student_ids_for_management_page: 来源1=0, 来源2=29, 来源3=0, 来源4=29, 来源5=6, union_ids=29, 最终有效学生数=29
[DEBUG] get_valid_student_ids_for_management_page: 来源1=0, 来源2=29, 来源3=0, 来源4=29, 来源5=6, union_ids=29, 最终有效学生数=29
[DEBUG] get_valid_student_ids_for_management_page: 来源1=0, 来源2=29, 来源3=0, 来源4=29, 来源5=6, union_ids=29, 最终有效学生数=29
[DEBUG] get_valid_student_ids_for_management_page: 来源1=0, 来源2=29, 来源3=0, 来源4=29, 来源5=6, union_ids=29, 最终有效学生数=29
[DEBUG] get_valid_student_ids_for_management_page: 来源1=0, 来源2=29, 来源3=0, 来源4=29, 来源5=6, union_ids=29, 最终有效学生数=29
[DEBUG] get_valid_student_ids_for_management_page: 来源1=0, 来源2=29, 来源3=0, 来源4=29, 来源5=6, union_ids=29, 最终有效学生数=29
API查询: month=2026-04, week=1
日期范围: 2026-04-06 到 2026-04-12
查询结果数量: 1
第一条记录日期: 2026-04-07
[DEBUG] get_valid_student_ids_for_management_page: 来源1=0, 来源2=29, 来源3=0, 来源4=29, 来源5=6, union_ids=29, 最终有效学生数=29
API查询: month=2026-04, week=1
日期范围: 2026-04-06 到 2026-04-12
查询结果数量: 0
[DEBUG] get_valid_student_ids_for_management_page: 来源1=0, 来源2=29, 来源3=0, 来源4=29, 来源5=6, union_ids=29, 最终有效学生数=29
API查询: month=2026-04, week=1
日期范围: 2026-04-06 到 2026-04-12
查询结果数量: 1
第一条记录日期: 2026-04-11
[DEBUG] get_valid_student_ids_for_management_page: 来源1=0, 来源2=29, 来源3=0, 来源4=29, 来源5=6, union_ids=29, 最终有效学生数=29
API查询: month=2026-04, week=1
日期范围: 2026-04-06 到 2026-04-12
查询结果数量: 0
[DEBUG] get_valid_student_ids_for_management_page: 来源1=0, 来源2=29, 来源3=0, 来源4=29, 来源5=6, union_ids=29, 最终有效学生数=29
API查询: month=2026-04, week=1
日期范围: 2026-04-06 到 2026-04-12
查询结果数量: 0
[DEBUG] get_valid_student_ids_for_management_page: 来源1=0, 来源2=29, 来源3=0, 来源4=29, 来源5=6, union_ids=29, 最终有效学生数=29
[DEBUG] get_valid_student_ids_for_management_page: 来源1=0, 来源2=29, 来源3=0, 来源4=29, 来源5=6, union_ids=29, 最终有效学生数=29
[DEBUG] get_valid_student_ids_for_management_page: 来源1=0, 来源2=29, 来源3=0, 来源4=29, 来源5=6, union_ids=29, 最终有效学生数=29
API查询: month=2026-04, week=1
日期范围: 2026-04-06 到 2026-04-12
查询结果数量: 0
[DEBUG] get_valid_student_ids_for_management_page: 来源1=0, 来源2=29, 来源3=0, 来源4=29, 来源5=6, union_ids=29, 最终有效学生数=29
[DEBUG] get_valid_student_ids_for_management_page: 来源1=0, 来源2=29, 来源3=0, 来源4=29, 来源5=6, union_ids=29, 最终有效学生数=29
API查询: month=2026-04, week=1
日期范围: 2026-04-06 到 2026-04-12
查询结果数量: 2
第一条记录日期: 2026-04-11
[DEBUG] get_valid_student_ids_for_management_page: 来源1=0, 来源2=29, 来源3=0, 来源4=29, 来源5=6, union_ids=29, 最终有效学生数=29
[DEBUG] get_valid_student_ids_for_management_page: 来源1=0, 来源2=29, 来源3=0, 来源4=29, 来源5=6, union_ids=29, 最终有效学生数=29
[DEBUG] get_valid_student_ids_for_management_page: 来源1=0, 来源2=29, 来源3=0, 来源4=29, 来源5=6, union_ids=29, 最终有效学生数=29
API查询: month=2026-04, week=1
日期范围: 2026-04-06 到 2026-04-12
查询结果数量: 2
第一条记录日期: 2026-04-11
[DEBUG] get_valid_student_ids_for_management_page: 来源1=0, 来源2=29, 来源3=0, 来源4=29, 来源5=6, union_ids=29, 最终有效学生数=29
[DEBUG] get_valid_student_ids_for_management_page: 来源1=0, 来源2=29, 来源3=0, 来源4=29, 来源5=6, union_ids=29, 最终有效学生数=29
[DEBUG] get_valid_student_ids_for_management_page: 来源1=0, 来源2=29, 来源3=0, 来源4=29, 来源5=6, union_ids=29, 最终有效学生数=29
API查询: month=2026-04, week=1
日期范围: 2026-04-06 到 2026-04-12
查询结果数量: 2
第一条记录日期: 2026-04-11
[DEBUG] get_valid_student_ids_for_management_page: 来源1=0, 来源2=29, 来源3=0, 来源4=29, 来源5=6, union_ids=29, 最终有效学生数=29
[DEBUG] get_valid_student_ids_for_management_page: 来源1=0, 来源2=29, 来源3=0, 来源4=29, 来源5=6, union_ids=29, 最终有效学生数=29
[DEBUG] get_valid_student_ids_for_management_page: 来源1=0, 来源2=29, 来源3=0, 来源4=29, 来源5=6, union_ids=29, 最终有效学生数=29
API查询: month=2026-04, week=1
日期范围: 2026-04-06 到 2026-04-12
查询结果数量: 2
第一条记录日期: 2026-04-11
[DEBUG] get_valid_student_ids_for_management_page: 来源1=0, 来源2=29, 来源3=0, 来源4=29, 来源5=6, union_ids=29, 最终有效学生数=29
[DEBUG] get_valid_student_ids_for_management_page: 来源1=0, 来源2=29, 来源3=0, 来源4=29, 来源5=6, union_ids=29, 最终有效学生数=29
[DEBUG] get_valid_student_ids_for_management_page: 来源1=0, 来源2=29, 来源3=0, 来源4=29, 来源5=6, union_ids=29, 最终有效学生数=29
API查询: month=2026-04, week=1
日期范围: 2026-04-06 到 2026-04-12
查询结果数量: 2
第一条记录日期: 2026-04-11
[DEBUG] get_valid_student_ids_for_management_page: 来源1=0, 来源2=29, 来源3=0, 来源4=29, 来源5=6, union_ids=29, 最终有效学生数=29
[DEBUG] get_valid_student_ids_for_management_page: 来源1=0, 来源2=29, 来源3=0, 来源4=29, 来源5=6, union_ids=29, 最终有效学生数=29
[DEBUG] get_valid_student_ids_for_management_page: 来源1=0, 来源2=29, 来源3=0, 来源4=29, 来源5=6, union_ids=29, 最终有效学生数=29
[DEBUG] get_valid_student_ids_for_management_page: 来源1=0, 来源2=29, 来源3=0, 来源4=29, 来源5=6, union_ids=29, 最终有效学生数=29
[DEBUG] get_valid_student_ids_for_management_page: 来源1=0, 来源2=29, 来源3=0, 来源4=29, 来源5=6, union_ids=29, 最终有效学生数=29
[DEBUG] get_valid_student_ids_for_management_page: 来源1=0, 来源2=29, 来源3=0, 来源4=29, 来源5=6, union_ids=29, 最终有效学生数=29
[DEBUG] get_valid_student_ids_for_management_page: 来源1=0, 来源2=29, 来源3=0, 来源4=29, 来源5=6, union_ids=29, 最终有效学生数=29
[DEBUG] get_valid_student_ids_for_management_page: 来源1=0, 来源2=29, 来源3=0, 来源4=29, 来源5=6, union_ids=29, 最终有效学生数=29
[DEBUG] get_valid_student_ids_for_management_page: 来源1=0, 来源2=29, 来源3=0, 来源4=29, 来源5=6, union_ids=29, 最终有效学生数=29
[DEBUG] get_valid_student_ids_for_management_page: 来源1=0, 来源2=29, 来源3=0, 来源4=29, 来源5=6, union_ids=29, 最终有效学生数=29
[DEBUG] get_valid_student_ids_for_management_page: 来源1=0, 来源2=29, 来源3=0, 来源4=29, 来源5=6, union_ids=29, 最终有效学生数=29
[DEBUG] get_valid_student_ids_for_management_page: 来源1=0, 来源2=29, 来源3=0, 来源4=29, 来源5=6, union_ids=29, 最终有效学生数=29
API查询: month=2026-04, week=2
日期范围: 2026-04-13 到 2026-04-19
查询结果数量: 1
第一条记录日期: 2026-04-14
[DEBUG] get_valid_student_ids_for_management_page: 来源1=0, 来源2=29, 来源3=0, 来源4=29, 来源5=6, union_ids=29, 最终有效学生数=29
[DEBUG] get_valid_student_ids_for_management_page: 来源1=0, 来源2=29, 来源3=0, 来源4=29, 来源5=6, union_ids=29, 最终有效学生数=29
API查询: month=2026-04, week=2
日期范围: 2026-04-13 到 2026-04-19
查询结果数量: 0
[DEBUG] get_valid_student_ids_for_management_page: 来源1=0, 来源2=29, 来源3=0, 来源4=29, 来源5=6, union_ids=29, 最终有效学生数=29
API查询: month=2026-04, week=2
日期范围: 2026-04-13 到 2026-04-19
查询结果数量: 0
[DEBUG] get_valid_student_ids_for_management_page: 来源1=0, 来源2=29, 来源3=0, 来源4=29, 来源5=6, union_ids=29, 最终有效学生数=29
API查询: month=2026-04, week=2
日期范围: 2026-04-13 到 2026-04-19
查询结果数量: 0
[DEBUG] get_valid_student_ids_for_management_page: 来源1=0, 来源2=29, 来源3=0, 来源4=29, 来源5=6, union_ids=29, 最终有效学生数=29
API查询: month=2026-04, week=2
日期范围: 2026-04-13 到 2026-04-19
查询结果数量: 0
[DEBUG] get_valid_student_ids_for_management_page: 来源1=0, 来源2=29, 来源3=0, 来源4=29, 来源5=6, union_ids=29, 最终有效学生数=29
API查询: month=2026-04, week=2
日期范围: 2026-04-13 到 2026-04-19
查询结果数量: 0
[DEBUG] get_valid_student_ids_for_management_page: 来源1=0, 来源2=29, 来源3=0, 来源4=29, 来源5=6, union_ids=29, 最终有效学生数=29
[DEBUG] get_valid_student_ids_for_management_page: 来源1=0, 来源2=29, 来源3=0, 来源4=29, 来源5=6, union_ids=29, 最终有效学生数=29
[DEBUG] get_valid_student_ids_for_management_page: 来源1=0, 来源2=29, 来源3=0, 来源4=29, 来源5=6, union_ids=29, 最终有效学生数=29
API查询: month=2026-04, week=2
日期范围: 2026-04-13 到 2026-04-19
查询结果数量: 1
第一条记录日期: 2026-04-14
[DEBUG] get_valid_student_ids_for_management_page: 来源1=0, 来源2=29, 来源3=0, 来源4=29, 来源5=6, union_ids=29, 最终有效学生数=29
[DEBUG] get_valid_student_ids_for_management_page: 来源1=0, 来源2=29, 来源3=0, 来源4=29, 来源5=6, union_ids=29, 最终有效学生数=29
[DEBUG] get_valid_student_ids_for_management_page: 来源1=0, 来源2=29, 来源3=0, 来源4=29, 来源5=6, union_ids=29, 最终有效学生数=29
API查询: month=2026-04, week=2
日期范围: 2026-04-13 到 2026-04-19
查询结果数量: 1
第一条记录日期: 2026-04-14
[DEBUG] get_valid_student_ids_for_management_page: 来源1=0, 来源2=29, 来源3=0, 来源4=29, 来源5=6, union_ids=29, 最终有效学生数=29
[DEBUG] get_valid_student_ids_for_management_page: 来源1=0, 来源2=29, 来源3=0, 来源4=29, 来源5=6, union_ids=29, 最终有效学生数=29
[DEBUG] get_valid_student_ids_for_management_page: 来源1=0, 来源2=29, 来源3=0, 来源4=29, 来源5=6, union_ids=29, 最终有效学生数=29
API查询: month=2026-04, week=2
日期范围: 2026-04-13 到 2026-04-19
查询结果数量: 1
第一条记录日期: 2026-04-14
[DEBUG] get_valid_student_ids_for_management_page: 来源1=0, 来源2=29, 来源3=0, 来源4=29, 来源5=6, union_ids=29, 最终有效学生数=29
[DEBUG] get_valid_student_ids_for_management_page: 来源1=0, 来源2=29, 来源3=0, 来源4=29, 来源5=6, union_ids=29, 最终有效学生数=29
[DEBUG] get_valid_student_ids_for_management_page: 来源1=0, 来源2=29, 来源3=0, 来源4=29, 来源5=6, union_ids=29, 最终有效学生数=29
[DEBUG] get_valid_student_ids_for_management_page: 来源1=0, 来源2=29, 来源3=0, 来源4=29, 来源5=6, union_ids=29, 最终有效学生数=29
[DEBUG] get_valid_student_ids_for_management_page: 来源1=0, 来源2=29, 来源3=0, 来源4=29, 来源5=6, union_ids=29, 最终有效学生数=29
[DEBUG] get_valid_student_ids_for_management_page: 来源1=0, 来源2=29, 来源3=0, 来源4=29, 来源5=6, union_ids=29, 最终有效学生数=29
[DEBUG] get_valid_student_ids_for_management_page: 来源1=0, 来源2=29, 来源3=0, 来源4=29, 来源5=6, union_ids=29, 最终有效学生数=29
[DEBUG] get_valid_student_ids_for_management_page: 来源1=0, 来源2=29, 来源3=0, 来源4=29, 来源5=6, union_ids=29, 最终有效学生数=29
[DEBUG] get_valid_student_ids_for_management_page: 来源1=0, 来源2=29, 来源3=0, 来源4=29, 来源5=6, union_ids=29, 最终有效学生数=29
[DEBUG] get_valid_student_ids_for_management_page: 来源1=0, 来源2=29, 来源3=0, 来源4=29, 来源5=6, union_ids=29, 最终有效学生数=29
[DEBUG] get_valid_student_ids_for_management_page: 来源1=0, 来源2=29, 来源3=0, 来源4=29, 来源5=6, union_ids=29, 最终有效学生数=29
[DEBUG] get_valid_student_ids_for_management_page: 来源1=0, 来源2=29, 来源3=0, 来源4=29, 来源5=6, union_ids=29, 最终有效学生数=29
API查询: month=2026-04, week=3
日期范围: 2026-04-20 到 2026-04-26
查询结果数量: 0
[DEBUG] get_valid_student_ids_for_management_page: 来源1=0, 来源2=29, 来源3=0, 来源4=29, 来源5=6, union_ids=29, 最终有效学生数=29
API查询: month=2026-04, week=3
日期范围: 2026-04-20 到 2026-04-26
查询结果数量: 0
[DEBUG] get_valid_student_ids_for_management_page: 来源1=0, 来源2=29, 来源3=0, 来源4=29, 来源5=6, union_ids=29, 最终有效学生数=29
API查询: month=2026-04, week=3
日期范围: 2026-04-20 到 2026-04-26
查询结果数量: 0
[DEBUG] get_valid_student_ids_for_management_page: 来源1=0, 来源2=29, 来源3=0, 来源4=29, 来源5=6, union_ids=29, 最终有效学生数=29
API查询: month=2026-04, week=3
日期范围: 2026-04-20 到 2026-04-26
查询结果数量: 0
[DEBUG] get_valid_student_ids_for_management_page: 来源1=0, 来源2=29, 来源3=0, 来源4=29, 来源5=6, union_ids=29, 最终有效学生数=29
API查询: month=2026-04, week=3
日期范围: 2026-04-20 到 2026-04-26
查询结果数量: 0
[DEBUG] get_valid_student_ids_for_management_page: 来源1=0, 来源2=29, 来源3=0, 来源4=29, 来源5=6, union_ids=29, 最终有效学生数=29
[DEBUG] get_valid_student_ids_for_management_page: 来源1=0, 来源2=29, 来源3=0, 来源4=29, 来源5=6, union_ids=29, 最终有效学生数=29
[DEBUG] get_valid_student_ids_for_management_page: 来源1=0, 来源2=29, 来源3=0, 来源4=29, 来源5=6, union_ids=29, 最终有效学生数=29
API查询: month=2026-04, week=3
日期范围: 2026-04-20 到 2026-04-26
查询结果数量: 0
[DEBUG] get_valid_student_ids_for_management_page: 来源1=0, 来源2=29, 来源3=0, 来源4=29, 来源5=6, union_ids=29, 最终有效学生数=29
[DEBUG] get_valid_student_ids_for_management_page: 来源1=0, 来源2=29, 来源3=0, 来源4=29, 来源5=6, union_ids=29, 最终有效学生数=29
API查询: month=2026-04, week=3
日期范围: 2026-04-20 到 2026-04-26
查询结果数量: 0
[DEBUG] get_valid_student_ids_for_management_page: 来源1=0, 来源2=29, 来源3=0, 来源4=29, 来源5=6, union_ids=29, 最终有效学生数=29
[DEBUG] get_valid_student_ids_for_management_page: 来源1=0, 来源2=29, 来源3=0, 来源4=29, 来源5=6, union_ids=29, 最终有效学生数=29
[DEBUG] get_valid_student_ids_for_management_page: 来源1=0, 来源2=29, 来源3=0, 来源4=29, 来源5=6, union_ids=29, 最终有效学生数=29
API查询: month=2026-04, week=3
日期范围: 2026-04-20 到 2026-04-26
查询结果数量: 0
[DEBUG] get_valid_student_ids_for_management_page: 来源1=0, 来源2=29, 来源3=0, 来源4=29, 来源5=6, union_ids=29, 最终有效学生数=29
[DEBUG] get_valid_student_ids_for_management_page: 来源1=0, 来源2=29, 来源3=0, 来源4=29, 来源5=6, union_ids=29, 最终有效学生数=29
[DEBUG] get_valid_student_ids_for_management_page: 来源1=0, 来源2=29, 来源3=0, 来源4=29, 来源5=6, union_ids=29, 最终有效学生数=29
API查询: month=2026-04, week=3
日期范围: 2026-04-20 到 2026-04-26
查询结果数量: 0
[DEBUG] get_valid_student_ids_for_management_page: 来源1=0, 来源2=29, 来源3=0, 来源4=29, 来源5=6, union_ids=29, 最终有效学生数=29
[DEBUG] get_valid_student_ids_for_management_page: 来源1=0, 来源2=29, 来源3=0, 来源4=29, 来源5=6, union_ids=29, 最终有效学生数=29
[DEBUG] get_valid_student_ids_for_management_page: 来源1=0, 来源2=29, 来源3=0, 来源4=29, 来源5=6, union_ids=29, 最终有效学生数=29
API查询: month=2026-04, week=3
日期范围: 2026-04-20 到 2026-04-26
查询结果数量: 0
[DEBUG] get_valid_student_ids_for_management_page: 来源1=0, 来源2=29, 来源3=0, 来源4=29, 来源5=6, union_ids=29, 最终有效学生数=29
[DEBUG] get_valid_student_ids_for_management_page: 来源1=0, 来源2=29, 来源3=0, 来源4=29, 来源5=6, union_ids=29, 最终有效学生数=29
[DEBUG] get_valid_student_ids_for_management_page: 来源1=0, 来源2=29, 来源3=0, 来源4=29, 来源5=6, union_ids=29, 最终有效学生数=29
API查询: month=2026-04, week=2
日期范围: 2026-04-13 到 2026-04-19
查询结果数量: 1
第一条记录日期: 2026-04-14
[DEBUG] get_valid_student_ids_for_management_page: 来源1=0, 来源2=29, 来源3=0, 来源4=29, 来源5=6, union_ids=29, 最终有效学生数=29
[DEBUG] get_valid_student_ids_for_management_page: 来源1=0, 来源2=29, 来源3=0, 来源4=29, 来源5=6, union_ids=29, 最终有效学生数=29
[DEBUG] get_valid_student_ids_for_management_page: 来源1=0, 来源2=29, 来源3=0, 来源4=29, 来源5=6, union_ids=29, 最终有效学生数=29
API查询: month=2026-04, week=2
日期范围: 2026-04-13 到 2026-04-19
查询结果数量: 1
第一条记录日期: 2026-04-14
[DEBUG] get_valid_student_ids_for_management_page: 来源1=0, 来源2=29, 来源3=0, 来源4=29, 来源5=6, union_ids=29, 最终有效学生数=29
[DEBUG] get_valid_student_ids_for_management_page: 来源1=0, 来源2=29, 来源3=0, 来源4=29, 来源5=6, union_ids=29, 最终有效学生数=29
[DEBUG] get_valid_student_ids_for_management_page: 来源1=0, 来源2=29, 来源3=0, 来源4=29, 来源5=6, union_ids=29, 最终有效学生数=29
API查询: month=2026-04, week=3
日期范围: 2026-04-20 到 2026-04-26
查询结果数量: 0
[DEBUG] get_valid_student_ids_for_management_page: 来源1=0, 来源2=29, 来源3=0, 来源4=29, 来源5=6, union_ids=29, 最终有效学生数=29
[DEBUG] get_valid_student_ids_for_management_page: 来源1=0, 来源2=29, 来源3=0, 来源4=29, 来源5=6, union_ids=29, 最终有效学生数=29
[DEBUG] get_valid_student_ids_for_management_page: 来源1=0, 来源2=29, 来源3=0, 来源4=29, 来源5=6, union_ids=29, 最终有效学生数=29
API查询: month=2026-04, week=3
日期范围: 2026-04-20 到 2026-04-26
查询结果数量: 0
Stats request: month=2026-03, student_id=None, course_id=None
[DEBUG] get_valid_student_ids_for_management_page: 来源1=0, 来源2=29, 来源3=0, 来源4=29, 来源5=6, union_ids=29, 最终有效学生数=29
Stats request: month=2026-03, student_id=None, course_id=None
[DEBUG] get_valid_student_ids_for_management_page: 来源1=0, 来源2=29, 来源3=0, 来源4=29, 来源5=6, union_ids=29, 最终有效学生数=29
Stats request: month=2026-03, student_id=None, course_id=None
[DEBUG] get_valid_student_ids_for_management_page: 来源1=0, 来源2=29, 来源3=0, 来源4=29, 来源5=6, union_ids=29, 最终有效学生数=29
Stats request: month=2026-03, student_id=None, course_id=None
[DEBUG] get_valid_student_ids_for_management_page: 来源1=0, 来源2=29, 来源3=0, 来源4=29, 来源5=6, union_ids=29, 最终有效学生数=29
Stats request: month=2026-03, student_id=None, course_id=None
[DEBUG] get_valid_student_ids_for_management_page: 来源1=0, 来源2=29, 来源3=0, 来源4=29, 来源5=6, union_ids=29, 最终有效学生数=29
Stats request: month=2026-03, student_id=None, course_id=None
[DEBUG] get_valid_student_ids_for_management_page: 来源1=0, 来源2=29, 来源3=0, 来源4=29, 来源5=6, union_ids=29, 最终有效学生数=29
Stats request: month=2026-03, student_id=None, course_id=None
[DEBUG] get_valid_student_ids_for_management_page: 来源1=0, 来源2=29, 来源3=0, 来源4=29, 来源5=6, union_ids=29, 最终有效学生数=29
[DEBUG] get_valid_student_ids_for_management_page: 来源1=0, 来源2=29, 来源3=0, 来源4=29, 来源5=6, union_ids=29, 最终有效学生数=29
[DEBUG] get_valid_student_ids_for_management_page: 来源1=0, 来源2=29, 来源3=0, 来源4=29, 来源5=6, union_ids=29, 最终有效学生数=29
[DEBUG] get_valid_student_ids_for_management_page: 来源1=0, 来源2=29, 来源3=0, 来源4=29, 来源5=6, union_ids=29, 最终有效学生数=29
[DEBUG] get_valid_student_ids_for_management_page: 来源1=0, 来源2=29, 来源3=0, 来源4=29, 来源5=6, union_ids=29, 最终有效学生数=29
[DEBUG] get_valid_student_ids_for_management_page: 来源1=0, 来源2=29, 来源3=0, 来源4=29, 来源5=6, union_ids=29, 最终有效学生数=29
[DEBUG] get_valid_student_ids_for_management_page: 来源1=0, 来源2=29, 来源3=0, 来源4=29, 来源5=6, union_ids=29, 最终有效学生数=29
[DEBUG] get_valid_student_ids_for_management_page: 来源1=0, 来源2=29, 来源3=0, 来源4=29, 来源5=6, union_ids=29, 最终有效学生数=29
[DEBUG] get_valid_student_ids_for_management_page: 来源1=0, 来源2=29, 来源3=0, 来源4=29, 来源5=6, union_ids=29, 最终有效学生数=29
[DEBUG] get_valid_student_ids_for_management_page: 来源1=0, 来源2=29, 来源3=0, 来源4=29, 来源5=6, union_ids=29, 最终有效学生数=29
[DEBUG] get_valid_student_ids_for_management_page: 来源1=0, 来源2=29, 来源3=0, 来源4=29, 来源5=6, union_ids=29, 最终有效学生数=29
[DEBUG] get_valid_student_ids_for_management_page: 来源1=0, 来源2=29, 来源3=0, 来源4=29, 来源5=6, union_ids=29, 最终有效学生数=29
[DEBUG] get_valid_student_ids_for_management_page: 来源1=0, 来源2=29, 来源3=0, 来源4=29, 来源5=6, union_ids=29, 最终有效学生数=29
API查询: month=2026-03, week=3
日期范围: 2026-03-16 到 2026-03-22
查询结果数量: 1
第一条记录日期: 2026-03-18
[DEBUG] get_valid_student_ids_for_management_page: 来源1=0, 来源2=29, 来源3=0, 来源4=29, 来源5=6, union_ids=29, 最终有效学生数=29
API查询: month=2026-03, week=3
日期范围: 2026-03-16 到 2026-03-22
查询结果数量: 0
[DEBUG] get_valid_student_ids_for_management_page: 来源1=0, 来源2=29, 来源3=0, 来源4=29, 来源5=6, union_ids=29, 最终有效学生数=29
API查询: month=2026-03, week=3
日期范围: 2026-03-16 到 2026-03-22
查询结果数量: 0
[DEBUG] get_valid_student_ids_for_management_page: 来源1=0, 来源2=29, 来源3=0, 来源4=29, 来源5=6, union_ids=29, 最终有效学生数=29
[DEBUG] get_valid_student_ids_for_management_page: 来源1=0, 来源2=29, 来源3=0, 来源4=29, 来源5=6, union_ids=29, 最终有效学生数=29
API查询: month=2026-03, week=3
日期范围: 2026-03-16 到 2026-03-22
查询结果数量: 0
[DEBUG] get_valid_student_ids_for_management_page: 来源1=0, 来源2=29, 来源3=0, 来源4=29, 来源5=6, union_ids=29, 最终有效学生数=29
API查询: month=2026-03, week=3
日期范围: 2026-03-16 到 2026-03-22
查询结果数量: 0
[DEBUG] get_valid_student_ids_for_management_page: 来源1=0, 来源2=29, 来源3=0, 来源4=29, 来源5=6, union_ids=29, 最终有效学生数=29
[DEBUG] get_valid_student_ids_for_management_page: 来源1=0, 来源2=29, 来源3=0, 来源4=29, 来源5=6, union_ids=29, 最终有效学生数=29
API查询: month=2026-03, week=3
日期范围: 2026-03-16 到 2026-03-22
查询结果数量: 0
[DEBUG] get_valid_student_ids_for_management_page: 来源1=0, 来源2=29, 来源3=0, 来源4=29, 来源5=6, union_ids=29, 最终有效学生数=29
[DEBUG] get_valid_student_ids_for_management_page: 来源1=0, 来源2=29, 来源3=0, 来源4=29, 来源5=6, union_ids=29, 最终有效学生数=29
API查询: month=2026-03, week=3
日期范围: 2026-03-16 到 2026-03-22
查询结果数量: 1
第一条记录日期: 2026-03-18
[DEBUG] get_valid_student_ids_for_management_page: 来源1=0, 来源2=29, 来源3=0, 来源4=29, 来源5=6, union_ids=29, 最终有效学生数=29
[DEBUG] get_valid_student_ids_for_management_page: 来源1=0, 来源2=29, 来源3=0, 来源4=29, 来源5=6, union_ids=29, 最终有效学生数=29
[DEBUG] get_valid_student_ids_for_management_page: 来源1=0, 来源2=29, 来源3=0, 来源4=29, 来源5=6, union_ids=29, 最终有效学生数=29
API查询: month=2026-03, week=3
日期范围: 2026-03-16 到 2026-03-22
查询结果数量: 1
第一条记录日期: 2026-03-18
[DEBUG] get_valid_student_ids_for_management_page: 来源1=0, 来源2=29, 来源3=0, 来源4=29, 来源5=6, union_ids=29, 最终有效学生数=29
[DEBUG] get_valid_student_ids_for_management_page: 来源1=0, 来源2=29, 来源3=0, 来源4=29, 来源5=6, union_ids=29, 最终有效学生数=29
[DEBUG] get_valid_student_ids_for_management_page: 来源1=0, 来源2=29, 来源3=0, 来源4=29, 来源5=6, union_ids=29, 最终有效学生数=29
API查询: month=2026-03, week=3
日期范围: 2026-03-16 到 2026-03-22
查询结果数量: 1
第一条记录日期: 2026-03-18
[DEBUG] get_valid_student_ids_for_management_page: 来源1=0, 来源2=29, 来源3=0, 来源4=29, 来源5=6, union_ids=29, 最终有效学生数=29
[DEBUG] get_valid_student_ids_for_management_page: 来源1=0, 来源2=29, 来源3=0, 来源4=29, 来源5=6, union_ids=29, 最终有效学生数=29
[DEBUG] get_valid_student_ids_for_management_page: 来源1=0, 来源2=29, 来源3=0, 来源4=29, 来源5=6, union_ids=29, 最终有效学生数=29
API查询: month=2026-03, week=3
日期范围: 2026-03-16 到 2026-03-22
查询结果数量: 1
第一条记录日期: 2026-03-18
[DEBUG] get_valid_student_ids_for_management_page: 来源1=0, 来源2=29, 来源3=0, 来源4=29, 来源5=6, union_ids=29, 最终有效学生数=29
[DEBUG] get_valid_student_ids_for_management_page: 来源1=0, 来源2=29, 来源3=0, 来源4=29, 来源5=6, union_ids=29, 最终有效学生数=29
[DEBUG] get_valid_student_ids_for_management_page: 来源1=0, 来源2=29, 来源3=0, 来源4=29, 来源5=6, union_ids=29, 最终有效学生数=29
API查询: month=2026-03, week=3
日期范围: 2026-03-16 到 2026-03-22
查询结果数量: 1
第一条记录日期: 2026-03-18
[DEBUG] get_valid_student_ids_for_management_page: 来源1=0, 来源2=29, 来源3=0, 来源4=29, 来源5=6, union_ids=29, 最终有效学生数=29
[DEBUG] get_valid_student_ids_for_management_page: 来源1=0, 来源2=29, 来源3=0, 来源4=29, 来源5=6, union_ids=29, 最终有效学生数=29
[DEBUG] get_valid_student_ids_for_management_page: 来源1=0, 来源2=29, 来源3=0, 来源4=29, 来源5=6, union_ids=29, 最终有效学生数=29
API查询: month=2026-03, week=3
日期范围: 2026-03-16 到 2026-03-22
查询结果数量: 1
第一条记录日期: 2026-03-18
[DEBUG] get_valid_student_ids_for_management_page: 来源1=0, 来源2=29, 来源3=0, 来源4=29, 来源5=6, union_ids=29, 最终有效学生数=29
[DEBUG] get_valid_student_ids_for_management_page: 来源1=0, 来源2=29, 来源3=0, 来源4=29, 来源5=6, union_ids=29, 最终有效学生数=29
[DEBUG] get_valid_student_ids_for_management_page: 来源1=0, 来源2=29, 来源3=0, 来源4=29, 来源5=6, union_ids=29, 最终有效学生数=29
[DEBUG] get_valid_student_ids_for_management_page: 来源1=0, 来源2=29, 来源3=0, 来源4=29, 来源5=6, union_ids=29, 最终有效学生数=29
[DEBUG] get_valid_student_ids_for_management_page: 来源1=0, 来源2=29, 来源3=0, 来源4=29, 来源5=6, union_ids=29, 最终有效学生数=29
[DEBUG] get_valid_student_ids_for_management_page: 来源1=0, 来源2=29, 来源3=0, 来源4=29, 来源5=6, union_ids=29, 最终有效学生数=29
[DEBUG] get_valid_student_ids_for_management_page: 来源1=0, 来源2=29, 来源3=0, 来源4=29, 来源5=6, union_ids=29, 最终有效学生数=29
[DEBUG] get_valid_student_ids_for_management_page: 来源1=0, 来源2=29, 来源3=0, 来源4=29, 来源5=6, union_ids=29, 最终有效学生数=29
[DEBUG] get_valid_student_ids_for_management_page: 来源1=0, 来源2=29, 来源3=0, 来源4=29, 来源5=6, union_ids=29, 最终有效学生数=29
[DEBUG] get_valid_student_ids_for_management_page: 来源1=0, 来源2=29, 来源3=0, 来源4=29, 来源5=6, union_ids=29, 最终有效学生数=29
[DEBUG] get_valid_student_ids_for_management_page: 来源1=0, 来源2=29, 来源3=0, 来源4=29, 来源5=6, union_ids=29, 最终有效学生数=29
[DEBUG] get_valid_student_ids_for_management_page: 来源1=0, 来源2=29, 来源3=0, 来源4=29, 来源5=6, union_ids=29, 最终有效学生数=29
[DEBUG] get_valid_student_ids_for_management_page: 来源1=0, 来源2=29, 来源3=0, 来源4=29, 来源5=6, union_ids=29, 最终有效学生数=29
API查询: month=2026-03, week=4
日期范围: 2026-03-23 到 2026-03-29
查询结果数量: 0
[DEBUG] get_valid_student_ids_for_management_page: 来源1=0, 来源2=29, 来源3=0, 来源4=29, 来源5=6, union_ids=29, 最终有效学生数=29
API查询: month=2026-03, week=4
日期范围: 2026-03-23 到 2026-03-29
查询结果数量: 1
第一条记录日期: 2026-03-28
[DEBUG] get_valid_student_ids_for_management_page: 来源1=0, 来源2=29, 来源3=0, 来源4=29, 来源5=6, union_ids=29, 最终有效学生数=29
API查询: month=2026-03, week=4
日期范围: 2026-03-23 到 2026-03-29
查询结果数量: 0
[DEBUG] get_valid_student_ids_for_management_page: 来源1=0, 来源2=29, 来源3=0, 来源4=29, 来源5=6, union_ids=29, 最终有效学生数=29
API查询: month=2026-03, week=4
日期范围: 2026-03-23 到 2026-03-29
查询结果数量: 1
第一条记录日期: 2026-03-24
[DEBUG] get_valid_student_ids_for_management_page: 来源1=0, 来源2=29, 来源3=0, 来源4=29, 来源5=6, union_ids=29, 最终有效学生数=29
API查询: month=2026-03, week=4
日期范围: 2026-03-23 到 2026-03-29
查询结果数量: 0
[DEBUG] get_valid_student_ids_for_management_page: 来源1=0, 来源2=29, 来源3=0, 来源4=29, 来源5=6, union_ids=29, 最终有效学生数=29
API查询: month=2026-03, week=4
日期范围: 2026-03-23 到 2026-03-29
查询结果数量: 0
[DEBUG] get_valid_student_ids_for_management_page: 来源1=0, 来源2=29, 来源3=0, 来源4=29, 来源5=6, union_ids=29, 最终有效学生数=29
[DEBUG] get_valid_student_ids_for_management_page: 来源1=0, 来源2=29, 来源3=0, 来源4=29, 来源5=6, union_ids=29, 最终有效学生数=29
[DEBUG] get_valid_student_ids_for_management_page: 来源1=0, 来源2=29, 来源3=0, 来源4=29, 来源5=6, union_ids=29, 最终有效学生数=29
[DEBUG] get_valid_student_ids_for_management_page: 来源1=0, 来源2=29, 来源3=0, 来源4=29, 来源5=6, union_ids=29, 最终有效学生数=29
[DEBUG] get_valid_student_ids_for_management_page: 来源1=0, 来源2=29, 来源3=0, 来源4=29, 来源5=6, union_ids=29, 最终有效学生数=29
[DEBUG] get_valid_student_ids_for_management_page: 来源1=0, 来源2=29, 来源3=0, 来源4=29, 来源5=6, union_ids=29, 最终有效学生数=29
[DEBUG] get_valid_student_ids_for_management_page: 来源1=0, 来源2=29, 来源3=0, 来源4=29, 来源5=6, union_ids=29, 最终有效学生数=29
[DEBUG] get_valid_student_ids_for_management_page: 来源1=0, 来源2=29, 来源3=0, 来源4=29, 来源5=6, union_ids=29, 最终有效学生数=29
[DEBUG] get_valid_student_ids_for_management_page: 来源1=0, 来源2=29, 来源3=0, 来源4=29, 来源5=6, union_ids=29, 最终有效学生数=29
[DEBUG] get_valid_student_ids_for_management_page: 来源1=0, 来源2=29, 来源3=0, 来源4=29, 来源5=6, union_ids=29, 最终有效学生数=29
[DEBUG] get_valid_student_ids_for_management_page: 来源1=0, 来源2=29, 来源3=0, 来源4=29, 来源5=6, union_ids=29, 最终有效学生数=29
[DEBUG] get_valid_student_ids_for_management_page: 来源1=0, 来源2=29, 来源3=0, 来源4=29, 来源5=6, union_ids=29, 最终有效学生数=29
[DEBUG] get_valid_student_ids_for_management_page: 来源1=0, 来源2=29, 来源3=0, 来源4=29, 来源5=6, union_ids=29, 最终有效学生数=29
API查询: month=2026-04, week=1
日期范围: 2026-04-06 到 2026-04-12
查询结果数量: 0
[DEBUG] get_valid_student_ids_for_management_page: 来源1=0, 来源2=29, 来源3=0, 来源4=29, 来源5=6, union_ids=29, 最终有效学生数=29
API查询: month=2026-04, week=1
日期范围: 2026-04-06 到 2026-04-12
查询结果数量: 1
第一条记录日期: 2026-04-11
[DEBUG] get_valid_student_ids_for_management_page: 来源1=0, 来源2=29, 来源3=0, 来源4=29, 来源5=6, union_ids=29, 最终有效学生数=29
API查询: month=2026-04, week=1
日期范围: 2026-04-06 到 2026-04-12
查询结果数量: 1
第一条记录日期: 2026-04-07
[DEBUG] get_valid_student_ids_for_management_page: 来源1=0, 来源2=29, 来源3=0, 来源4=29, 来源5=6, union_ids=29, 最终有效学生数=29
API查询: month=2026-04, week=1
日期范围: 2026-04-06 到 2026-04-12
查询结果数量: 0
[DEBUG] get_valid_student_ids_for_management_page: 来源1=0, 来源2=29, 来源3=0, 来源4=29, 来源5=6, union_ids=29, 最终有效学生数=29
API查询: month=2026-03, week=4
日期范围: 2026-03-23 到 2026-03-29
查询结果数量: 2
第一条记录日期: 2026-03-28
[DEBUG] get_valid_student_ids_for_management_page: 来源1=0, 来源2=29, 来源3=0, 来源4=29, 来源5=6, union_ids=29, 最终有效学生数=29
API查询: month=2026-04, week=1
日期范围: 2026-04-06 到 2026-04-12
查询结果数量: 0
[DEBUG] get_valid_student_ids_for_management_page: 来源1=0, 来源2=29, 来源3=0, 来源4=29, 来源5=6, union_ids=29, 最终有效学生数=29
[DEBUG] get_valid_student_ids_for_management_page: 来源1=0, 来源2=29, 来源3=0, 来源4=29, 来源5=6, union_ids=29, 最终有效学生数=29
[DEBUG] get_valid_student_ids_for_management_page: 来源1=0, 来源2=29, 来源3=0, 来源4=29, 来源5=6, union_ids=29, 最终有效学生数=29
[DEBUG] get_valid_student_ids_for_management_page: 来源1=0, 来源2=29, 来源3=0, 来源4=29, 来源5=6, union_ids=29, 最终有效学生数=29
[DEBUG] get_valid_student_ids_for_management_page: 来源1=0, 来源2=29, 来源3=0, 来源4=29, 来源5=6, union_ids=29, 最终有效学生数=29
[DEBUG] get_valid_student_ids_for_management_page: 来源1=0, 来源2=29, 来源3=0, 来源4=29, 来源5=6, union_ids=29, 最终有效学生数=29
[DEBUG] get_valid_student_ids_for_management_page: 来源1=0, 来源2=29, 来源3=0, 来源4=29, 来源5=6, union_ids=29, 最终有效学生数=29
API查询: month=2026-04, week=1
日期范围: 2026-04-06 到 2026-04-12
查询结果数量: 2
第一条记录日期: 2026-04-11
[DEBUG] get_valid_student_ids_for_management_page: 来源1=0, 来源2=29, 来源3=0, 来源4=29, 来源5=6, union_ids=29, 最终有效学生数=29
API查询: month=2026-04, week=1
日期范围: 2026-04-06 到 2026-04-12
查询结果数量: 0
[DEBUG] get_valid_student_ids_for_management_page: 来源1=0, 来源2=29, 来源3=0, 来源4=29, 来源5=6, union_ids=29, 最终有效学生数=29
API查询: month=2026-03, week=4
日期范围: 2026-03-23 到 2026-03-29
查询结果数量: 2
第一条记录日期: 2026-03-28
[DEBUG] get_valid_student_ids_for_management_page: 来源1=0, 来源2=29, 来源3=0, 来源4=29, 来源5=6, union_ids=29, 最终有效学生数=29
[DEBUG] get_valid_student_ids_for_management_page: 来源1=0, 来源2=29, 来源3=0, 来源4=29, 来源5=6, union_ids=29, 最终有效学生数=29
[DEBUG] get_valid_student_ids_for_management_page: 来源1=0, 来源2=29, 来源3=0, 来源4=29, 来源5=6, union_ids=29, 最终有效学生数=29
[DEBUG] get_valid_student_ids_for_management_page: 来源1=0, 来源2=29, 来源3=0, 来源4=29, 来源5=6, union_ids=29, 最终有效学生数=29
[DEBUG] get_valid_student_ids_for_management_page: 来源1=0, 来源2=29, 来源3=0, 来源4=29, 来源5=6, union_ids=29, 最终有效学生数=29
API查询: month=2026-03, week=4
日期范围: 2026-03-23 到 2026-03-29
查询结果数量: 2
第一条记录日期: 2026-03-28
[DEBUG] get_valid_student_ids_for_management_page: 来源1=0, 来源2=29, 来源3=0, 来源4=29, 来源5=6, union_ids=29, 最终有效学生数=29
API查询: month=2026-04, week=1
日期范围: 2026-04-06 到 2026-04-12
查询结果数量: 2
第一条记录日期: 2026-04-11
[DEBUG] get_valid_student_ids_for_management_page: 来源1=0, 来源2=29, 来源3=0, 来源4=29, 来源5=6, union_ids=29, 最终有效学生数=29
[DEBUG] get_valid_student_ids_for_management_page: 来源1=0, 来源2=29, 来源3=0, 来源4=29, 来源5=6, union_ids=29, 最终有效学生数=29
[DEBUG] get_valid_student_ids_for_management_page: 来源1=0, 来源2=29, 来源3=0, 来源4=29, 来源5=6, union_ids=29, 最终有效学生数=29
API查询: month=2026-04, week=1
日期范围: 2026-04-06 到 2026-04-12
查询结果数量: 2
第一条记录日期: 2026-04-11
[DEBUG] get_valid_student_ids_for_management_page: 来源1=0, 来源2=29, 来源3=0, 来源4=29, 来源5=6, union_ids=29, 最终有效学生数=29
[DEBUG] get_valid_student_ids_for_management_page: 来源1=0, 来源2=29, 来源3=0, 来源4=29, 来源5=6, union_ids=29, 最终有效学生数=29
[DEBUG] get_valid_student_ids_for_management_page: 来源1=0, 来源2=29, 来源3=0, 来源4=29, 来源5=6, union_ids=29, 最终有效学生数=29
API查询: month=2026-04, week=1
日期范围: 2026-04-06 到 2026-04-12
查询结果数量: 2
第一条记录日期: 2026-04-11
[DEBUG] get_valid_student_ids_for_management_page: 来源1=0, 来源2=29, 来源3=0, 来源4=29, 来源5=6, union_ids=29, 最终有效学生数=29
[DEBUG] get_valid_student_ids_for_management_page: 来源1=0, 来源2=29, 来源3=0, 来源4=29, 来源5=6, union_ids=29, 最终有效学生数=29
[DEBUG] get_valid_student_ids_for_management_page: 来源1=0, 来源2=29, 来源3=0, 来源4=29, 来源5=6, union_ids=29, 最终有效学生数=29
API查询: month=2026-04, week=1
日期范围: 2026-04-06 到 2026-04-12
查询结果数量: 2
第一条记录日期: 2026-04-11
[DEBUG] get_valid_student_ids_for_management_page: 来源1=0, 来源2=29, 来源3=0, 来源4=29, 来源5=6, union_ids=29, 最终有效学生数=29
[DEBUG] get_valid_student_ids_for_management_page: 来源1=0, 来源2=29, 来源3=0, 来源4=29, 来源5=6, union_ids=29, 最终有效学生数=29
[DEBUG] get_valid_student_ids_for_management_page: 来源1=0, 来源2=29, 来源3=0, 来源4=29, 来源5=6, union_ids=29, 最终有效学生数=29
[DEBUG] get_valid_student_ids_for_management_page: 来源1=0, 来源2=29, 来源3=0, 来源4=29, 来源5=6, union_ids=29, 最终有效学生数=29
[DEBUG] get_valid_student_ids_for_management_page: 来源1=0, 来源2=29, 来源3=0, 来源4=29, 来源5=6, union_ids=29, 最终有效学生数=29
[DEBUG] get_valid_student_ids_for_management_page: 来源1=0, 来源2=29, 来源3=0, 来源4=29, 来源5=6, union_ids=29, 最终有效学生数=29
[DEBUG] get_valid_student_ids_for_management_page: 来源1=0, 来源2=29, 来源3=0, 来源4=29, 来源5=6, union_ids=29, 最终有效学生数=29
[DEBUG] get_valid_student_ids_for_management_page: 来源1=0, 来源2=29, 来源3=0, 来源4=29, 来源5=6, union_ids=29, 最终有效学生数=29
[DEBUG] get_valid_student_ids_for_management_page: 来源1=0, 来源2=29, 来源3=0, 来源4=29, 来源5=6, union_ids=29, 最终有效学生数=29
[DEBUG] get_valid_student_ids_for_management_page: 来源1=0, 来源2=29, 来源3=0, 来源4=29, 来源5=6, union_ids=29, 最终有效学生数=29
[DEBUG] get_valid_student_ids_for_management_page: 来源1=0, 来源2=29, 来源3=0, 来源4=29, 来源5=6, union_ids=29, 最终有效学生数=29
[DEBUG] get_valid_student_ids_for_management_page: 来源1=0, 来源2=29, 来源3=0, 来源4=29, 来源5=6, union_ids=29, 最终有效学生数=29
[DEBUG] get_valid_student_ids_for_management_page: 来源1=0, 来源2=29, 来源3=0, 来源4=29, 来源5=6, union_ids=29, 最终有效学生数=29
API查询: month=2026-04, week=2
日期范围: 2026-04-13 到 2026-04-19
查询结果数量: 1
第一条记录日期: 2026-04-14
[DEBUG] get_valid_student_ids_for_management_page: 来源1=0, 来源2=29, 来源3=0, 来源4=29, 来源5=6, union_ids=29, 最终有效学生数=29
API查询: month=2026-04, week=2
日期范围: 2026-04-13 到 2026-04-19
查询结果数量: 0
[DEBUG] get_valid_student_ids_for_management_page: 来源1=0, 来源2=29, 来源3=0, 来源4=29, 来源5=6, union_ids=29, 最终有效学生数=29
API查询: month=2026-04, week=2
日期范围: 2026-04-13 到 2026-04-19
查询结果数量: 0
[DEBUG] get_valid_student_ids_for_management_page: 来源1=0, 来源2=29, 来源3=0, 来源4=29, 来源5=6, union_ids=29, 最终有效学生数=29
API查询: month=2026-04, week=2
日期范围: 2026-04-13 到 2026-04-19
查询结果数量: 0
[DEBUG] get_valid_student_ids_for_management_page: 来源1=0, 来源2=29, 来源3=0, 来源4=29, 来源5=6, union_ids=29, 最终有效学生数=29
API查询: month=2026-04, week=1
日期范围: 2026-04-06 到 2026-04-12
查询结果数量: 2
第一条记录日期: 2026-04-11
[DEBUG] get_valid_student_ids_for_management_page: 来源1=0, 来源2=29, 来源3=0, 来源4=29, 来源5=6, union_ids=29, 最终有效学生数=29
API查询: month=2026-04, week=2
日期范围: 2026-04-13 到 2026-04-19
查询结果数量: 0
[DEBUG] get_valid_student_ids_for_management_page: 来源1=0, 来源2=29, 来源3=0, 来源4=29, 来源5=6, union_ids=29, 最终有效学生数=29
[DEBUG] get_valid_student_ids_for_management_page: 来源1=0, 来源2=29, 来源3=0, 来源4=29, 来源5=6, union_ids=29, 最终有效学生数=29
[DEBUG] get_valid_student_ids_for_management_page: 来源1=0, 来源2=29, 来源3=0, 来源4=29, 来源5=6, union_ids=29, 最终有效学生数=29
[DEBUG] get_valid_student_ids_for_management_page: 来源1=0, 来源2=29, 来源3=0, 来源4=29, 来源5=6, union_ids=29, 最终有效学生数=29
[DEBUG] get_valid_student_ids_for_management_page: 来源1=0, 来源2=29, 来源3=0, 来源4=29, 来源5=6, union_ids=29, 最终有效学生数=29
[DEBUG] get_valid_student_ids_for_management_page: 来源1=0, 来源2=29, 来源3=0, 来源4=29, 来源5=6, union_ids=29, 最终有效学生数=29
[DEBUG] get_valid_student_ids_for_management_page: 来源1=0, 来源2=29, 来源3=0, 来源4=29, 来源5=6, union_ids=29, 最终有效学生数=29
[DEBUG] get_valid_student_ids_for_management_page: 来源1=0, 来源2=29, 来源3=0, 来源4=29, 来源5=6, union_ids=29, 最终有效学生数=29
[DEBUG] get_valid_student_ids_for_management_page: 来源1=0, 来源2=29, 来源3=0, 来源4=29, 来源5=6, union_ids=29, 最终有效学生数=29
[DEBUG] get_valid_student_ids_for_management_page: 来源1=0, 来源2=29, 来源3=0, 来源4=29, 来源5=6, union_ids=29, 最终有效学生数=29
[DEBUG] get_valid_student_ids_for_management_page: 来源1=0, 来源2=29, 来源3=0, 来源4=29, 来源5=6, union_ids=29, 最终有效学生数=29
[DEBUG] get_valid_student_ids_for_management_page: 来源1=0, 来源2=29, 来源3=0, 来源4=29, 来源5=6, union_ids=29, 最终有效学生数=29
API查询: month=2026-04, week=2
日期范围: 2026-04-13 到 2026-04-19
查询结果数量: 1
第一条记录日期: 2026-04-14
[DEBUG] get_valid_student_ids_for_management_page: 来源1=0, 来源2=29, 来源3=0, 来源4=29, 来源5=6, union_ids=29, 最终有效学生数=29
API查询: month=2026-04, week=2
日期范围: 2026-04-13 到 2026-04-19
查询结果数量: 0
[DEBUG] get_valid_student_ids_for_management_page: 来源1=0, 来源2=29, 来源3=0, 来源4=29, 来源5=6, union_ids=29, 最终有效学生数=29
API查询: month=2026-04, week=3
日期范围: 2026-04-20 到 2026-04-26
查询结果数量: 0
[DEBUG] get_valid_student_ids_for_management_page: 来源1=0, 来源2=29, 来源3=0, 来源4=29, 来源5=6, union_ids=29, 最终有效学生数=29
API查询: month=2026-04, week=3
日期范围: 2026-04-20 到 2026-04-26
查询结果数量: 0
[DEBUG] get_valid_student_ids_for_management_page: 来源1=0, 来源2=29, 来源3=0, 来源4=29, 来源5=6, union_ids=29, 最终有效学生数=29
[DEBUG] get_valid_student_ids_for_management_page: 来源1=0, 来源2=29, 来源3=0, 来源4=29, 来源5=6, union_ids=29, 最终有效学生数=29
API查询: month=2026-04, week=3
日期范围: 2026-04-20 到 2026-04-26
查询结果数量: 0
[DEBUG] get_valid_student_ids_for_management_page: 来源1=0, 来源2=29, 来源3=0, 来源4=29, 来源5=6, union_ids=29, 最终有效学生数=29
API查询: month=2026-04, week=3
日期范围: 2026-04-20 到 2026-04-26
查询结果数量: 0
[DEBUG] get_valid_student_ids_for_management_page: 来源1=0, 来源2=29, 来源3=0, 来源4=29, 来源5=6, union_ids=29, 最终有效学生数=29
[DEBUG] get_valid_student_ids_for_management_page: 来源1=0, 来源2=29, 来源3=0, 来源4=29, 来源5=6, union_ids=29, 最终有效学生数=29
[DEBUG] get_valid_student_ids_for_management_page: 来源1=0, 来源2=29, 来源3=0, 来源4=29, 来源5=6, union_ids=29, 最终有效学生数=29
[DEBUG] get_valid_student_ids_for_management_page: 来源1=0, 来源2=29, 来源3=0, 来源4=29, 来源5=6, union_ids=29, 最终有效学生数=29
[DEBUG] get_valid_student_ids_for_management_page: 来源1=0, 来源2=29, 来源3=0, 来源4=29, 来源5=6, union_ids=29, 最终有效学生数=29
[DEBUG] get_valid_student_ids_for_management_page: 来源1=0, 来源2=29, 来源3=0, 来源4=29, 来源5=6, union_ids=29, 最终有效学生数=29
[DEBUG] get_valid_student_ids_for_management_page: 来源1=0, 来源2=29, 来源3=0, 来源4=29, 来源5=6, union_ids=29, 最终有效学生数=29
[DEBUG] get_valid_student_ids_for_management_page: 来源1=0, 来源2=29, 来源3=0, 来源4=29, 来源5=6, union_ids=29, 最终有效学生数=29
[DEBUG] get_valid_student_ids_for_management_page: 来源1=0, 来源2=29, 来源3=0, 来源4=29, 来源5=6, union_ids=29, 最终有效学生数=29
API查询: month=2026-04, week=3
日期范围: 2026-04-20 到 2026-04-26
查询结果数量: 0
[DEBUG] get_valid_student_ids_for_management_page: 来源1=0, 来源2=29, 来源3=0, 来源4=29, 来源5=6, union_ids=29, 最终有效学生数=29
API查询: month=2026-04, week=3
日期范围: 2026-04-20 到 2026-04-26
查询结果数量: 0
[DEBUG] get_valid_student_ids_for_management_page: 来源1=0, 来源2=29, 来源3=0, 来源4=29, 来源5=6, union_ids=29, 最终有效学生数=29
API查询: month=2026-04, week=3
日期范围: 2026-04-20 到 2026-04-26
查询结果数量: 0
[DEBUG] get_valid_student_ids_for_management_page: 来源1=0, 来源2=29, 来源3=0, 来源4=29, 来源5=6, union_ids=29, 最终有效学生数=29
API查询: month=2026-04, week=2
日期范围: 2026-04-13 到 2026-04-19
查询结果数量: 1
第一条记录日期: 2026-04-14
[DEBUG] get_valid_student_ids_for_management_page: 来源1=0, 来源2=29, 来源3=0, 来源4=29, 来源5=6, union_ids=29, 最终有效学生数=29
[DEBUG] get_valid_student_ids_for_management_page: 来源1=0, 来源2=29, 来源3=0, 来源4=29, 来源5=6, union_ids=29, 最终有效学生数=29
[DEBUG] get_valid_student_ids_for_management_page: 来源1=0, 来源2=29, 来源3=0, 来源4=29, 来源5=6, union_ids=29, 最终有效学生数=29
[DEBUG] get_valid_student_ids_for_management_page: 来源1=0, 来源2=29, 来源3=0, 来源4=29, 来源5=6, union_ids=29, 最终有效学生数=29
[DEBUG] get_valid_student_ids_for_management_page: 来源1=0, 来源2=29, 来源3=0, 来源4=29, 来源5=6, union_ids=29, 最终有效学生数=29
API查询: month=2026-04, week=2
日期范围: 2026-04-13 到 2026-04-19
查询结果数量: 1
第一条记录日期: 2026-04-14
[DEBUG] get_valid_student_ids_for_management_page: 来源1=0, 来源2=29, 来源3=0, 来源4=29, 来源5=6, union_ids=29, 最终有效学生数=29
API查询: month=2026-04, week=3
日期范围: 2026-04-20 到 2026-04-26
查询结果数量: 0
[DEBUG] get_valid_student_ids_for_management_page: 来源1=0, 来源2=29, 来源3=0, 来源4=29, 来源5=6, union_ids=29, 最终有效学生数=29
[DEBUG] get_valid_student_ids_for_management_page: 来源1=0, 来源2=29, 来源3=0, 来源4=29, 来源5=6, union_ids=29, 最终有效学生数=29
[DEBUG] get_valid_student_ids_for_management_page: 来源1=0, 来源2=29, 来源3=0, 来源4=29, 来源5=6, union_ids=29, 最终有效学生数=29
API查询: month=2026-04, week=3
日期范围: 2026-04-20 到 2026-04-26
查询结果数量: 0
[DEBUG] get_valid_student_ids_for_management_page: 来源1=0, 来源2=29, 来源3=0, 来源4=29, 来源5=6, union_ids=29, 最终有效学生数=29
[DEBUG] get_valid_student_ids_for_management_page: 来源1=0, 来源2=29, 来源3=0, 来源4=29, 来源5=6, union_ids=29, 最终有效学生数=29
[DEBUG] get_valid_student_ids_for_management_page: 来源1=0, 来源2=29, 来源3=0, 来源4=29, 来源5=6, union_ids=29, 最终有效学生数=29
API查询: month=2026-04, week=3
日期范围: 2026-04-20 到 2026-04-26
查询结果数量: 0
[DEBUG] get_valid_student_ids_for_management_page: 来源1=0, 来源2=29, 来源3=0, 来源4=29, 来源5=6, union_ids=29, 最终有效学生数=29
[DEBUG] get_valid_student_ids_for_management_page: 来源1=0, 来源2=29, 来源3=0, 来源4=29, 来源5=6, union_ids=29, 最终有效学生数=29
[DEBUG] get_valid_student_ids_for_management_page: 来源1=0, 来源2=29, 来源3=0, 来源4=29, 来源5=6, union_ids=29, 最终有效学生数=29
API查询: month=2026-04, week=2
日期范围: 2026-04-13 到 2026-04-19
查询结果数量: 1
第一条记录日期: 2026-04-14
[DEBUG] get_valid_student_ids_for_management_page: 来源1=0, 来源2=29, 来源3=0, 来源4=29, 来源5=6, union_ids=29, 最终有效学生数=29
[DEBUG] get_valid_student_ids_for_management_page: 来源1=0, 来源2=29, 来源3=0, 来源4=29, 来源5=6, union_ids=29, 最终有效学生数=29
[DEBUG] get_valid_student_ids_for_management_page: 来源1=0, 来源2=29, 来源3=0, 来源4=29, 来源5=6, union_ids=29, 最终有效学生数=29
API查询: month=2026-04, week=2
日期范围: 2026-04-13 到 2026-04-19
查询结果数量: 1
第一条记录日期: 2026-04-14
[DEBUG] get_valid_student_ids_for_management_page: 来源1=0, 来源2=29, 来源3=0, 来源4=29, 来源5=6, union_ids=29, 最终有效学生数=29
[DEBUG] get_valid_student_ids_for_management_page: 来源1=0, 来源2=29, 来源3=0, 来源4=29, 来源5=6, union_ids=29, 最终有效学生数=29
[DEBUG] get_valid_student_ids_for_management_page: 来源1=0, 来源2=29, 来源3=0, 来源4=29, 来源5=6, union_ids=29, 最终有效学生数=29
API查询: month=2026-04, week=3
日期范围: 2026-04-20 到 2026-04-26
查询结果数量: 0
[DEBUG] get_valid_student_ids_for_management_page: 来源1=0, 来源2=29, 来源3=0, 来源4=29, 来源5=6, union_ids=29, 最终有效学生数=29
[DEBUG] get_valid_student_ids_for_management_page: 来源1=0, 来源2=29, 来源3=0, 来源4=29, 来源5=6, union_ids=29, 最终有效学生数=29
[DEBUG] get_valid_student_ids_for_management_page: 来源1=0, 来源2=29, 来源3=0, 来源4=29, 来源5=6, union_ids=29, 最终有效学生数=29
API查询: month=2026-04, week=3
日期范围: 2026-04-20 到 2026-04-26
查询结果数量: 0
[DEBUG] get_valid_student_ids_for_management_page: 来源1=0, 来源2=29, 来源3=0, 来源4=29, 来源5=6, union_ids=29, 最终有效学生数=29
[DEBUG] get_valid_student_ids_for_management_page: 来源1=0, 来源2=29, 来源3=0, 来源4=29, 来源5=6, union_ids=29, 最终有效学生数=29
[DEBUG] get_valid_student_ids_for_management_page: 来源1=0, 来源2=29, 来源3=0, 来源4=29, 来源5=6, union_ids=29, 最终有效学生数=29
API查询: month=2026-03, week=3
日期范围: 2026-03-16 到 2026-03-22
查询结果数量: 1
第一条记录日期: 2026-03-18
[DEBUG] get_valid_student_ids_for_management_page: 来源1=0, 来源2=29, 来源3=0, 来源4=29, 来源5=6, union_ids=29, 最终有效学生数=29
[DEBUG] get_valid_student_ids_for_management_page: 来源1=0, 来源2=29, 来源3=0, 来源4=29, 来源5=6, union_ids=29, 最终有效学生数=29
[DEBUG] get_valid_student_ids_for_management_page: 来源1=0, 来源2=29, 来源3=0, 来源4=29, 来源5=6, union_ids=29, 最终有效学生数=29
API查询: month=2026-03, week=3
日期范围: 2026-03-16 到 2026-03-22
查询结果数量: 1
第一条记录日期: 2026-03-18
[DEBUG] all_courses API: 查询总数 = 0, 页码 = 1, 每页 = 20
[DEBUG] all_courses API: 查询总数 = 11, 页码 = 1, 每页 = 1000
[DEBUG] all_courses API: 返回课程数量 = 0
Stats request: month=2026-03, student_id=None, course_id=None
[DEBUG] all_courses API: 返回课程数量 = 11
[DEBUG] get_valid_student_ids_for_management_page: 来源1=0, 来源2=29, 来源3=0, 来源4=29, 来源5=6, union_ids=29, 最终有效学生数=29
[DEBUG] all_courses API: 转换后的数据示例（前3条）: 无数据
[DEBUG] get_valid_student_ids_for_management_page: 来源1=0, 来源2=29, 来源3=0, 来源4=29, 来源5=6, union_ids=29, 最终有效学生数=29
[DEBUG] get_valid_student_ids_for_management_page: 来源1=0, 来源2=29, 来源3=0, 来源4=29, 来源5=6, union_ids=29, 最终有效学生数=29
[DEBUG] all_courses API: 转换后的数据示例（前3条）: [{'id': 1, 'student_id': 33, 'marketing_lead_id': None, 'student_name': '赖姝彤', 'grade': '初二', 'course_id': 1, 'course_name': '数学1v1', 'subject': '数学', 'teacher_id': 9, 'teacher_name': '彭老师', 'course_date': '2026-02-09', 'weekday': '周一', 'time_slot': '8:10-9:30', 'classroom': 'A1', 'notes': None, 'status': '正常', 'trial_status': None, 'is_confirmed': True, 'created_at': '2026-02-09 13:51:27'}, {'id': 4, 'student_id': 8, 'marketing_lead_id': None, 'student_name': '钟荣睿', 'grade': '初一', 'course_id': 1, 'course_name': '数学1v1', 'subject': '数学', 'teacher_id': 9, 'teacher_name': '彭老师', 'course_date': '2026-02-09', 'weekday': '周一', 'time_slot': '14:10-15:30', 'classroom': 'A2', 'notes': None, 'status': '正常', 'trial_status': None, 'is_confirmed': True, 'created_at': '2026-02-09 14:09:35'}, {'id': 3, 'student_id': 30, 'marketing_lead_id': None, 'student_name': '黄子轩', 'grade': '高三', 'course_id': 1, 'course_name': '数学1v1', 'subject': '数学', 'teacher_id': 9, 'teacher_name': '彭老师', 'course_date': '2026-02-10', 'weekday': '周二', 'time_slot': '17:10-18:30', 'classroom': 'A3', 'notes': None, 'status': '正常', 'trial_status': None, 'is_confirmed': True, 'created_at': '2026-02-09 13:55:27'}]
Stats request: month=2026-03, student_id=None, course_id=None
[DEBUG] get_valid_student_ids_for_management_page: 来源1=0, 来源2=29, 来源3=0, 来源4=29, 来源5=6, union_ids=29, 最终有效学生数=29
[DEBUG] all_courses API: 查询总数 = 0, 页码 = 1, 每页 = 20
Stats request: month=2026-03, student_id=None, course_id=None
[DEBUG] all_courses API: 返回课程数量 = 0
[DEBUG] all_courses API: 查询总数 = 11, 页码 = 1, 每页 = 1000
[DEBUG] all_courses API: 返回课程数量 = 11
[DEBUG] get_valid_student_ids_for_management_page: 来源1=0, 来源2=29, 来源3=0, 来源4=29, 来源5=6, union_ids=29, 最终有效学生数=29
[DEBUG] get_valid_student_ids_for_management_page: 来源1=0, 来源2=29, 来源3=0, 来源4=29, 来源5=6, union_ids=29, 最终有效学生数=29
[DEBUG] all_courses API: 转换后的数据示例（前3条）: [{'id': 1, 'student_id': 33, 'marketing_lead_id': None, 'student_name': '赖姝彤', 'grade': '初二', 'course_id': 1, 'course_name': '数学1v1', 'subject': '数学', 'teacher_id': 9, 'teacher_name': '彭老师', 'course_date': '2026-02-09', 'weekday': '周一', 'time_slot': '8:10-9:30', 'classroom': 'A1', 'notes': None, 'status': '正常', 'trial_status': None, 'is_confirmed': True, 'created_at': '2026-02-09 13:51:27'}, {'id': 4, 'student_id': 8, 'marketing_lead_id': None, 'student_name': '钟荣睿', 'grade': '初一', 'course_id': 1, 'course_name': '数学1v1', 'subject': '数学', 'teacher_id': 9, 'teacher_name': '彭老师', 'course_date': '2026-02-09', 'weekday': '周一', 'time_slot': '14:10-15:30', 'classroom': 'A2', 'notes': None, 'status': '正常', 'trial_status': None, 'is_confirmed': True, 'created_at': '2026-02-09 14:09:35'}, {'id': 3, 'student_id': 30, 'marketing_lead_id': None, 'student_name': '黄子轩', 'grade': '高三', 'course_id': 1, 'course_name': '数学1v1', 'subject': '数学', 'teacher_id': 9, 'teacher_name': '彭老师', 'course_date': '2026-02-10', 'weekday': '周二', 'time_slot': '17:10-18:30', 'classroom': 'A3', 'notes': None, 'status': '正常', 'trial_status': None, 'is_confirmed': True, 'created_at': '2026-02-09 13:55:27'}]
[DEBUG] get_valid_student_ids_for_management_page: 来源1=0, 来源2=29, 来源3=0, 来源4=29, 来源5=6, union_ids=29, 最终有效学生数=29
[DEBUG] all_courses API: 转换后的数据示例（前3条）: 无数据
Stats request: month=2026-03, student_id=None, course_id=None
[DEBUG] get_valid_student_ids_for_management_page: 来源1=0, 来源2=29, 来源3=0, 来源4=29, 来源5=6, union_ids=29, 最终有效学生数=29
[DEBUG] all_courses API: 查询总数 = 0, 页码 = 1, 每页 = 20
[DEBUG] all_courses API: 返回课程数量 = 0
[DEBUG] all_courses API: 查询总数 = 11, 页码 = 1, 每页 = 1000
[DEBUG] all_courses API: 返回课程数量 = 11
[DEBUG] get_valid_student_ids_for_management_page: 来源1=0, 来源2=29, 来源3=0, 来源4=29, 来源5=6, union_ids=29, 最终有效学生数=29
[DEBUG] all_courses API: 转换后的数据示例（前3条）: 无数据
[DEBUG] get_valid_student_ids_for_management_page: 来源1=0, 来源2=29, 来源3=0, 来源4=29, 来源5=6, union_ids=29, 最终有效学生数=29
[DEBUG] all_courses API: 转换后的数据示例（前3条）: [{'id': 1, 'student_id': 33, 'marketing_lead_id': None, 'student_name': '赖姝彤', 'grade': '初二', 'course_id': 1, 'course_name': '数学1v1', 'subject': '数学', 'teacher_id': 9, 'teacher_name': '彭老师', 'course_date': '2026-02-09', 'weekday': '周一', 'time_slot': '8:10-9:30', 'classroom': 'A1', 'notes': None, 'status': '正常', 'trial_status': None, 'is_confirmed': True, 'created_at': '2026-02-09 13:51:27'}, {'id': 4, 'student_id': 8, 'marketing_lead_id': None, 'student_name': '钟荣睿', 'grade': '初一', 'course_id': 1, 'course_name': '数学1v1', 'subject': '数学', 'teacher_id': 9, 'teacher_name': '彭老师', 'course_date': '2026-02-09', 'weekday': '周一', 'time_slot': '14:10-15:30', 'classroom': 'A2', 'notes': None, 'status': '正常', 'trial_status': None, 'is_confirmed': True, 'created_at': '2026-02-09 14:09:35'}, {'id': 3, 'student_id': 30, 'marketing_lead_id': None, 'student_name': '黄子轩', 'grade': '高三', 'course_id': 1, 'course_name': '数学1v1', 'subject': '数学', 'teacher_id': 9, 'teacher_name': '彭老师', 'course_date': '2026-02-10', 'weekday': '周二', 'time_slot': '17:10-18:30', 'classroom': 'A3', 'notes': None, 'status': '正常', 'trial_status': None, 'is_confirmed': True, 'created_at': '2026-02-09 13:55:27'}]
Stats request: month=2026-03, student_id=None, course_id=None
[DEBUG] get_valid_student_ids_for_management_page: 来源1=0, 来源2=29, 来源3=0, 来源4=29, 来源5=6, union_ids=29, 最终有效学生数=29
[DEBUG] all_courses API: 查询总数 = 11, 页码 = 1, 每页 = 20
[DEBUG] all_courses API: 返回课程数量 = 11
Stats request: month=2026-03, student_id=None, course_id=None
[DEBUG] get_valid_student_ids_for_management_page: 来源1=0, 来源2=29, 来源3=0, 来源4=29, 来源5=6, union_ids=29, 最终有效学生数=29
[DEBUG] get_valid_student_ids_for_management_page: 来源1=0, 来源2=29, 来源3=0, 来源4=29, 来源5=6, union_ids=29, 最终有效学生数=29
[DEBUG] all_courses API: 转换后的数据示例（前3条）: [{'id': 1, 'student_id': 33, 'marketing_lead_id': None, 'student_name': '赖姝彤', 'grade': '初二', 'course_id': 1, 'course_name': '数学1v1', 'subject': '数学', 'teacher_id': 9, 'teacher_name': '彭老师', 'course_date': '2026-02-09', 'weekday': '周一', 'time_slot': '8:10-9:30', 'classroom': 'A1', 'notes': None, 'status': '正常', 'trial_status': None, 'is_confirmed': True, 'created_at': '2026-02-09 13:51:27'}, {'id': 4, 'student_id': 8, 'marketing_lead_id': None, 'student_name': '钟荣睿', 'grade': '初一', 'course_id': 1, 'course_name': '数学1v1', 'subject': '数学', 'teacher_id': 9, 'teacher_name': '彭老师', 'course_date': '2026-02-09', 'weekday': '周一', 'time_slot': '14:10-15:30', 'classroom': 'A2', 'notes': None, 'status': '正常', 'trial_status': None, 'is_confirmed': True, 'created_at': '2026-02-09 14:09:35'}, {'id': 3, 'student_id': 30, 'marketing_lead_id': None, 'student_name': '黄子轩', 'grade': '高三', 'course_id': 1, 'course_name': '数学1v1', 'subject': '数学', 'teacher_id': 9, 'teacher_name': '彭老师', 'course_date': '2026-02-10', 'weekday': '周二', 'time_slot': '17:10-18:30', 'classroom': 'A3', 'notes': None, 'status': '正常', 'trial_status': None, 'is_confirmed': True, 'created_at': '2026-02-09 13:55:27'}]
Stats request: month=2026-03, student_id=None, course_id=None
[DEBUG] get_valid_student_ids_for_management_page: 来源1=0, 来源2=29, 来源3=0, 来源4=29, 来源5=6, union_ids=29, 最终有效学生数=29
Stats request: month=2026-03, student_id=None, course_id=None
[DEBUG] get_valid_student_ids_for_management_page: 来源1=0, 来源2=29, 来源3=0, 来源4=29, 来源5=6, union_ids=29, 最终有效学生数=29
[DEBUG] all_courses API: 查询总数 = 11, 页码 = 1, 每页 = 20
[DEBUG] all_courses API: 返回课程数量 = 11
Stats request: month=2026-03, student_id=None, course_id=None
[DEBUG] all_courses API: 查询总数 = 11, 页码 = 1, 每页 = 20
[DEBUG] all_courses API: 返回课程数量 = 11
[DEBUG] get_valid_student_ids_for_management_page: 来源1=0, 来源2=29, 来源3=0, 来源4=29, 来源5=6, union_ids=29, 最终有效学生数=29
[DEBUG] all_courses API: 转换后的数据示例（前3条）: [{'id': 1, 'student_id': 33, 'marketing_lead_id': None, 'student_name': '赖姝彤', 'grade': '初二', 'course_id': 1, 'course_name': '数学1v1', 'subject': '数学', 'teacher_id': 9, 'teacher_name': '彭老师', 'course_date': '2026-02-09', 'weekday': '周一', 'time_slot': '8:10-9:30', 'classroom': 'A1', 'notes': None, 'status': '正常', 'trial_status': None, 'is_confirmed': True, 'created_at': '2026-02-09 13:51:27'}, {'id': 4, 'student_id': 8, 'marketing_lead_id': None, 'student_name': '钟荣睿', 'grade': '初一', 'course_id': 1, 'course_name': '数学1v1', 'subject': '数学', 'teacher_id': 9, 'teacher_name': '彭老师', 'course_date': '2026-02-09', 'weekday': '周一', 'time_slot': '14:10-15:30', 'classroom': 'A2', 'notes': None, 'status': '正常', 'trial_status': None, 'is_confirmed': True, 'created_at': '2026-02-09 14:09:35'}, {'id': 3, 'student_id': 30, 'marketing_lead_id': None, 'student_name': '黄子轩', 'grade': '高三', 'course_id': 1, 'course_name': '数学1v1', 'subject': '数学', 'teacher_id': 9, 'teacher_name': '彭老师', 'course_date': '2026-02-10', 'weekday': '周二', 'time_slot': '17:10-18:30', 'classroom': 'A3', 'notes': None, 'status': '正常', 'trial_status': None, 'is_confirmed': True, 'created_at': '2026-02-09 13:55:27'}]
[DEBUG] get_valid_student_ids_for_management_page: 来源1=0, 来源2=29, 来源3=0, 来源4=29, 来源5=6, union_ids=29, 最终有效学生数=29
[DEBUG] all_courses API: 转换后的数据示例（前3条）: [{'id': 1, 'student_id': 33, 'marketing_lead_id': None, 'student_name': '赖姝彤', 'grade': '初二', 'course_id': 1, 'course_name': '数学1v1', 'subject': '数学', 'teacher_id': 9, 'teacher_name': '彭老师', 'course_date': '2026-02-09', 'weekday': '周一', 'time_slot': '8:10-9:30', 'classroom': 'A1', 'notes': None, 'status': '正常', 'trial_status': None, 'is_confirmed': True, 'created_at': '2026-02-09 13:51:27'}, {'id': 4, 'student_id': 8, 'marketing_lead_id': None, 'student_name': '钟荣睿', 'grade': '初一', 'course_id': 1, 'course_name': '数学1v1', 'subject': '数学', 'teacher_id': 9, 'teacher_name': '彭老师', 'course_date': '2026-02-09', 'weekday': '周一', 'time_slot': '14:10-15:30', 'classroom': 'A2', 'notes': None, 'status': '正常', 'trial_status': None, 'is_confirmed': True, 'created_at': '2026-02-09 14:09:35'}, {'id': 3, 'student_id': 30, 'marketing_lead_id': None, 'student_name': '黄子轩', 'grade': '高三', 'course_id': 1, 'course_name': '数学1v1', 'subject': '数学', 'teacher_id': 9, 'teacher_name': '彭老师', 'course_date': '2026-02-10', 'weekday': '周二', 'time_slot': '17:10-18:30', 'classroom': 'A3', 'notes': None, 'status': '正常', 'trial_status': None, 'is_confirmed': True, 'created_at': '2026-02-09 13:55:27'}]
[DEBUG] get_valid_student_ids_for_management_page: 来源1=0, 来源2=29, 来源3=0, 来源4=29, 来源5=6, union_ids=29, 最终有效学生数=29
Stats request: month=2026-03, student_id=None, course_id=None
[DEBUG] get_valid_student_ids_for_management_page: 来源1=0, 来源2=29, 来源3=0, 来源4=29, 来源5=6, union_ids=29, 最终有效学生数=29
Stats request: month=2026-03, student_id=None, course_id=None
[DEBUG] get_valid_student_ids_for_management_page: 来源1=0, 来源2=29, 来源3=0, 来源4=29, 来源5=6, union_ids=29, 最终有效学生数=29
Stats request: month=2026-03, student_id=None, course_id=None
[DEBUG] get_valid_student_ids_for_management_page: 来源1=0, 来源2=29, 来源3=0, 来源4=29, 来源5=6, union_ids=29, 最终有效学生数=29
Stats request: month=2026-03, student_id=None, course_id=None
[DEBUG] get_valid_student_ids_for_management_page: 来源1=0, 来源2=29, 来源3=0, 来源4=29, 来源5=6, union_ids=29, 最终有效学生数=29
Stats request: month=2026-03, student_id=None, course_id=None
[DEBUG] get_valid_student_ids_for_management_page: 来源1=0, 来源2=29, 来源3=0, 来源4=29, 来源5=6, union_ids=29, 最终有效学生数=29
Stats request: month=2026-03, student_id=None, course_id=None
[DEBUG] get_valid_student_ids_for_management_page: 来源1=0, 来源2=29, 来源3=0, 来源4=29, 来源5=6, union_ids=29, 最终有效学生数=29
Stats request: month=2026-03, student_id=None, course_id=None
[DEBUG] get_valid_student_ids_for_management_page: 来源1=0, 来源2=29, 来源3=0, 来源4=29, 来源5=6, union_ids=29, 最终有效学生数=29
Stats request: month=2026-03, student_id=None, course_id=None
[DEBUG] get_valid_student_ids_for_management_page: 来源1=0, 来源2=29, 来源3=0, 来源4=29, 来源5=6, union_ids=29, 最终有效学生数=29
Stats request: month=2026-03, student_id=None, course_id=None
[DEBUG] get_valid_student_ids_for_management_page: 来源1=0, 来源2=29, 来源3=0, 来源4=29, 来源5=6, union_ids=29, 最终有效学生数=29
Stats request: month=2026-03, student_id=None, course_id=None
[DEBUG] get_valid_student_ids_for_management_page: 来源1=0, 来源2=29, 来源3=0, 来源4=29, 来源5=6, union_ids=29, 最终有效学生数=29
Stats request: month=2026-03, student_id=None, course_id=None
[DEBUG] get_valid_student_ids_for_management_page: 来源1=0, 来源2=29, 来源3=0, 来源4=29, 来源5=6, union_ids=29, 最终有效学生数=29
[DEBUG] all_courses API: 查询总数 = 0, 页码 = 1, 每页 = 20
[DEBUG] all_courses API: 返回课程数量 = 0
[DEBUG] get_valid_student_ids_for_management_page: 来源1=0, 来源2=29, 来源3=0, 来源4=29, 来源5=6, union_ids=29, 最终有效学生数=29
[DEBUG] all_courses API: 转换后的数据示例（前3条）: 无数据
[DEBUG] all_courses API: 查询总数 = 3, 页码 = 1, 每页 = 20
[DEBUG] all_courses API: 返回课程数量 = 3
[DEBUG] get_valid_student_ids_for_management_page: 来源1=0, 来源2=29, 来源3=0, 来源4=29, 来源5=6, union_ids=29, 最终有效学生数=29
[DEBUG] all_courses API: 转换后的数据示例（前3条）: [{'id': 8, 'student_id': 33, 'marketing_lead_id': None, 'student_name': '赖姝彤', 'grade': '初二', 'course_id': 2, 'course_name': '数学1v2', 'subject': '数学', 'teacher_id': 9, 'teacher_name': '彭艳娇', 'course_date': '2026-03-18', 'weekday': '周三', 'time_slot': '11:10-12:30', 'classroom': 'A3', 'notes': None, 'status': '正常', 'trial_status': None, 'is_confirmed': True, 'created_at': '2026-03-22 15:30:41'}, {'id': 10, 'student_id': 33, 'marketing_lead_id': None, 'student_name': '赖姝彤', 'grade': '初二', 'course_id': 2, 'course_name': '数学1v2', 'subject': '数学', 'teacher_id': 12, 'teacher_name': '林安丽', 'course_date': '2026-03-24', 'weekday': '周二', 'time_slot': '8:10-9:30', 'classroom': 'A7', 'notes': None, 'status': '正常', 'trial_status': None, 'is_confirmed': True, 'created_at': '2026-03-22 15:45:17'}, {'id': 6, 'student_id': 22, 'marketing_lead_id': None, 'student_name': '宋泓萱', 'grade': '高三', 'course_id': 1, 'course_name': '数学1v1', 'subject': '数学', 'teacher_id': 6, 'teacher_name': '叶老师', 'course_date': '2026-03-28', 'weekday': '周六', 'time_slot': '18:40-20:00', 'classroom': 'A2', 'notes': '18:10-19:30', 'status': '正常', 'trial_status': None, 'is_confirmed': True, 'created_at': '2026-03-22 15:03:18'}]
[DEBUG] all_courses API: 查询总数 = 5, 页码 = 1, 每页 = 20
[DEBUG] all_courses API: 返回课程数量 = 5
[DEBUG] get_valid_student_ids_for_management_page: 来源1=0, 来源2=29, 来源3=0, 来源4=29, 来源5=6, union_ids=29, 最终有效学生数=29
[DEBUG] all_courses API: 转换后的数据示例（前3条）: [{'id': 1, 'student_id': 33, 'marketing_lead_id': None, 'student_name': '赖姝彤', 'grade': '初二', 'course_id': 1, 'course_name': '数学1v1', 'subject': '数学', 'teacher_id': 9, 'teacher_name': '彭老师', 'course_date': '2026-02-09', 'weekday': '周一', 'time_slot': '8:10-9:30', 'classroom': 'A1', 'notes': None, 'status': '正常', 'trial_status': None, 'is_confirmed': True, 'created_at': '2026-02-09 13:51:27'}, {'id': 4, 'student_id': 8, 'marketing_lead_id': None, 'student_name': '钟荣睿', 'grade': '初一', 'course_id': 1, 'course_name': '数学1v1', 'subject': '数学', 'teacher_id': 9, 'teacher_name': '彭老师', 'course_date': '2026-02-09', 'weekday': '周一', 'time_slot': '14:10-15:30', 'classroom': 'A2', 'notes': None, 'status': '正常', 'trial_status': None, 'is_confirmed': True, 'created_at': '2026-02-09 14:09:35'}, {'id': 3, 'student_id': 30, 'marketing_lead_id': None, 'student_name': '黄子轩', 'grade': '高三', 'course_id': 1, 'course_name': '数学1v1', 'subject': '数学', 'teacher_id': 9, 'teacher_name': '彭老师', 'course_date': '2026-02-10', 'weekday': '周二', 'time_slot': '17:10-18:30', 'classroom': 'A3', 'notes': None, 'status': '正常', 'trial_status': None, 'is_confirmed': True, 'created_at': '2026-02-09 13:55:27'}]
[调试] scope_leads=True, 但 filter_trial_lead_ids 为空，返回全部试课排课
[调试] 查询结果数量: 0
2026-03-22 16:32:53 - app - INFO - 日志系统初始化完成
2026-03-22 16:32:55 - app - INFO - 应用初始化完成，配置: default
 * Debugger is active!
学生表的excluded_from_scheduling字段已存在
学生表的默认上课时段字段已存在
学生表的默认上课星期字段已存在
学生表的source字段已存在
学生课程默认排课设置表已存在
教师表的status字段已存在
教师表的employment_type字段已存在
教师表的bio字段已存在
教师表的resume_path字段已存在
教师表的resume_filename字段已存在
学生课程表的时段字段已存在
学生课程表的教室字段已存在
学生课程表的试课状态字段已存在
学生课程表的备注字段已存在
课时统计表结构正常
缴费表的type字段已存在
老师课时表的incentive字段已存在
老师课时表的remark字段已存在
老师课时表的base_salary字段已存在
老师课时表的is_settled字段已存在
老师课时表的settled_at字段已存在
财务记录表的revenue_mode字段已存在
课时统计表的course_id字段已存在
老师课时表的course_id字段已存在
学生课程表的is_confirmed字段已存在
学生课程表的marketing_lead_id字段已存在
教师简历表已存在
用户权限表已存在
用户权限表的功能权限字段已存在
学生课程默认排课设置表已存在
学生课程默认排课设置表的 scheduling_paused 字段已存在
学生课程默认排课设置表的 default_teacher_id 字段已存在
学生课程默认排课设置表的 default_classroom 字段已存在
用户表的session_token字段已存在
营销线索表的 trial_status 字段已存在
学生表的 scheduling_paused 字段已存在
使用端口: 5000
教务管理系统后端API启动成功！
Debug模式: 已启用
API地址: http://localhost:5000
前端开发服务器: http://localhost:3000
2026-03-22 16:33:15 - app - INFO - 日志系统初始化完成
2026-03-22 16:33:17 - app - INFO - 应用初始化完成，配置: default
 * Debugger is active!
学生表的excluded_from_scheduling字段已存在
学生表的默认上课时段字段已存在
学生表的默认上课星期字段已存在
学生表的source字段已存在
学生课程默认排课设置表已存在
教师表的status字段已存在
教师表的employment_type字段已存在
教师表的bio字段已存在
教师表的resume_path字段已存在
教师表的resume_filename字段已存在
学生课程表的时段字段已存在
学生课程表的教室字段已存在
学生课程表的试课状态字段已存在
学生课程表的备注字段已存在
课时统计表结构正常
缴费表的type字段已存在
老师课时表的incentive字段已存在
老师课时表的remark字段已存在
老师课时表的base_salary字段已存在
老师课时表的is_settled字段已存在
老师课时表的settled_at字段已存在
财务记录表的revenue_mode字段已存在
课时统计表的course_id字段已存在
老师课时表的course_id字段已存在
学生课程表的is_confirmed字段已存在
学生课程表的marketing_lead_id字段已存在
教师简历表已存在
用户权限表已存在
用户权限表的功能权限字段已存在
学生课程默认排课设置表已存在
学生课程默认排课设置表的 scheduling_paused 字段已存在
学生课程默认排课设置表的 default_teacher_id 字段已存在
学生课程默认排课设置表的 default_classroom 字段已存在
用户表的session_token字段已存在
营销线索表的 trial_status 字段已存在
学生表的 scheduling_paused 字段已存在
使用端口: 5000
教务管理系统后端API启动成功！
Debug模式: 已启用
API地址: http://localhost:5000
前端开发服务器: http://localhost:3000
2026-03-22 16:33:19 - app - INFO - 日志系统初始化完成
2026-03-22 16:33:20 - app - INFO - 应用初始化完成，配置: default
 * Debugger is active!
学生表的excluded_from_scheduling字段已存在
学生表的默认上课时段字段已存在
学生表的默认上课星期字段已存在
学生表的source字段已存在
学生课程默认排课设置表已存在
教师表的status字段已存在
教师表的employment_type字段已存在
教师表的bio字段已存在
教师表的resume_path字段已存在
教师表的resume_filename字段已存在
学生课程表的时段字段已存在
学生课程表的教室字段已存在
学生课程表的试课状态字段已存在
学生课程表的备注字段已存在
课时统计表结构正常
缴费表的type字段已存在
老师课时表的incentive字段已存在
老师课时表的remark字段已存在
老师课时表的base_salary字段已存在
老师课时表的is_settled字段已存在
老师课时表的settled_at字段已存在
财务记录表的revenue_mode字段已存在
已为教师课程成本表添加 status 字段（启用/停用）
课时统计表的course_id字段已存在
老师课时表的course_id字段已存在
学生课程表的is_confirmed字段已存在
学生课程表的marketing_lead_id字段已存在
教师简历表已存在
用户权限表已存在
用户权限表的功能权限字段已存在
学生课程默认排课设置表已存在
学生课程默认排课设置表的 scheduling_paused 字段已存在
学生课程默认排课设置表的 default_teacher_id 字段已存在
学生课程默认排课设置表的 default_classroom 字段已存在
用户表的session_token字段已存在
营销线索表的 trial_status 字段已存在
学生表的 scheduling_paused 字段已存在
使用端口: 5000
教务管理系统后端API启动成功！
Debug模式: 已启用
API地址: http://localhost:5000
前端开发服务器: http://localhost:3000
2026-03-22 16:33:22 - app - INFO - 日志系统初始化完成
2026-03-22 16:33:23 - app - INFO - 应用初始化完成，配置: default
 * Debugger is active!
学生表的excluded_from_scheduling字段已存在
学生表的默认上课时段字段已存在
学生表的默认上课星期字段已存在
学生表的source字段已存在
学生课程默认排课设置表已存在
教师表的status字段已存在
教师表的employment_type字段已存在
教师表的bio字段已存在
教师表的resume_path字段已存在
教师表的resume_filename字段已存在
学生课程表的时段字段已存在
学生课程表的教室字段已存在
学生课程表的试课状态字段已存在
学生课程表的备注字段已存在
课时统计表结构正常
缴费表的type字段已存在
老师课时表的incentive字段已存在
老师课时表的remark字段已存在
老师课时表的base_salary字段已存在
老师课时表的is_settled字段已存在
老师课时表的settled_at字段已存在
财务记录表的revenue_mode字段已存在
课时统计表的course_id字段已存在
老师课时表的course_id字段已存在
学生课程表的is_confirmed字段已存在
学生课程表的marketing_lead_id字段已存在
教师简历表已存在
用户权限表已存在
用户权限表的功能权限字段已存在
学生课程默认排课设置表已存在
学生课程默认排课设置表的 scheduling_paused 字段已存在
学生课程默认排课设置表的 default_teacher_id 字段已存在
学生课程默认排课设置表的 default_classroom 字段已存在
用户表的session_token字段已存在
营销线索表的 trial_status 字段已存在
学生表的 scheduling_paused 字段已存在
使用端口: 5000
教务管理系统后端API启动成功！
Debug模式: 已启用
API地址: http://localhost:5000
前端开发服务器: http://localhost:3000
2026-03-22 16:33:26 - app - INFO - 日志系统初始化完成
2026-03-22 16:33:27 - app - INFO - 应用初始化完成，配置: default
 * Debugger is active!
学生表的excluded_from_scheduling字段已存在
学生表的默认上课时段字段已存在
学生表的默认上课星期字段已存在
学生表的source字段已存在
学生课程默认排课设置表已存在
教师表的status字段已存在
教师表的employment_type字段已存在
教师表的bio字段已存在
教师表的resume_path字段已存在
教师表的resume_filename字段已存在
学生课程表的时段字段已存在
学生课程表的教室字段已存在
学生课程表的试课状态字段已存在
学生课程表的备注字段已存在
课时统计表结构正常
缴费表的type字段已存在
老师课时表的incentive字段已存在
老师课时表的remark字段已存在
老师课时表的base_salary字段已存在
老师课时表的is_settled字段已存在
老师课时表的settled_at字段已存在
财务记录表的revenue_mode字段已存在
课时统计表的course_id字段已存在
老师课时表的course_id字段已存在
学生课程表的is_confirmed字段已存在
学生课程表的marketing_lead_id字段已存在
教师简历表已存在
用户权限表已存在
用户权限表的功能权限字段已存在
学生课程默认排课设置表已存在
学生课程默认排课设置表的 scheduling_paused 字段已存在
学生课程默认排课设置表的 default_teacher_id 字段已存在
学生课程默认排课设置表的 default_classroom 字段已存在
用户表的session_token字段已存在
营销线索表的 trial_status 字段已存在
学生表的 scheduling_paused 字段已存在
使用端口: 5000
教务管理系统后端API启动成功！
Debug模式: 已启用
API地址: http://localhost:5000
前端开发服务器: http://localhost:3000
2026-03-22 16:33:38 - app - INFO - 日志系统初始化完成
2026-03-22 16:33:39 - app - INFO - 应用初始化完成，配置: default
 * Debugger is active!
学生表的excluded_from_scheduling字段已存在
学生表的默认上课时段字段已存在
学生表的默认上课星期字段已存在
学生表的source字段已存在
学生课程默认排课设置表已存在
教师表的status字段已存在
教师表的employment_type字段已存在
教师表的bio字段已存在
教师表的resume_path字段已存在
教师表的resume_filename字段已存在
学生课程表的时段字段已存在
学生课程表的教室字段已存在
学生课程表的试课状态字段已存在
学生课程表的备注字段已存在
课时统计表结构正常
缴费表的type字段已存在
老师课时表的incentive字段已存在
老师课时表的remark字段已存在
老师课时表的base_salary字段已存在
老师课时表的is_settled字段已存在
老师课时表的settled_at字段已存在
财务记录表的revenue_mode字段已存在
课时统计表的course_id字段已存在
老师课时表的course_id字段已存在
学生课程表的is_confirmed字段已存在
学生课程表的marketing_lead_id字段已存在
教师简历表已存在
用户权限表已存在
用户权限表的功能权限字段已存在
学生课程默认排课设置表已存在
学生课程默认排课设置表的 scheduling_paused 字段已存在
学生课程默认排课设置表的 default_teacher_id 字段已存在
学生课程默认排课设置表的 default_classroom 字段已存在
用户表的session_token字段已存在
营销线索表的 trial_status 字段已存在
学生表的 scheduling_paused 字段已存在
使用端口: 5000
教务管理系统后端API启动成功！
Debug模式: 已启用
API地址: http://localhost:5000
前端开发服务器: http://localhost:3000
2026-03-22 16:33:43 - app - INFO - 日志系统初始化完成
2026-03-22 16:33:44 - app - INFO - 应用初始化完成，配置: default
 * Debugger is active!
学生表的excluded_from_scheduling字段已存在
学生表的默认上课时段字段已存在
学生表的默认上课星期字段已存在
学生表的source字段已存在
学生课程默认排课设置表已存在
教师表的status字段已存在
教师表的employment_type字段已存在
教师表的bio字段已存在
教师表的resume_path字段已存在
教师表的resume_filename字段已存在
学生课程表的时段字段已存在
学生课程表的教室字段已存在
学生课程表的试课状态字段已存在
学生课程表的备注字段已存在
课时统计表结构正常
缴费表的type字段已存在
老师课时表的incentive字段已存在
老师课时表的remark字段已存在
老师课时表的base_salary字段已存在
老师课时表的is_settled字段已存在
老师课时表的settled_at字段已存在
财务记录表的revenue_mode字段已存在
课时统计表的course_id字段已存在
老师课时表的course_id字段已存在
学生课程表的is_confirmed字段已存在
学生课程表的marketing_lead_id字段已存在
教师简历表已存在
用户权限表已存在
用户权限表的功能权限字段已存在
学生课程默认排课设置表已存在
学生课程默认排课设置表的 scheduling_paused 字段已存在
学生课程默认排课设置表的 default_teacher_id 字段已存在
学生课程默认排课设置表的 default_classroom 字段已存在
用户表的session_token字段已存在
营销线索表的 trial_status 字段已存在
学生表的 scheduling_paused 字段已存在
使用端口: 5000
教务管理系统后端API启动成功！
Debug模式: 已启用
API地址: http://localhost:5000
前端开发服务器: http://localhost:3000
2026-03-22 16:33:50 - app - INFO - 日志系统初始化完成
2026-03-22 16:33:51 - app - INFO - 应用初始化完成，配置: default
 * Debugger is active!
学生表的excluded_from_scheduling字段已存在
学生表的默认上课时段字段已存在
学生表的默认上课星期字段已存在
学生表的source字段已存在
学生课程默认排课设置表已存在
教师表的status字段已存在
教师表的employment_type字段已存在
教师表的bio字段已存在
教师表的resume_path字段已存在
教师表的resume_filename字段已存在
学生课程表的时段字段已存在
学生课程表的教室字段已存在
学生课程表的试课状态字段已存在
学生课程表的备注字段已存在
课时统计表结构正常
缴费表的type字段已存在
老师课时表的incentive字段已存在
老师课时表的remark字段已存在
老师课时表的base_salary字段已存在
老师课时表的is_settled字段已存在
老师课时表的settled_at字段已存在
财务记录表的revenue_mode字段已存在
课时统计表的course_id字段已存在
老师课时表的course_id字段已存在
学生课程表的is_confirmed字段已存在
学生课程表的marketing_lead_id字段已存在
教师简历表已存在
用户权限表已存在
用户权限表的功能权限字段已存在
学生课程默认排课设置表已存在
学生课程默认排课设置表的 scheduling_paused 字段已存在
学生课程默认排课设置表的 default_teacher_id 字段已存在
学生课程默认排课设置表的 default_classroom 字段已存在
用户表的session_token字段已存在
营销线索表的 trial_status 字段已存在
学生表的 scheduling_paused 字段已存在
使用端口: 5000
教务管理系统后端API启动成功！
Debug模式: 已启用
API地址: http://localhost:5000
前端开发服务器: http://localhost:3000
2026-03-22 16:33:54 - app - INFO - 日志系统初始化完成
2026-03-22 16:33:55 - app - INFO - 应用初始化完成，配置: default
 * Debugger is active!
学生表的excluded_from_scheduling字段已存在
学生表的默认上课时段字段已存在
学生表的默认上课星期字段已存在
学生表的source字段已存在
学生课程默认排课设置表已存在
教师表的status字段已存在
教师表的employment_type字段已存在
教师表的bio字段已存在
教师表的resume_path字段已存在
教师表的resume_filename字段已存在
学生课程表的时段字段已存在
学生课程表的教室字段已存在
学生课程表的试课状态字段已存在
学生课程表的备注字段已存在
课时统计表结构正常
缴费表的type字段已存在
老师课时表的incentive字段已存在
老师课时表的remark字段已存在
老师课时表的base_salary字段已存在
老师课时表的is_settled字段已存在
老师课时表的settled_at字段已存在
财务记录表的revenue_mode字段已存在
课时统计表的course_id字段已存在
老师课时表的course_id字段已存在
学生课程表的is_confirmed字段已存在
学生课程表的marketing_lead_id字段已存在
教师简历表已存在
用户权限表已存在
用户权限表的功能权限字段已存在
学生课程默认排课设置表已存在
学生课程默认排课设置表的 scheduling_paused 字段已存在
学生课程默认排课设置表的 default_teacher_id 字段已存在
学生课程默认排课设置表的 default_classroom 字段已存在
用户表的session_token字段已存在
营销线索表的 trial_status 字段已存在
学生表的 scheduling_paused 字段已存在
使用端口: 5000
教务管理系统后端API启动成功！
Debug模式: 已启用
API地址: http://localhost:5000
前端开发服务器: http://localhost:3000
2026-03-22 16:33:58 - app - INFO - 日志系统初始化完成
2026-03-22 16:33:58 - app - INFO - 应用初始化完成，配置: default
 * Debugger is active!
学生表的excluded_from_scheduling字段已存在
学生表的默认上课时段字段已存在
学生表的默认上课星期字段已存在
学生表的source字段已存在
学生课程默认排课设置表已存在
教师表的status字段已存在
教师表的employment_type字段已存在
教师表的bio字段已存在
教师表的resume_path字段已存在
教师表的resume_filename字段已存在
学生课程表的时段字段已存在
学生课程表的教室字段已存在
学生课程表的试课状态字段已存在
学生课程表的备注字段已存在
课时统计表结构正常
缴费表的type字段已存在
老师课时表的incentive字段已存在
老师课时表的remark字段已存在
老师课时表的base_salary字段已存在
老师课时表的is_settled字段已存在
老师课时表的settled_at字段已存在
财务记录表的revenue_mode字段已存在
课时统计表的course_id字段已存在
老师课时表的course_id字段已存在
学生课程表的is_confirmed字段已存在
学生课程表的marketing_lead_id字段已存在
教师简历表已存在
用户权限表已存在
用户权限表的功能权限字段已存在
学生课程默认排课设置表已存在
学生课程默认排课设置表的 scheduling_paused 字段已存在
学生课程默认排课设置表的 default_teacher_id 字段已存在
学生课程默认排课设置表的 default_classroom 字段已存在
用户表的session_token字段已存在
营销线索表的 trial_status 字段已存在
学生表的 scheduling_paused 字段已存在
使用端口: 5000
教务管理系统后端API启动成功！
Debug模式: 已启用
API地址: http://localhost:5000
前端开发服务器: http://localhost:3000
2026-03-22 16:34:03 - app - INFO - 日志系统初始化完成
2026-03-22 16:34:04 - app - INFO - 应用初始化完成，配置: default
 * Debugger is active!
学生表的excluded_from_scheduling字段已存在
学生表的默认上课时段字段已存在
学生表的默认上课星期字段已存在
学生表的source字段已存在
学生课程默认排课设置表已存在
教师表的status字段已存在
教师表的employment_type字段已存在
教师表的bio字段已存在
教师表的resume_path字段已存在
教师表的resume_filename字段已存在
学生课程表的时段字段已存在
学生课程表的教室字段已存在
学生课程表的试课状态字段已存在
学生课程表的备注字段已存在
课时统计表结构正常
缴费表的type字段已存在
老师课时表的incentive字段已存在
老师课时表的remark字段已存在
老师课时表的base_salary字段已存在
老师课时表的is_settled字段已存在
老师课时表的settled_at字段已存在
财务记录表的revenue_mode字段已存在
课时统计表的course_id字段已存在
老师课时表的course_id字段已存在
学生课程表的is_confirmed字段已存在
学生课程表的marketing_lead_id字段已存在
教师简历表已存在
用户权限表已存在
用户权限表的功能权限字段已存在
学生课程默认排课设置表已存在
学生课程默认排课设置表的 scheduling_paused 字段已存在
学生课程默认排课设置表的 default_teacher_id 字段已存在
学生课程默认排课设置表的 default_classroom 字段已存在
用户表的session_token字段已存在
营销线索表的 trial_status 字段已存在
学生表的 scheduling_paused 字段已存在
使用端口: 5000
教务管理系统后端API启动成功！
Debug模式: 已启用
API地址: http://localhost:5000
前端开发服务器: http://localhost:3000
[DEBUG] get_valid_student_ids_for_management_page: 来源1=0, 来源2=29, 来源3=0, 来源4=29, 来源5=6, union_ids=29, 最终有效学生数=29
[DEBUG] get_valid_student_ids_for_management_page: 来源1=0, 来源2=29, 来源3=0, 来源4=29, 来源5=6, union_ids=29, 最终有效学生数=29
[DEBUG] get_valid_student_ids_for_management_page: 来源1=0, 来源2=29, 来源3=0, 来源4=29, 来源5=6, union_ids=29, 最终有效学生数=29
API查询: month=2026-03, week=3
日期范围: 2026-03-16 到 2026-03-22
查询结果数量: 1
第一条记录日期: 2026-03-18
[DEBUG] get_valid_student_ids_for_management_page: 来源1=0, 来源2=29, 来源3=0, 来源4=29, 来源5=6, union_ids=29, 最终有效学生数=29
[DEBUG] get_valid_student_ids_for_management_page: 来源1=0, 来源2=29, 来源3=0, 来源4=29, 来源5=6, union_ids=29, 最终有效学生数=29
[DEBUG] get_valid_student_ids_for_management_page: 来源1=0, 来源2=29, 来源3=0, 来源4=29, 来源5=6, union_ids=29, 最终有效学生数=29
[DEBUG] get_valid_student_ids_for_management_page: 来源1=0, 来源2=29, 来源3=0, 来源4=29, 来源5=6, union_ids=29, 最终有效学生数=29
[DEBUG] get_valid_student_ids_for_management_page: 来源1=0, 来源2=29, 来源3=0, 来源4=29, 来源5=6, union_ids=29, 最终有效学生数=29
[DEBUG] get_valid_student_ids_for_management_page: 来源1=0, 来源2=29, 来源3=0, 来源4=29, 来源5=6, union_ids=29, 最终有效学生数=29
[DEBUG] get_valid_student_ids_for_management_page: 来源1=0, 来源2=29, 来源3=0, 来源4=29, 来源5=6, union_ids=29, 最终有效学生数=29
[DEBUG] get_valid_student_ids_for_management_page: 来源1=0, 来源2=29, 来源3=0, 来源4=29, 来源5=6, union_ids=29, 最终有效学生数=29
[DEBUG] get_valid_student_ids_for_management_page: 来源1=0, 来源2=29, 来源3=0, 来源4=29, 来源5=6, union_ids=29, 最终有效学生数=29
[DEBUG] get_valid_student_ids_for_management_page: 来源1=0, 来源2=29, 来源3=0, 来源4=29, 来源5=6, union_ids=29, 最终有效学生数=29
[DEBUG] get_valid_student_ids_for_management_page: 来源1=0, 来源2=29, 来源3=0, 来源4=29, 来源5=6, union_ids=29, 最终有效学生数=29
[DEBUG] get_valid_student_ids_for_management_page: 来源1=0, 来源2=29, 来源3=0, 来源4=29, 来源5=6, union_ids=29, 最终有效学生数=29
API查询: month=2026-03, week=3
日期范围: 2026-03-16 到 2026-03-22
查询结果数量: 1
第一条记录日期: 2026-03-18
[DEBUG] get_valid_student_ids_for_management_page: 来源1=0, 来源2=29, 来源3=0, 来源4=29, 来源5=6, union_ids=29, 最终有效学生数=29
API查询: month=2026-03, week=3
日期范围: 2026-03-16 到 2026-03-22
查询结果数量: 0
[DEBUG] get_valid_student_ids_for_management_page: 来源1=0, 来源2=29, 来源3=0, 来源4=29, 来源5=6, union_ids=29, 最终有效学生数=29
[DEBUG] get_valid_student_ids_for_management_page: 来源1=0, 来源2=29, 来源3=0, 来源4=29, 来源5=6, union_ids=29, 最终有效学生数=29
API查询: month=2026-03, week=3
日期范围: 2026-03-16 到 2026-03-22
查询结果数量: 0
[DEBUG] get_valid_student_ids_for_management_page: 来源1=0, 来源2=29, 来源3=0, 来源4=29, 来源5=6, union_ids=29, 最终有效学生数=29
API查询: month=2026-03, week=3
日期范围: 2026-03-16 到 2026-03-22
查询结果数量: 0
[DEBUG] get_valid_student_ids_for_management_page: 来源1=0, 来源2=29, 来源3=0, 来源4=29, 来源5=6, union_ids=29, 最终有效学生数=29
API查询: month=2026-03, week=3
日期范围: 2026-03-16 到 2026-03-22
查询结果数量: 0
[DEBUG] get_valid_student_ids_for_management_page: 来源1=0, 来源2=29, 来源3=0, 来源4=29, 来源5=6, union_ids=29, 最终有效学生数=29
API查询: month=2026-03, week=3
日期范围: 2026-03-16 到 2026-03-22
查询结果数量: 0
[DEBUG] get_valid_student_ids_for_management_page: 来源1=0, 来源2=29, 来源3=0, 来源4=29, 来源5=6, union_ids=29, 最终有效学生数=29
[DEBUG] get_valid_student_ids_for_management_page: 来源1=0, 来源2=29, 来源3=0, 来源4=29, 来源5=6, union_ids=29, 最终有效学生数=29
[DEBUG] get_valid_student_ids_for_management_page: 来源1=0, 来源2=29, 来源3=0, 来源4=29, 来源5=6, union_ids=29, 最终有效学生数=29
API查询: month=2026-03, week=3
日期范围: 2026-03-16 到 2026-03-22
查询结果数量: 1
第一条记录日期: 2026-03-18
[调试] scope_leads=True, 但 filter_trial_lead_ids 为空，返回全部试课排课
[调试] 查询结果数量: 0
2026-03-22 16:46:39 - app - INFO - 日志系统初始化完成
2026-03-22 16:46:41 - app - INFO - 应用初始化完成，配置: default
 * Debugger is active!
学生表的excluded_from_scheduling字段已存在
学生表的默认上课时段字段已存在
学生表的默认上课星期字段已存在
学生表的source字段已存在
学生课程默认排课设置表已存在
教师表的status字段已存在
教师表的employment_type字段已存在
教师表的bio字段已存在
教师表的resume_path字段已存在
教师表的resume_filename字段已存在
学生课程表的时段字段已存在
学生课程表的教室字段已存在
学生课程表的试课状态字段已存在
学生课程表的备注字段已存在
课时统计表结构正常
缴费表的type字段已存在
老师课时表的incentive字段已存在
老师课时表的remark字段已存在
老师课时表的base_salary字段已存在
老师课时表的is_settled字段已存在
老师课时表的settled_at字段已存在
财务记录表的revenue_mode字段已存在
课时统计表的course_id字段已存在
老师课时表的course_id字段已存在
学生课程表的is_confirmed字段已存在
学生课程表的marketing_lead_id字段已存在
教师简历表已存在
用户权限表已存在
用户权限表的功能权限字段已存在
学生课程默认排课设置表已存在
学生课程默认排课设置表的 scheduling_paused 字段已存在
学生课程默认排课设置表的 default_teacher_id 字段已存在
学生课程默认排课设置表的 default_classroom 字段已存在
用户表的session_token字段已存在
营销线索表的 trial_status 字段已存在
学生表的 scheduling_paused 字段已存在
使用端口: 5000
教务管理系统后端API启动成功！
Debug模式: 已启用
API地址: http://localhost:5000
前端开发服务器: http://localhost:3000
2026-03-22 16:46:43 - app - INFO - 日志系统初始化完成
2026-03-22 16:46:44 - app - INFO - 应用初始化完成，配置: default
 * Debugger is active!
学生表的excluded_from_scheduling字段已存在
学生表的默认上课时段字段已存在
学生表的默认上课星期字段已存在
学生表的source字段已存在
学生课程默认排课设置表已存在
教师表的status字段已存在
教师表的employment_type字段已存在
教师表的bio字段已存在
教师表的resume_path字段已存在
教师表的resume_filename字段已存在
学生课程表的时段字段已存在
学生课程表的教室字段已存在
学生课程表的试课状态字段已存在
学生课程表的备注字段已存在
课时统计表结构正常
缴费表的type字段已存在
老师课时表的incentive字段已存在
老师课时表的remark字段已存在
老师课时表的base_salary字段已存在
老师课时表的is_settled字段已存在
老师课时表的settled_at字段已存在
财务记录表的revenue_mode字段已存在
课时统计表的course_id字段已存在
老师课时表的course_id字段已存在
学生课程表的is_confirmed字段已存在
学生课程表的marketing_lead_id字段已存在
教师简历表已存在
用户权限表已存在
用户权限表的功能权限字段已存在
学生课程默认排课设置表已存在
学生课程默认排课设置表的 scheduling_paused 字段已存在
学生课程默认排课设置表的 default_teacher_id 字段已存在
学生课程默认排课设置表的 default_classroom 字段已存在
用户表的session_token字段已存在
营销线索表的 trial_status 字段已存在
学生表的 scheduling_paused 字段已存在
使用端口: 5000
教务管理系统后端API启动成功！
Debug模式: 已启用
API地址: http://localhost:5000
前端开发服务器: http://localhost:3000
2026-03-22 16:46:55 - app - INFO - 日志系统初始化完成
2026-03-22 16:46:56 - app - INFO - 应用初始化完成，配置: default
 * Debugger is active!
学生表的excluded_from_scheduling字段已存在
学生表的默认上课时段字段已存在
学生表的默认上课星期字段已存在
学生表的source字段已存在
学生课程默认排课设置表已存在
教师表的status字段已存在
教师表的employment_type字段已存在
教师表的bio字段已存在
教师表的resume_path字段已存在
教师表的resume_filename字段已存在
学生课程表的时段字段已存在
学生课程表的教室字段已存在
学生课程表的试课状态字段已存在
学生课程表的备注字段已存在
课时统计表结构正常
缴费表的type字段已存在
老师课时表的incentive字段已存在
老师课时表的remark字段已存在
老师课时表的base_salary字段已存在
老师课时表的is_settled字段已存在
老师课时表的settled_at字段已存在
财务记录表的revenue_mode字段已存在
课时统计表的course_id字段已存在
老师课时表的course_id字段已存在
学生课程表的is_confirmed字段已存在
学生课程表的marketing_lead_id字段已存在
教师简历表已存在
用户权限表已存在
用户权限表的功能权限字段已存在
学生课程默认排课设置表已存在
学生课程默认排课设置表的 scheduling_paused 字段已存在
学生课程默认排课设置表的 default_teacher_id 字段已存在
学生课程默认排课设置表的 default_classroom 字段已存在
用户表的session_token字段已存在
营销线索表的 trial_status 字段已存在
学生表的 scheduling_paused 字段已存在
使用端口: 5000
教务管理系统后端API启动成功！
Debug模式: 已启用
API地址: http://localhost:5000
前端开发服务器: http://localhost:3000
2026-03-22 16:46:58 - app - INFO - 日志系统初始化完成
2026-03-22 16:46:59 - app - INFO - 应用初始化完成，配置: default
 * Debugger is active!
学生表的excluded_from_scheduling字段已存在
学生表的默认上课时段字段已存在
学生表的默认上课星期字段已存在
学生表的source字段已存在
学生课程默认排课设置表已存在
教师表的status字段已存在
教师表的employment_type字段已存在
教师表的bio字段已存在
教师表的resume_path字段已存在
教师表的resume_filename字段已存在
学生课程表的时段字段已存在
学生课程表的教室字段已存在
学生课程表的试课状态字段已存在
学生课程表的备注字段已存在
课时统计表结构正常
缴费表的type字段已存在
老师课时表的incentive字段已存在
老师课时表的remark字段已存在
老师课时表的base_salary字段已存在
老师课时表的is_settled字段已存在
老师课时表的settled_at字段已存在
财务记录表的revenue_mode字段已存在
课时统计表的course_id字段已存在
老师课时表的course_id字段已存在
学生课程表的is_confirmed字段已存在
学生课程表的marketing_lead_id字段已存在
教师简历表已存在
用户权限表已存在
用户权限表的功能权限字段已存在
学生课程默认排课设置表已存在
学生课程默认排课设置表的 scheduling_paused 字段已存在
学生课程默认排课设置表的 default_teacher_id 字段已存在
学生课程默认排课设置表的 default_classroom 字段已存在
用户表的session_token字段已存在
营销线索表的 trial_status 字段已存在
学生表的 scheduling_paused 字段已存在
使用端口: 5000
教务管理系统后端API启动成功！
Debug模式: 已启用
API地址: http://localhost:5000
前端开发服务器: http://localhost:3000
[DEBUG] get_valid_student_ids_for_management_page: 来源1=0, 来源2=29, 来源3=0, 来源4=29, 来源5=6, union_ids=29, 最终有效学生数=29
[DEBUG] get_valid_student_ids_for_management_page: 来源1=0, 来源2=29, 来源3=0, 来源4=29, 来源5=6, union_ids=29, 最终有效学生数=29
[DEBUG] get_valid_student_ids_for_management_page: 来源1=0, 来源2=29, 来源3=0, 来源4=29, 来源5=6, union_ids=29, 最终有效学生数=29
API查询: month=2026-03, week=3
日期范围: 2026-03-16 到 2026-03-22
查询结果数量: 1
第一条记录日期: 2026-03-18
[DEBUG] get_valid_student_ids_for_management_page: 来源1=0, 来源2=29, 来源3=0, 来源4=29, 来源5=6, union_ids=29, 最终有效学生数=29
[DEBUG] get_valid_student_ids_for_management_page: 来源1=0, 来源2=29, 来源3=0, 来源4=29, 来源5=6, union_ids=29, 最终有效学生数=29
[DEBUG] get_valid_student_ids_for_management_page: 来源1=0, 来源2=29, 来源3=0, 来源4=29, 来源5=6, union_ids=29, 最终有效学生数=29
API查询: month=2026-03, week=3
日期范围: 2026-03-16 到 2026-03-22
查询结果数量: 1
第一条记录日期: 2026-03-18
[DEBUG] get_valid_student_ids_for_management_page: 来源1=0, 来源2=29, 来源3=0, 来源4=29, 来源5=6, union_ids=29, 最终有效学生数=29
[DEBUG] get_valid_student_ids_for_management_page: 来源1=0, 来源2=29, 来源3=0, 来源4=29, 来源5=6, union_ids=29, 最终有效学生数=29
[DEBUG] get_valid_student_ids_for_management_page: 来源1=0, 来源2=29, 来源3=0, 来源4=29, 来源5=6, union_ids=29, 最终有效学生数=29
API查询: month=2026-03, week=3
日期范围: 2026-03-16 到 2026-03-22
查询结果数量: 1
第一条记录日期: 2026-03-18
[DEBUG] get_valid_student_ids_for_management_page: 来源1=0, 来源2=29, 来源3=0, 来源4=29, 来源5=6, union_ids=29, 最终有效学生数=29
[DEBUG] get_valid_student_ids_for_management_page: 来源1=0, 来源2=29, 来源3=0, 来源4=29, 来源5=6, union_ids=29, 最终有效学生数=29
[DEBUG] get_valid_student_ids_for_management_page: 来源1=0, 来源2=29, 来源3=0, 来源4=29, 来源5=6, union_ids=29, 最终有效学生数=29
API查询: month=2026-03, week=3
日期范围: 2026-03-16 到 2026-03-22
查询结果数量: 1
第一条记录日期: 2026-03-18
[DEBUG] get_valid_student_ids_for_management_page: 来源1=0, 来源2=29, 来源3=0, 来源4=29, 来源5=6, union_ids=29, 最终有效学生数=29
[DEBUG] get_valid_student_ids_for_management_page: 来源1=0, 来源2=29, 来源3=0, 来源4=29, 来源5=6, union_ids=29, 最终有效学生数=29
[DEBUG] get_valid_student_ids_for_management_page: 来源1=0, 来源2=29, 来源3=0, 来源4=29, 来源5=6, union_ids=29, 最终有效学生数=29
API查询: month=2026-03, week=3
日期范围: 2026-03-16 到 2026-03-22
查询结果数量: 1
第一条记录日期: 2026-03-18
[DEBUG] get_valid_student_ids_for_management_page: 来源1=0, 来源2=29, 来源3=0, 来源4=29, 来源5=6, union_ids=29, 最终有效学生数=29
[DEBUG] get_valid_student_ids_for_management_page: 来源1=0, 来源2=29, 来源3=0, 来源4=29, 来源5=6, union_ids=29, 最终有效学生数=29
[DEBUG] get_valid_student_ids_for_management_page: 来源1=0, 来源2=29, 来源3=0, 来源4=29, 来源5=6, union_ids=29, 最终有效学生数=29
API查询: month=2026-03, week=4
日期范围: 2026-03-23 到 2026-03-29
查询结果数量: 2
第一条记录日期: 2026-03-28
[DEBUG] get_valid_student_ids_for_management_page: 来源1=0, 来源2=29, 来源3=0, 来源4=29, 来源5=6, union_ids=29, 最终有效学生数=29
[DEBUG] get_valid_student_ids_for_management_page: 来源1=0, 来源2=29, 来源3=0, 来源4=29, 来源5=6, union_ids=29, 最终有效学生数=29
[DEBUG] get_valid_student_ids_for_management_page: 来源1=0, 来源2=29, 来源3=0, 来源4=29, 来源5=6, union_ids=29, 最终有效学生数=29
API查询: month=2026-03, week=5
日期范围: 2026-03-30 到 2026-04-05
查询结果数量: 0
[DEBUG] get_valid_student_ids_for_management_page: 来源1=0, 来源2=29, 来源3=0, 来源4=29, 来源5=6, union_ids=29, 最终有效学生数=29
[DEBUG] get_valid_student_ids_for_management_page: 来源1=0, 来源2=29, 来源3=0, 来源4=29, 来源5=6, union_ids=29, 最终有效学生数=29
[DEBUG] get_valid_student_ids_for_management_page: 来源1=0, 来源2=29, 来源3=0, 来源4=29, 来源5=6, union_ids=29, 最终有效学生数=29
API查询: month=2026-04, week=1
日期范围: 2026-04-06 到 2026-04-12
查询结果数量: 2
第一条记录日期: 2026-04-11
[DEBUG] get_valid_student_ids_for_management_page: 来源1=0, 来源2=29, 来源3=0, 来源4=29, 来源5=6, union_ids=29, 最终有效学生数=29
2026-03-22 16:54:55 - app - INFO - 日志系统初始化完成
2026-03-22 16:54:57 - app - INFO - 应用初始化完成，配置: default
 * Debugger is active!
学生表的excluded_from_scheduling字段已存在
学生表的默认上课时段字段已存在
学生表的默认上课星期字段已存在
学生表的source字段已存在
学生课程默认排课设置表已存在
教师表的status字段已存在
教师表的employment_type字段已存在
教师表的bio字段已存在
教师表的resume_path字段已存在
教师表的resume_filename字段已存在
学生课程表的时段字段已存在
学生课程表的教室字段已存在
学生课程表的试课状态字段已存在
学生课程表的备注字段已存在
课时统计表结构正常
缴费表的type字段已存在
老师课时表的incentive字段已存在
老师课时表的remark字段已存在
老师课时表的base_salary字段已存在
老师课时表的is_settled字段已存在
老师课时表的settled_at字段已存在
财务记录表的revenue_mode字段已存在
课时统计表的course_id字段已存在
老师课时表的course_id字段已存在
学生课程表的is_confirmed字段已存在
学生课程表的marketing_lead_id字段已存在
教师简历表已存在
用户权限表已存在
用户权限表的功能权限字段已存在
学生课程默认排课设置表已存在
学生课程默认排课设置表的 scheduling_paused 字段已存在
学生课程默认排课设置表的 default_teacher_id 字段已存在
学生课程默认排课设置表的 default_classroom 字段已存在
用户表的session_token字段已存在
营销线索表的 trial_status 字段已存在
学生表的 scheduling_paused 字段已存在
使用端口: 5000
教务管理系统后端API启动成功！
Debug模式: 已启用
API地址: http://localhost:5000
前端开发服务器: http://localhost:3000
2026-03-22 16:55:02 - app - INFO - 日志系统初始化完成
2026-03-22 16:55:03 - app - INFO - 应用初始化完成，配置: default
 * Debugger is active!
(trapped) error reading bcrypt version
Traceback (most recent call last):
  File "/usr/local/python3.9/lib/python3.9/site-packages/passlib/handlers/bcrypt.py", line 620, in _load_backend_mixin
    version = _bcrypt.__about__.__version__
AttributeError: module 'bcrypt' has no attribute '__about__'
(trapped) error reading bcrypt version
Traceback (most recent call last):
  File "/tmp/pycharm_project_231/models.py", line 775, in set_password
    self.password_hash = pwd_context.hash(password)
  File "/usr/local/python3.9/lib/python3.9/site-packages/passlib/context.py", line 2258, in hash
    return record.hash(secret, **kwds)
  File "/usr/local/python3.9/lib/python3.9/site-packages/passlib/utils/handlers.py", line 779, in hash
    self.checksum = self._calc_checksum(secret)
  File "/usr/local/python3.9/lib/python3.9/site-packages/passlib/handlers/bcrypt.py", line 591, in _calc_checksum
    self._stub_requires_backend()
  File "/usr/local/python3.9/lib/python3.9/site-packages/passlib/utils/handlers.py", line 2254, in _stub_requires_backend
    cls.set_backend()
  File "/usr/local/python3.9/lib/python3.9/site-packages/passlib/utils/handlers.py", line 2156, in set_backend
    return owner.set_backend(name, dryrun=dryrun)
  File "/usr/local/python3.9/lib/python3.9/site-packages/passlib/utils/handlers.py", line 2163, in set_backend
    return cls.set_backend(name, dryrun=dryrun)
  File "/usr/local/python3.9/lib/python3.9/site-packages/passlib/utils/handlers.py", line 2188, in set_backend
    cls._set_backend(name, dryrun)
  File "/usr/local/python3.9/lib/python3.9/site-packages/passlib/utils/handlers.py", line 2311, in _set_backend
    super(SubclassBackendMixin, cls)._set_backend(name, dryrun)
  File "/usr/local/python3.9/lib/python3.9/site-packages/passlib/utils/handlers.py", line 2224, in _set_backend
    ok = loader(**kwds)
  File "/usr/local/python3.9/lib/python3.9/site-packages/passlib/handlers/bcrypt.py", line 626, in _load_backend_mixin
    return mixin_cls._finalize_backend_mixin(name, dryrun)
  File "/usr/local/python3.9/lib/python3.9/site-packages/passlib/handlers/bcrypt.py", line 421, in _finalize_backend_mixin
    if detect_wrap_bug(IDENT_2A):
  File "/usr/local/python3.9/lib/python3.9/site-packages/passlib/handlers/bcrypt.py", line 380, in detect_wrap_bug
    if verify(secret, bug_hash):
  File "/usr/local/python3.9/lib/python3.9/site-packages/passlib/utils/handlers.py", line 792, in verify
    return consteq(self._calc_checksum(secret), chk)
  File "/usr/local/python3.9/lib/python3.9/site-packages/passlib/handlers/bcrypt.py", line 655, in _calc_checksum
    hash = _bcrypt.hashpw(secret, config)
ValueError: password cannot be longer than 72 bytes, truncate manually if necessary (e.g. my_password[:72])

During handling of the above exception, another exception occurred:

Traceback (most recent call last):
  File "/usr/local/python3.9/lib/python3.9/site-packages/passlib/handlers/bcrypt.py", line 620, in _load_backend_mixin
    version = _bcrypt.__about__.__version__
AttributeError: module 'bcrypt' has no attribute '__about__'
学生表的excluded_from_scheduling字段已存在
学生表的默认上课时段字段已存在
学生表的默认上课星期字段已存在
学生表的source字段已存在
学生课程默认排课设置表已存在
教师表的status字段已存在
教师表的employment_type字段已存在
教师表的bio字段已存在
教师表的resume_path字段已存在
教师表的resume_filename字段已存在
学生课程表的时段字段已存在
学生课程表的教室字段已存在
学生课程表的试课状态字段已存在
学生课程表的备注字段已存在
课时统计表结构正常
缴费表的type字段已存在
老师课时表的incentive字段已存在
老师课时表的remark字段已存在
老师课时表的base_salary字段已存在
老师课时表的is_settled字段已存在
老师课时表的settled_at字段已存在
财务记录表的revenue_mode字段已存在
课时统计表的course_id字段已存在
老师课时表的course_id字段已存在
学生课程表的is_confirmed字段已存在
学生课程表的marketing_lead_id字段已存在
教师简历表已存在
用户权限表已存在
用户权限表的功能权限字段已存在
学生课程默认排课设置表已存在
学生课程默认排课设置表的 scheduling_paused 字段已存在
学生课程默认排课设置表的 default_teacher_id 字段已存在
学生课程默认排课设置表的 default_classroom 字段已存在
用户表的session_token字段已存在
营销线索表的 trial_status 字段已存在
学生表的 scheduling_paused 字段已存在
使用端口: 5000
教务管理系统后端API启动成功！
Debug模式: 已启用
API地址: http://localhost:5000
前端开发服务器: http://localhost:3000
警告：密码过长，已截断并使用SHA256哈希（原始长度：9字节）
[登录调试] 开始登录，用户名: jiaowu
[登录调试] 查询用户结果: 找到用户
[登录调试] 用户ID: 3, 用户名: jiaowu, 是否激活: True
[登录调试] 开始验证密码
[登录调试] 密码验证结果: True
[登录调试] 密码验证成功，开始登录流程
[调试] scope_leads=True, 但 filter_trial_lead_ids 为空，返回全部试课排课
[调试] 查询结果数量: 0
[DEBUG] get_valid_student_ids_for_management_page: 来源1=0, 来源2=29, 来源3=0, 来源4=29, 来源5=6, union_ids=29, 最终有效学生数=29
[DEBUG] get_valid_student_ids_for_management_page: 来源1=0, 来源2=29, 来源3=0, 来源4=29, 来源5=6, union_ids=29, 最终有效学生数=29
[DEBUG] get_valid_student_ids_for_management_page: 来源1=0, 来源2=29, 来源3=0, 来源4=29, 来源5=6, union_ids=29, 最终有效学生数=29
API查询: month=2026-03, week=3
日期范围: 2026-03-16 到 2026-03-22
查询结果数量: 1
第一条记录日期: 2026-03-18
[DEBUG] get_valid_student_ids_for_management_page: 来源1=0, 来源2=29, 来源3=0, 来源4=29, 来源5=6, union_ids=29, 最终有效学生数=29
[DEBUG] get_valid_student_ids_for_management_page: 来源1=0, 来源2=29, 来源3=0, 来源4=29, 来源5=6, union_ids=29, 最终有效学生数=29
[DEBUG] get_valid_student_ids_for_management_page: 来源1=0, 来源2=29, 来源3=0, 来源4=29, 来源5=6, union_ids=29, 最终有效学生数=29
API查询: month=2026-03, week=3
日期范围: 2026-03-16 到 2026-03-22
查询结果数量: 1
第一条记录日期: 2026-03-18
[DEBUG] all_courses API: 查询总数 = 11, 页码 = 1, 每页 = 20
[DEBUG] all_courses API: 返回课程数量 = 11
Stats request: month=2026-03, student_id=None, course_id=None
[DEBUG] all_courses API: 查询总数 = 11, 页码 = 1, 每页 = 1000
[DEBUG] all_courses API: 返回课程数量 = 11
[DEBUG] get_valid_student_ids_for_management_page: 来源1=0, 来源2=29, 来源3=0, 来源4=29, 来源5=6, union_ids=29, 最终有效学生数=29
[DEBUG] all_courses API: 转换后的数据示例（前3条）: [{'id': 1, 'student_id': 33, 'marketing_lead_id': None, 'student_name': '赖姝彤', 'grade': '初二', 'course_id': 1, 'course_name': '数学1v1', 'subject': '数学', 'teacher_id': 9, 'teacher_name': '彭老师', 'course_date': '2026-02-09', 'weekday': '周一', 'time_slot': '8:10-9:30', 'classroom': 'A1', 'notes': None, 'status': '正常', 'trial_status': None, 'is_confirmed': True, 'created_at': '2026-02-09 13:51:27'}, {'id': 4, 'student_id': 8, 'marketing_lead_id': None, 'student_name': '钟荣睿', 'grade': '初一', 'course_id': 1, 'course_name': '数学1v1', 'subject': '数学', 'teacher_id': 9, 'teacher_name': '彭老师', 'course_date': '2026-02-09', 'weekday': '周一', 'time_slot': '14:10-15:30', 'classroom': 'A2', 'notes': None, 'status': '正常', 'trial_status': None, 'is_confirmed': True, 'created_at': '2026-02-09 14:09:35'}, {'id': 3, 'student_id': 30, 'marketing_lead_id': None, 'student_name': '黄子轩', 'grade': '高三', 'course_id': 1, 'course_name': '数学1v1', 'subject': '数学', 'teacher_id': 9, 'teacher_name': '彭老师', 'course_date': '2026-02-10', 'weekday': '周二', 'time_slot': '17:10-18:30', 'classroom': 'A3', 'notes': None, 'status': '正常', 'trial_status': None, 'is_confirmed': True, 'created_at': '2026-02-09 13:55:27'}]
[DEBUG] get_valid_student_ids_for_management_page: 来源1=0, 来源2=29, 来源3=0, 来源4=29, 来源5=6, union_ids=29, 最终有效学生数=29
[DEBUG] all_courses API: 转换后的数据示例（前3条）: [{'id': 1, 'student_id': 33, 'marketing_lead_id': None, 'student_name': '赖姝彤', 'grade': '初二', 'course_id': 1, 'course_name': '数学1v1', 'subject': '数学', 'teacher_id': 9, 'teacher_name': '彭老师', 'course_date': '2026-02-09', 'weekday': '周一', 'time_slot': '8:10-9:30', 'classroom': 'A1', 'notes': None, 'status': '正常', 'trial_status': None, 'is_confirmed': True, 'created_at': '2026-02-09 13:51:27'}, {'id': 4, 'student_id': 8, 'marketing_lead_id': None, 'student_name': '钟荣睿', 'grade': '初一', 'course_id': 1, 'course_name': '数学1v1', 'subject': '数学', 'teacher_id': 9, 'teacher_name': '彭老师', 'course_date': '2026-02-09', 'weekday': '周一', 'time_slot': '14:10-15:30', 'classroom': 'A2', 'notes': None, 'status': '正常', 'trial_status': None, 'is_confirmed': True, 'created_at': '2026-02-09 14:09:35'}, {'id': 3, 'student_id': 30, 'marketing_lead_id': None, 'student_name': '黄子轩', 'grade': '高三', 'course_id': 1, 'course_name': '数学1v1', 'subject': '数学', 'teacher_id': 9, 'teacher_name': '彭老师', 'course_date': '2026-02-10', 'weekday': '周二', 'time_slot': '17:10-18:30', 'classroom': 'A3', 'notes': None, 'status': '正常', 'trial_status': None, 'is_confirmed': True, 'created_at': '2026-02-09 13:55:27'}]
[DEBUG] get_valid_student_ids_for_management_page: 来源1=0, 来源2=29, 来源3=0, 来源4=29, 来源5=6, union_ids=29, 最终有效学生数=29
Stats request: month=2026-03, student_id=None, course_id=None
[DEBUG] get_valid_student_ids_for_management_page: 来源1=0, 来源2=29, 来源3=0, 来源4=29, 来源5=6, union_ids=29, 最终有效学生数=29
[DEBUG] get_valid_student_ids_for_management_page: 来源1=0, 来源2=29, 来源3=0, 来源4=29, 来源5=6, union_ids=29, 最终有效学生数=29
[DEBUG] get_valid_student_ids_for_management_page: 来源1=0, 来源2=29, 来源3=0, 来源4=29, 来源5=6, union_ids=29, 最终有效学生数=29
[DEBUG] get_valid_student_ids_for_management_page: 来源1=0, 来源2=29, 来源3=0, 来源4=29, 来源5=6, union_ids=29, 最终有效学生数=29
API查询: month=2026-03, week=3
日期范围: 2026-03-16 到 2026-03-22
查询结果数量: 1
第一条记录日期: 2026-03-18
[DEBUG] get_valid_student_ids_for_management_page: 来源1=0, 来源2=29, 来源3=0, 来源4=29, 来源5=6, union_ids=29, 最终有效学生数=29
[DEBUG] get_valid_student_ids_for_management_page: 来源1=0, 来源2=29, 来源3=0, 来源4=29, 来源5=6, union_ids=29, 最终有效学生数=29
[DEBUG] get_valid_student_ids_for_management_page: 来源1=0, 来源2=29, 来源3=0, 来源4=29, 来源5=6, union_ids=29, 最终有效学生数=29
[DEBUG] get_valid_student_ids_for_management_page: 来源1=0, 来源2=29, 来源3=0, 来源4=29, 来源5=6, union_ids=29, 最终有效学生数=29
[DEBUG] get_valid_student_ids_for_management_page: 来源1=0, 来源2=29, 来源3=0, 来源4=29, 来源5=6, union_ids=29, 最终有效学生数=29
[DEBUG] get_valid_student_ids_for_management_page: 来源1=0, 来源2=29, 来源3=0, 来源4=29, 来源5=6, union_ids=29, 最终有效学生数=29
[DEBUG] get_valid_student_ids_for_management_page: 来源1=0, 来源2=29, 来源3=0, 来源4=29, 来源5=6, union_ids=29, 最终有效学生数=29
[DEBUG] get_valid_student_ids_for_management_page: 来源1=0, 来源2=29, 来源3=0, 来源4=29, 来源5=6, union_ids=29, 最终有效学生数=29
[DEBUG] get_valid_student_ids_for_management_page: 来源1=0, 来源2=29, 来源3=0, 来源4=29, 来源5=6, union_ids=29, 最终有效学生数=29
[DEBUG] get_valid_student_ids_for_management_page: 来源1=0, 来源2=29, 来源3=0, 来源4=29, 来源5=6, union_ids=29, 最终有效学生数=29
[DEBUG] get_valid_student_ids_for_management_page: 来源1=0, 来源2=29, 来源3=0, 来源4=29, 来源5=6, union_ids=29, 最终有效学生数=29
[DEBUG] get_valid_student_ids_for_management_page: 来源1=0, 来源2=29, 来源3=0, 来源4=29, 来源5=6, union_ids=29, 最终有效学生数=29
[DEBUG] get_valid_student_ids_for_management_page: 来源1=0, 来源2=29, 来源3=0, 来源4=29, 来源5=6, union_ids=29, 最终有效学生数=29
API查询: month=2026-03, week=3
日期范围: 2026-03-16 到 2026-03-22
查询结果数量: 0
[DEBUG] get_valid_student_ids_for_management_page: 来源1=0, 来源2=29, 来源3=0, 来源4=29, 来源5=6, union_ids=29, 最终有效学生数=29
API查询: month=2026-03, week=3
日期范围: 2026-03-16 到 2026-03-22
查询结果数量: 0
[DEBUG] get_valid_student_ids_for_management_page: 来源1=0, 来源2=29, 来源3=0, 来源4=29, 来源5=6, union_ids=29, 最终有效学生数=29
API查询: month=2026-03, week=3
日期范围: 2026-03-16 到 2026-03-22
查询结果数量: 0
[DEBUG] get_valid_student_ids_for_management_page: 来源1=0, 来源2=29, 来源3=0, 来源4=29, 来源5=6, union_ids=29, 最终有效学生数=29
API查询: month=2026-03, week=3
日期范围: 2026-03-16 到 2026-03-22
查询结果数量: 1
第一条记录日期: 2026-03-18
[DEBUG] get_valid_student_ids_for_management_page: 来源1=0, 来源2=29, 来源3=0, 来源4=29, 来源5=6, union_ids=29, 最终有效学生数=29
API查询: month=2026-03, week=3
日期范围: 2026-03-16 到 2026-03-22
查询结果数量: 0
[DEBUG] get_valid_student_ids_for_management_page: 来源1=0, 来源2=29, 来源3=0, 来源4=29, 来源5=6, union_ids=29, 最终有效学生数=29
API查询: month=2026-03, week=3
日期范围: 2026-03-16 到 2026-03-22
查询结果数量: 0
[DEBUG] get_valid_student_ids_for_management_page: 来源1=0, 来源2=29, 来源3=0, 来源4=29, 来源5=6, union_ids=29, 最终有效学生数=29
[DEBUG] get_valid_student_ids_for_management_page: 来源1=0, 来源2=29, 来源3=0, 来源4=29, 来源5=6, union_ids=29, 最终有效学生数=29
[DEBUG] get_valid_student_ids_for_management_page: 来源1=0, 来源2=29, 来源3=0, 来源4=29, 来源5=6, union_ids=29, 最终有效学生数=29
API查询: month=2026-03, week=3
日期范围: 2026-03-16 到 2026-03-22
查询结果数量: 1
第一条记录日期: 2026-03-18
[DEBUG] get_valid_student_ids_for_management_page: 来源1=0, 来源2=29, 来源3=0, 来源4=29, 来源5=6, union_ids=29, 最终有效学生数=29
[DEBUG] get_valid_student_ids_for_management_page: 来源1=0, 来源2=29, 来源3=0, 来源4=29, 来源5=6, union_ids=29, 最终有效学生数=29
[DEBUG] get_valid_student_ids_for_management_page: 来源1=0, 来源2=29, 来源3=0, 来源4=29, 来源5=6, union_ids=29, 最终有效学生数=29
[DEBUG] get_valid_student_ids_for_management_page: 来源1=0, 来源2=29, 来源3=0, 来源4=29, 来源5=6, union_ids=29, 最终有效学生数=29
[DEBUG] get_valid_student_ids_for_management_page: 来源1=0, 来源2=29, 来源3=0, 来源4=29, 来源5=6, union_ids=29, 最终有效学生数=29
[DEBUG] get_valid_student_ids_for_management_page: 来源1=0, 来源2=29, 来源3=0, 来源4=29, 来源5=6, union_ids=29, 最终有效学生数=29
[DEBUG] get_valid_student_ids_for_management_page: 来源1=0, 来源2=29, 来源3=0, 来源4=29, 来源5=6, union_ids=29, 最终有效学生数=29
[DEBUG] get_valid_student_ids_for_management_page: 来源1=0, 来源2=29, 来源3=0, 来源4=29, 来源5=6, union_ids=29, 最终有效学生数=29
[DEBUG] get_valid_student_ids_for_management_page: 来源1=0, 来源2=29, 来源3=0, 来源4=29, 来源5=6, union_ids=29, 最终有效学生数=29
[DEBUG] get_valid_student_ids_for_management_page: 来源1=0, 来源2=29, 来源3=0, 来源4=29, 来源5=6, union_ids=29, 最终有效学生数=29
[DEBUG] get_valid_student_ids_for_management_page: 来源1=0, 来源2=29, 来源3=0, 来源4=29, 来源5=6, union_ids=29, 最终有效学生数=29
[DEBUG] get_valid_student_ids_for_management_page: 来源1=0, 来源2=29, 来源3=0, 来源4=29, 来源5=6, union_ids=29, 最终有效学生数=29
API查询: month=2026-03, week=3
日期范围: 2026-03-16 到 2026-03-22
查询结果数量: 1
第一条记录日期: 2026-03-18
[DEBUG] get_valid_student_ids_for_management_page: 来源1=0, 来源2=29, 来源3=0, 来源4=29, 来源5=6, union_ids=29, 最终有效学生数=29
API查询: month=2026-03, week=3
日期范围: 2026-03-16 到 2026-03-22
查询结果数量: 0
[DEBUG] get_valid_student_ids_for_management_page: 来源1=0, 来源2=29, 来源3=0, 来源4=29, 来源5=6, union_ids=29, 最终有效学生数=29
[DEBUG] get_valid_student_ids_for_management_page: 来源1=0, 来源2=29, 来源3=0, 来源4=29, 来源5=6, union_ids=29, 最终有效学生数=29
API查询: month=2026-03, week=3
日期范围: 2026-03-16 到 2026-03-22
查询结果数量: 0
[DEBUG] get_valid_student_ids_for_management_page: 来源1=0, 来源2=29, 来源3=0, 来源4=29, 来源5=6, union_ids=29, 最终有效学生数=29
API查询: month=2026-03, week=3
日期范围: 2026-03-16 到 2026-03-22
查询结果数量: 0
[DEBUG] get_valid_student_ids_for_management_page: 来源1=0, 来源2=29, 来源3=0, 来源4=29, 来源5=6, union_ids=29, 最终有效学生数=29
API查询: month=2026-03, week=3
日期范围: 2026-03-16 到 2026-03-22
查询结果数量: 0
[DEBUG] get_valid_student_ids_for_management_page: 来源1=0, 来源2=29, 来源3=0, 来源4=29, 来源5=6, union_ids=29, 最终有效学生数=29
API查询: month=2026-03, week=3
日期范围: 2026-03-16 到 2026-03-22
查询结果数量: 0
[DEBUG] get_valid_student_ids_for_management_page: 来源1=0, 来源2=29, 来源3=0, 来源4=29, 来源5=6, union_ids=29, 最终有效学生数=29
[DEBUG] get_valid_student_ids_for_management_page: 来源1=0, 来源2=29, 来源3=0, 来源4=29, 来源5=6, union_ids=29, 最终有效学生数=29
[DEBUG] get_valid_student_ids_for_management_page: 来源1=0, 来源2=29, 来源3=0, 来源4=29, 来源5=6, union_ids=29, 最终有效学生数=29
API查询: month=2026-03, week=3
日期范围: 2026-03-16 到 2026-03-22
查询结果数量: 1
第一条记录日期: 2026-03-18
[DEBUG] get_valid_student_ids_for_management_page: 来源1=0, 来源2=29, 来源3=0, 来源4=29, 来源5=6, union_ids=29, 最终有效学生数=29
[DEBUG] get_valid_student_ids_for_management_page: 来源1=0, 来源2=29, 来源3=0, 来源4=29, 来源5=6, union_ids=29, 最终有效学生数=29
[DEBUG] get_valid_student_ids_for_management_page: 来源1=0, 来源2=29, 来源3=0, 来源4=29, 来源5=6, union_ids=29, 最终有效学生数=29
API查询: month=2026-03, week=3
日期范围: 2026-03-16 到 2026-03-22
查询结果数量: 1
第一条记录日期: 2026-03-18
[DEBUG] get_valid_student_ids_for_management_page: 来源1=0, 来源2=29, 来源3=0, 来源4=29, 来源5=6, union_ids=29, 最终有效学生数=29
[DEBUG] get_valid_student_ids_for_management_page: 来源1=0, 来源2=29, 来源3=0, 来源4=29, 来源5=6, union_ids=29, 最终有效学生数=29
[DEBUG] get_valid_student_ids_for_management_page: 来源1=0, 来源2=29, 来源3=0, 来源4=29, 来源5=6, union_ids=29, 最终有效学生数=29
API查询: month=2026-03, week=3
日期范围: 2026-03-16 到 2026-03-22
查询结果数量: 1
第一条记录日期: 2026-03-18
[DEBUG] get_valid_student_ids_for_management_page: 来源1=0, 来源2=29, 来源3=0, 来源4=29, 来源5=6, union_ids=29, 最终有效学生数=29
[DEBUG] get_valid_student_ids_for_management_page: 来源1=0, 来源2=29, 来源3=0, 来源4=29, 来源5=6, union_ids=29, 最终有效学生数=29
[DEBUG] get_valid_student_ids_for_management_page: 来源1=0, 来源2=29, 来源3=0, 来源4=29, 来源5=6, union_ids=29, 最终有效学生数=29
API查询: month=2026-03, week=3
日期范围: 2026-03-16 到 2026-03-22
查询结果数量: 1
第一条记录日期: 2026-03-18
[DEBUG] get_valid_student_ids_for_management_page: 来源1=0, 来源2=29, 来源3=0, 来源4=29, 来源5=6, union_ids=29, 最终有效学生数=29
[DEBUG] get_valid_student_ids_for_management_page: 来源1=0, 来源2=29, 来源3=0, 来源4=29, 来源5=6, union_ids=29, 最终有效学生数=29
[DEBUG] get_valid_student_ids_for_management_page: 来源1=0, 来源2=29, 来源3=0, 来源4=29, 来源5=6, union_ids=29, 最终有效学生数=29
API查询: month=2026-03, week=3
日期范围: 2026-03-16 到 2026-03-22
查询结果数量: 1
第一条记录日期: 2026-03-18
[DEBUG] get_valid_student_ids_for_management_page: 来源1=0, 来源2=29, 来源3=0, 来源4=29, 来源5=6, union_ids=29, 最终有效学生数=29
[调试] scope_leads=True, 但 filter_trial_lead_ids 为空，返回全部试课排课
[调试] 查询结果数量: 0
[调试] scope_leads=True, 但 filter_trial_lead_ids 为空，返回全部试课排课
[调试] 查询结果数量: 0
[DEBUG] all_courses API: 查询总数 = 11, 页码 = 1, 每页 = 20
[DEBUG] all_courses API: 查询总数 = 11, 页码 = 1, 每页 = 1000
[DEBUG] all_courses API: 返回课程数量 = 11
Stats request: month=2026-03, student_id=None, course_id=None
[DEBUG] all_courses API: 返回课程数量 = 11
[DEBUG] get_valid_student_ids_for_management_page: 来源1=0, 来源2=29, 来源3=0, 来源4=29, 来源5=6, union_ids=29, 最终有效学生数=29
[DEBUG] get_valid_student_ids_for_management_page: 来源1=0, 来源2=29, 来源3=0, 来源4=29, 来源5=6, union_ids=29, 最终有效学生数=29
[DEBUG] all_courses API: 转换后的数据示例（前3条）: [{'id': 1, 'student_id': 33, 'marketing_lead_id': None, 'student_name': '赖姝彤', 'grade': '初二', 'course_id': 1, 'course_name': '数学1v1', 'subject': '数学', 'teacher_id': 9, 'teacher_name': '彭老师', 'course_date': '2026-02-09', 'weekday': '周一', 'time_slot': '8:10-9:30', 'classroom': 'A1', 'notes': None, 'status': '正常', 'trial_status': None, 'is_confirmed': True, 'created_at': '2026-02-09 13:51:27'}, {'id': 4, 'student_id': 8, 'marketing_lead_id': None, 'student_name': '钟荣睿', 'grade': '初一', 'course_id': 1, 'course_name': '数学1v1', 'subject': '数学', 'teacher_id': 9, 'teacher_name': '彭老师', 'course_date': '2026-02-09', 'weekday': '周一', 'time_slot': '14:10-15:30', 'classroom': 'A2', 'notes': None, 'status': '正常', 'trial_status': None, 'is_confirmed': True, 'created_at': '2026-02-09 14:09:35'}, {'id': 3, 'student_id': 30, 'marketing_lead_id': None, 'student_name': '黄子轩', 'grade': '高三', 'course_id': 1, 'course_name': '数学1v1', 'subject': '数学', 'teacher_id': 9, 'teacher_name': '彭老师', 'course_date': '2026-02-10', 'weekday': '周二', 'time_slot': '17:10-18:30', 'classroom': 'A3', 'notes': None, 'status': '正常', 'trial_status': None, 'is_confirmed': True, 'created_at': '2026-02-09 13:55:27'}]
[DEBUG] get_valid_student_ids_for_management_page: 来源1=0, 来源2=29, 来源3=0, 来源4=29, 来源5=6, union_ids=29, 最终有效学生数=29
[DEBUG] all_courses API: 转换后的数据示例（前3条）: [{'id': 1, 'student_id': 33, 'marketing_lead_id': None, 'student_name': '赖姝彤', 'grade': '初二', 'course_id': 1, 'course_name': '数学1v1', 'subject': '数学', 'teacher_id': 9, 'teacher_name': '彭老师', 'course_date': '2026-02-09', 'weekday': '周一', 'time_slot': '8:10-9:30', 'classroom': 'A1', 'notes': None, 'status': '正常', 'trial_status': None, 'is_confirmed': True, 'created_at': '2026-02-09 13:51:27'}, {'id': 4, 'student_id': 8, 'marketing_lead_id': None, 'student_name': '钟荣睿', 'grade': '初一', 'course_id': 1, 'course_name': '数学1v1', 'subject': '数学', 'teacher_id': 9, 'teacher_name': '彭老师', 'course_date': '2026-02-09', 'weekday': '周一', 'time_slot': '14:10-15:30', 'classroom': 'A2', 'notes': None, 'status': '正常', 'trial_status': None, 'is_confirmed': True, 'created_at': '2026-02-09 14:09:35'}, {'id': 3, 'student_id': 30, 'marketing_lead_id': None, 'student_name': '黄子轩', 'grade': '高三', 'course_id': 1, 'course_name': '数学1v1', 'subject': '数学', 'teacher_id': 9, 'teacher_name': '彭老师', 'course_date': '2026-02-10', 'weekday': '周二', 'time_slot': '17:10-18:30', 'classroom': 'A3', 'notes': None, 'status': '正常', 'trial_status': None, 'is_confirmed': True, 'created_at': '2026-02-09 13:55:27'}]
[DEBUG] all_courses API: 查询总数 = 11, 页码 = 1, 每页 = 1000
Stats request: month=2026-03, student_id=None, course_id=None
[DEBUG] all_courses API: 查询总数 = 11, 页码 = 1, 每页 = 20
[DEBUG] all_courses API: 返回课程数量 = 11
[DEBUG] all_courses API: 返回课程数量 = 11
[DEBUG] get_valid_student_ids_for_management_page: 来源1=0, 来源2=29, 来源3=0, 来源4=29, 来源5=6, union_ids=29, 最终有效学生数=29
[DEBUG] get_valid_student_ids_for_management_page: 来源1=0, 来源2=29, 来源3=0, 来源4=29, 来源5=6, union_ids=29, 最终有效学生数=29
[DEBUG] all_courses API: 转换后的数据示例（前3条）: [{'id': 1, 'student_id': 33, 'marketing_lead_id': None, 'student_name': '赖姝彤', 'grade': '初二', 'course_id': 1, 'course_name': '数学1v1', 'subject': '数学', 'teacher_id': 9, 'teacher_name': '彭老师', 'course_date': '2026-02-09', 'weekday': '周一', 'time_slot': '8:10-9:30', 'classroom': 'A1', 'notes': None, 'status': '正常', 'trial_status': None, 'is_confirmed': True, 'created_at': '2026-02-09 13:51:27'}, {'id': 4, 'student_id': 8, 'marketing_lead_id': None, 'student_name': '钟荣睿', 'grade': '初一', 'course_id': 1, 'course_name': '数学1v1', 'subject': '数学', 'teacher_id': 9, 'teacher_name': '彭老师', 'course_date': '2026-02-09', 'weekday': '周一', 'time_slot': '14:10-15:30', 'classroom': 'A2', 'notes': None, 'status': '正常', 'trial_status': None, 'is_confirmed': True, 'created_at': '2026-02-09 14:09:35'}, {'id': 3, 'student_id': 30, 'marketing_lead_id': None, 'student_name': '黄子轩', 'grade': '高三', 'course_id': 1, 'course_name': '数学1v1', 'subject': '数学', 'teacher_id': 9, 'teacher_name': '彭老师', 'course_date': '2026-02-10', 'weekday': '周二', 'time_slot': '17:10-18:30', 'classroom': 'A3', 'notes': None, 'status': '正常', 'trial_status': None, 'is_confirmed': True, 'created_at': '2026-02-09 13:55:27'}]
[DEBUG] get_valid_student_ids_for_management_page: 来源1=0, 来源2=29, 来源3=0, 来源4=29, 来源5=6, union_ids=29, 最终有效学生数=29
[DEBUG] all_courses API: 转换后的数据示例（前3条）: [{'id': 1, 'student_id': 33, 'marketing_lead_id': None, 'student_name': '赖姝彤', 'grade': '初二', 'course_id': 1, 'course_name': '数学1v1', 'subject': '数学', 'teacher_id': 9, 'teacher_name': '彭老师', 'course_date': '2026-02-09', 'weekday': '周一', 'time_slot': '8:10-9:30', 'classroom': 'A1', 'notes': None, 'status': '正常', 'trial_status': None, 'is_confirmed': True, 'created_at': '2026-02-09 13:51:27'}, {'id': 4, 'student_id': 8, 'marketing_lead_id': None, 'student_name': '钟荣睿', 'grade': '初一', 'course_id': 1, 'course_name': '数学1v1', 'subject': '数学', 'teacher_id': 9, 'teacher_name': '彭老师', 'course_date': '2026-02-09', 'weekday': '周一', 'time_slot': '14:10-15:30', 'classroom': 'A2', 'notes': None, 'status': '正常', 'trial_status': None, 'is_confirmed': True, 'created_at': '2026-02-09 14:09:35'}, {'id': 3, 'student_id': 30, 'marketing_lead_id': None, 'student_name': '黄子轩', 'grade': '高三', 'course_id': 1, 'course_name': '数学1v1', 'subject': '数学', 'teacher_id': 9, 'teacher_name': '彭老师', 'course_date': '2026-02-10', 'weekday': '周二', 'time_slot': '17:10-18:30', 'classroom': 'A3', 'notes': None, 'status': '正常', 'trial_status': None, 'is_confirmed': True, 'created_at': '2026-02-09 13:55:27'}]
[DEBUG] get_valid_student_ids_for_management_page: 来源1=0, 来源2=29, 来源3=0, 来源4=29, 来源5=6, union_ids=29, 最终有效学生数=29
[DEBUG] get_valid_student_ids_for_management_page: 来源1=0, 来源2=29, 来源3=0, 来源4=29, 来源5=6, union_ids=29, 最终有效学生数=29
[DEBUG] get_valid_student_ids_for_management_page: 来源1=0, 来源2=29, 来源3=0, 来源4=29, 来源5=6, union_ids=29, 最终有效学生数=29
[DEBUG] get_valid_student_ids_for_management_page: 来源1=0, 来源2=29, 来源3=0, 来源4=29, 来源5=6, union_ids=29, 最终有效学生数=29
[DEBUG] get_valid_student_ids_for_management_page: 来源1=0, 来源2=29, 来源3=0, 来源4=29, 来源5=6, union_ids=29, 最终有效学生数=29
[DEBUG] get_valid_student_ids_for_management_page: 来源1=0, 来源2=29, 来源3=0, 来源4=29, 来源5=6, union_ids=29, 最终有效学生数=29
[DEBUG] get_valid_student_ids_for_management_page: 来源1=0, 来源2=29, 来源3=0, 来源4=29, 来源5=6, union_ids=29, 最终有效学生数=29
[DEBUG] get_valid_student_ids_for_management_page: 来源1=0, 来源2=29, 来源3=0, 来源4=29, 来源5=6, union_ids=29, 最终有效学生数=29
[DEBUG] get_valid_student_ids_for_management_page: 来源1=0, 来源2=29, 来源3=0, 来源4=29, 来源5=6, union_ids=29, 最终有效学生数=29
[DEBUG] get_valid_student_ids_for_management_page: 来源1=0, 来源2=29, 来源3=0, 来源4=29, 来源5=6, union_ids=29, 最终有效学生数=29
[DEBUG] get_valid_student_ids_for_management_page: 来源1=0, 来源2=29, 来源3=0, 来源4=29, 来源5=6, union_ids=29, 最终有效学生数=29
[DEBUG] get_valid_student_ids_for_management_page: 来源1=0, 来源2=29, 来源3=0, 来源4=29, 来源5=6, union_ids=29, 最终有效学生数=29
[DEBUG] get_valid_student_ids_for_management_page: 来源1=0, 来源2=29, 来源3=0, 来源4=29, 来源5=6, union_ids=29, 最终有效学生数=29
API查询: month=2026-03, week=3
日期范围: 2026-03-16 到 2026-03-22
查询结果数量: 0
[DEBUG] get_valid_student_ids_for_management_page: 来源1=0, 来源2=29, 来源3=0, 来源4=29, 来源5=6, union_ids=29, 最终有效学生数=29
API查询: month=2026-03, week=3
日期范围: 2026-03-16 到 2026-03-22
查询结果数量: 1
第一条记录日期: 2026-03-18
[DEBUG] get_valid_student_ids_for_management_page: 来源1=0, 来源2=29, 来源3=0, 来源4=29, 来源5=6, union_ids=29, 最终有效学生数=29
API查询: month=2026-03, week=3
日期范围: 2026-03-16 到 2026-03-22
查询结果数量: 0
[DEBUG] get_valid_student_ids_for_management_page: 来源1=0, 来源2=29, 来源3=0, 来源4=29, 来源5=6, union_ids=29, 最终有效学生数=29
API查询: month=2026-03, week=3
日期范围: 2026-03-16 到 2026-03-22
查询结果数量: 0
[DEBUG] get_valid_student_ids_for_management_page: 来源1=0, 来源2=29, 来源3=0, 来源4=29, 来源5=6, union_ids=29, 最终有效学生数=29
API查询: month=2026-03, week=3
日期范围: 2026-03-16 到 2026-03-22
查询结果数量: 0
[DEBUG] get_valid_student_ids_for_management_page: 来源1=0, 来源2=29, 来源3=0, 来源4=29, 来源5=6, union_ids=29, 最终有效学生数=29
API查询: month=2026-03, week=3
日期范围: 2026-03-16 到 2026-03-22
查询结果数量: 0
[DEBUG] get_valid_student_ids_for_management_page: 来源1=0, 来源2=29, 来源3=0, 来源4=29, 来源5=6, union_ids=29, 最终有效学生数=29
[DEBUG] get_valid_student_ids_for_management_page: 来源1=0, 来源2=29, 来源3=0, 来源4=29, 来源5=6, union_ids=29, 最终有效学生数=29
[DEBUG] get_valid_student_ids_for_management_page: 来源1=0, 来源2=29, 来源3=0, 来源4=29, 来源5=6, union_ids=29, 最终有效学生数=29
API查询: month=2026-03, week=3
日期范围: 2026-03-16 到 2026-03-22
查询结果数量: 1
第一条记录日期: 2026-03-18
[DEBUG] get_valid_student_ids_for_management_page: 来源1=0, 来源2=29, 来源3=0, 来源4=29, 来源5=6, union_ids=29, 最终有效学生数=29
[DEBUG] get_valid_student_ids_for_management_page: 来源1=0, 来源2=29, 来源3=0, 来源4=29, 来源5=6, union_ids=29, 最终有效学生数=29
[DEBUG] get_valid_student_ids_for_management_page: 来源1=0, 来源2=29, 来源3=0, 来源4=29, 来源5=6, union_ids=29, 最终有效学生数=29
API查询: month=2026-03, week=3
日期范围: 2026-03-16 到 2026-03-22
查询结果数量: 1
第一条记录日期: 2026-03-18
[DEBUG] get_valid_student_ids_for_management_page: 来源1=0, 来源2=29, 来源3=0, 来源4=29, 来源5=6, union_ids=29, 最终有效学生数=29
[DEBUG] get_valid_student_ids_for_management_page: 来源1=0, 来源2=29, 来源3=0, 来源4=29, 来源5=6, union_ids=29, 最终有效学生数=29
[DEBUG] get_valid_student_ids_for_management_page: 来源1=0, 来源2=29, 来源3=0, 来源4=29, 来源5=6, union_ids=29, 最终有效学生数=29
API查询: month=2026-03, week=3
日期范围: 2026-03-16 到 2026-03-22
查询结果数量: 1
第一条记录日期: 2026-03-18
[DEBUG] get_valid_student_ids_for_management_page: 来源1=0, 来源2=29, 来源3=0, 来源4=29, 来源5=6, union_ids=29, 最终有效学生数=29
[DEBUG] get_valid_student_ids_for_management_page: 来源1=0, 来源2=29, 来源3=0, 来源4=29, 来源5=6, union_ids=29, 最终有效学生数=29
[DEBUG] get_valid_student_ids_for_management_page: 来源1=0, 来源2=29, 来源3=0, 来源4=29, 来源5=6, union_ids=29, 最终有效学生数=29
API查询: month=2026-03, week=3
日期范围: 2026-03-16 到 2026-03-22
查询结果数量: 1
第一条记录日期: 2026-03-18
[DEBUG] get_valid_student_ids_for_management_page: 来源1=0, 来源2=29, 来源3=0, 来源4=29, 来源5=6, union_ids=29, 最终有效学生数=29
[DEBUG] get_valid_student_ids_for_management_page: 来源1=0, 来源2=29, 来源3=0, 来源4=29, 来源5=6, union_ids=29, 最终有效学生数=29
[DEBUG] get_valid_student_ids_for_management_page: 来源1=0, 来源2=29, 来源3=0, 来源4=29, 来源5=6, union_ids=29, 最终有效学生数=29
API查询: month=2026-03, week=3
日期范围: 2026-03-16 到 2026-03-22
查询结果数量: 1
第一条记录日期: 2026-03-18
[DEBUG] get_valid_student_ids_for_management_page: 来源1=0, 来源2=29, 来源3=0, 来源4=29, 来源5=6, union_ids=29, 最终有效学生数=29
[DEBUG] get_valid_student_ids_for_management_page: 来源1=0, 来源2=29, 来源3=0, 来源4=29, 来源5=6, union_ids=29, 最终有效学生数=29
[DEBUG] get_valid_student_ids_for_management_page: 来源1=0, 来源2=29, 来源3=0, 来源4=29, 来源5=6, union_ids=29, 最终有效学生数=29
API查询: month=2026-03, week=4
日期范围: 2026-03-23 到 2026-03-29
查询结果数量: 2
第一条记录日期: 2026-03-28
[DEBUG] get_valid_student_ids_for_management_page: 来源1=0, 来源2=29, 来源3=0, 来源4=29, 来源5=6, union_ids=29, 最终有效学生数=29
[DEBUG] get_valid_student_ids_for_management_page: 来源1=0, 来源2=29, 来源3=0, 来源4=29, 来源5=6, union_ids=29, 最终有效学生数=29
[DEBUG] get_valid_student_ids_for_management_page: 来源1=0, 来源2=29, 来源3=0, 来源4=29, 来源5=6, union_ids=29, 最终有效学生数=29
[DEBUG] get_valid_student_ids_for_management_page: 来源1=0, 来源2=29, 来源3=0, 来源4=29, 来源5=6, union_ids=29, 最终有效学生数=29
[DEBUG] get_valid_student_ids_for_management_page: 来源1=0, 来源2=29, 来源3=0, 来源4=29, 来源5=6, union_ids=29, 最终有效学生数=29
[DEBUG] get_valid_student_ids_for_management_page: 来源1=0, 来源2=29, 来源3=0, 来源4=29, 来源5=6, union_ids=29, 最终有效学生数=29
[DEBUG] get_valid_student_ids_for_management_page: 来源1=0, 来源2=29, 来源3=0, 来源4=29, 来源5=6, union_ids=29, 最终有效学生数=29
[DEBUG] get_valid_student_ids_for_management_page: 来源1=0, 来源2=29, 来源3=0, 来源4=29, 来源5=6, union_ids=29, 最终有效学生数=29
[DEBUG] get_valid_student_ids_for_management_page: 来源1=0, 来源2=29, 来源3=0, 来源4=29, 来源5=6, union_ids=29, 最终有效学生数=29
[DEBUG] get_valid_student_ids_for_management_page: 来源1=0, 来源2=29, 来源3=0, 来源4=29, 来源5=6, union_ids=29, 最终有效学生数=29
[DEBUG] get_valid_student_ids_for_management_page: 来源1=0, 来源2=29, 来源3=0, 来源4=29, 来源5=6, union_ids=29, 最终有效学生数=29
[DEBUG] get_valid_student_ids_for_management_page: 来源1=0, 来源2=29, 来源3=0, 来源4=29, 来源5=6, union_ids=29, 最终有效学生数=29
[DEBUG] get_valid_student_ids_for_management_page: 来源1=0, 来源2=29, 来源3=0, 来源4=29, 来源5=6, union_ids=29, 最终有效学生数=29
API查询: month=2026-03, week=4
日期范围: 2026-03-23 到 2026-03-29
查询结果数量: 1
第一条记录日期: 2026-03-24
[DEBUG] get_valid_student_ids_for_management_page: 来源1=0, 来源2=29, 来源3=0, 来源4=29, 来源5=6, union_ids=29, 最终有效学生数=29
API查询: month=2026-03, week=4
日期范围: 2026-03-23 到 2026-03-29
查询结果数量: 0
[DEBUG] get_valid_student_ids_for_management_page: 来源1=0, 来源2=29, 来源3=0, 来源4=29, 来源5=6, union_ids=29, 最终有效学生数=29
API查询: month=2026-03, week=4
日期范围: 2026-03-23 到 2026-03-29
查询结果数量: 0
[DEBUG] get_valid_student_ids_for_management_page: 来源1=0, 来源2=29, 来源3=0, 来源4=29, 来源5=6, union_ids=29, 最终有效学生数=29
API查询: month=2026-03, week=4
日期范围: 2026-03-23 到 2026-03-29
查询结果数量: 0
[DEBUG] get_valid_student_ids_for_management_page: 来源1=0, 来源2=29, 来源3=0, 来源4=29, 来源5=6, union_ids=29, 最终有效学生数=29
API查询: month=2026-03, week=4
日期范围: 2026-03-23 到 2026-03-29
查询结果数量: 1
第一条记录日期: 2026-03-28
[DEBUG] get_valid_student_ids_for_management_page: 来源1=0, 来源2=29, 来源3=0, 来源4=29, 来源5=6, union_ids=29, 最终有效学生数=29
API查询: month=2026-03, week=4
日期范围: 2026-03-23 到 2026-03-29
查询结果数量: 0
[DEBUG] get_valid_student_ids_for_management_page: 来源1=0, 来源2=29, 来源3=0, 来源4=29, 来源5=6, union_ids=29, 最终有效学生数=29
[DEBUG] get_valid_student_ids_for_management_page: 来源1=0, 来源2=29, 来源3=0, 来源4=29, 来源5=6, union_ids=29, 最终有效学生数=29
[DEBUG] get_valid_student_ids_for_management_page: 来源1=0, 来源2=29, 来源3=0, 来源4=29, 来源5=6, union_ids=29, 最终有效学生数=29
[DEBUG] get_valid_student_ids_for_management_page: 来源1=0, 来源2=29, 来源3=0, 来源4=29, 来源5=6, union_ids=29, 最终有效学生数=29
[DEBUG] get_valid_student_ids_for_management_page: 来源1=0, 来源2=29, 来源3=0, 来源4=29, 来源5=6, union_ids=29, 最终有效学生数=29
[DEBUG] get_valid_student_ids_for_management_page: 来源1=0, 来源2=29, 来源3=0, 来源4=29, 来源5=6, union_ids=29, 最终有效学生数=29
[DEBUG] get_valid_student_ids_for_management_page: 来源1=0, 来源2=29, 来源3=0, 来源4=29, 来源5=6, union_ids=29, 最终有效学生数=29
API查询: month=2026-03, week=4
日期范围: 2026-03-23 到 2026-03-29
查询结果数量: 2
第一条记录日期: 2026-03-28
[DEBUG] get_valid_student_ids_for_management_page: 来源1=0, 来源2=29, 来源3=0, 来源4=29, 来源5=6, union_ids=29, 最终有效学生数=29
[DEBUG] get_valid_student_ids_for_management_page: 来源1=0, 来源2=29, 来源3=0, 来源4=29, 来源5=6, union_ids=29, 最终有效学生数=29
[DEBUG] get_valid_student_ids_for_management_page: 来源1=0, 来源2=29, 来源3=0, 来源4=29, 来源5=6, union_ids=29, 最终有效学生数=29
API查询: month=2026-04, week=1
日期范围: 2026-04-06 到 2026-04-12
查询结果数量: 2
第一条记录日期: 2026-04-11
[DEBUG] get_valid_student_ids_for_management_page: 来源1=0, 来源2=29, 来源3=0, 来源4=29, 来源5=6, union_ids=29, 最终有效学生数=29
[DEBUG] get_valid_student_ids_for_management_page: 来源1=0, 来源2=29, 来源3=0, 来源4=29, 来源5=6, union_ids=29, 最终有效学生数=29
[DEBUG] get_valid_student_ids_for_management_page: 来源1=0, 来源2=29, 来源3=0, 来源4=29, 来源5=6, union_ids=29, 最终有效学生数=29
[DEBUG] get_valid_student_ids_for_management_page: 来源1=0, 来源2=29, 来源3=0, 来源4=29, 来源5=6, union_ids=29, 最终有效学生数=29
[DEBUG] get_valid_student_ids_for_management_page: 来源1=0, 来源2=29, 来源3=0, 来源4=29, 来源5=6, union_ids=29, 最终有效学生数=29
[DEBUG] get_valid_student_ids_for_management_page: 来源1=0, 来源2=29, 来源3=0, 来源4=29, 来源5=6, union_ids=29, 最终有效学生数=29
API查询: month=2026-04, week=1
日期范围: 2026-04-06 到 2026-04-12
查询结果数量: 0
[DEBUG] get_valid_student_ids_for_management_page: 来源1=0, 来源2=29, 来源3=0, 来源4=29, 来源5=6, union_ids=29, 最终有效学生数=29
API查询: month=2026-04, week=1
日期范围: 2026-04-06 到 2026-04-12
查询结果数量: 1
第一条记录日期: 2026-04-11
[DEBUG] get_valid_student_ids_for_management_page: 来源1=0, 来源2=29, 来源3=0, 来源4=29, 来源5=6, union_ids=29, 最终有效学生数=29
[DEBUG] get_valid_student_ids_for_management_page: 来源1=0, 来源2=29, 来源3=0, 来源4=29, 来源5=6, union_ids=29, 最终有效学生数=29
[DEBUG] get_valid_student_ids_for_management_page: 来源1=0, 来源2=29, 来源3=0, 来源4=29, 来源5=6, union_ids=29, 最终有效学生数=29
API查询: month=2026-04, week=1
日期范围: 2026-04-06 到 2026-04-12
查询结果数量: 0
[DEBUG] get_valid_student_ids_for_management_page: 来源1=0, 来源2=29, 来源3=0, 来源4=29, 来源5=6, union_ids=29, 最终有效学生数=29
API查询: month=2026-04, week=1
日期范围: 2026-04-06 到 2026-04-12
查询结果数量: 1
第一条记录日期: 2026-04-07
[DEBUG] get_valid_student_ids_for_management_page: 来源1=0, 来源2=29, 来源3=0, 来源4=29, 来源5=6, union_ids=29, 最终有效学生数=29
[DEBUG] get_valid_student_ids_for_management_page: 来源1=0, 来源2=29, 来源3=0, 来源4=29, 来源5=6, union_ids=29, 最终有效学生数=29
API查询: month=2026-04, week=1
日期范围: 2026-04-06 到 2026-04-12
查询结果数量: 0
[DEBUG] get_valid_student_ids_for_management_page: 来源1=0, 来源2=29, 来源3=0, 来源4=29, 来源5=6, union_ids=29, 最终有效学生数=29
[DEBUG] get_valid_student_ids_for_management_page: 来源1=0, 来源2=29, 来源3=0, 来源4=29, 来源5=6, union_ids=29, 最终有效学生数=29
API查询: month=2026-04, week=1
日期范围: 2026-04-06 到 2026-04-12
查询结果数量: 0
[DEBUG] get_valid_student_ids_for_management_page: 来源1=0, 来源2=29, 来源3=0, 来源4=29, 来源5=6, union_ids=29, 最终有效学生数=29
[DEBUG] get_valid_student_ids_for_management_page: 来源1=0, 来源2=29, 来源3=0, 来源4=29, 来源5=6, union_ids=29, 最终有效学生数=29
[DEBUG] get_valid_student_ids_for_management_page: 来源1=0, 来源2=29, 来源3=0, 来源4=29, 来源5=6, union_ids=29, 最终有效学生数=29
API查询: month=2026-04, week=1
