2026-01-13 06:07:23 - app - INFO - /Users/superman/Desktop/jiaowu/utils/logging_config.py:86 - 日志系统初始化完成
2026-01-13 06:07:23 - app - INFO - /Users/superman/Desktop/jiaowu/app.py:63 - 应用初始化完成，配置: default
2026-01-13 06:07:24 - app - INFO - /Users/superman/Desktop/jiaowu/utils/logging_config.py:86 - 日志系统初始化完成
2026-01-13 06:07:24 - app - INFO - /Users/superman/Desktop/jiaowu/app.py:63 - 应用初始化完成，配置: default
2026-01-13 06:10:37 - app - INFO - /Users/superman/Desktop/jiaowu/utils/logging_config.py:86 - 日志系统初始化完成
2026-01-13 06:10:38 - app - INFO - /Users/superman/Desktop/jiaowu/app.py:63 - 应用初始化完成，配置: default
2026-01-13 06:10:39 - app - INFO - /Users/superman/Desktop/jiaowu/utils/logging_config.py:86 - 日志系统初始化完成
2026-01-13 06:10:39 - app - INFO - /Users/superman/Desktop/jiaowu/app.py:63 - 应用初始化完成，配置: default
2026-01-13 06:10:44 - app - INFO - /Users/superman/Desktop/jiaowu/utils/logging_config.py:86 - 日志系统初始化完成
2026-01-13 06:10:45 - app - INFO - /Users/superman/Desktop/jiaowu/app.py:63 - 应用初始化完成，配置: default
2026-01-13 06:10:50 - app - INFO - /Users/superman/Desktop/jiaowu/utils/logging_config.py:86 - 日志系统初始化完成
2026-01-13 06:10:51 - app - INFO - /Users/superman/Desktop/jiaowu/app.py:63 - 应用初始化完成，配置: default
2026-01-13 06:10:55 - app - INFO - /Users/superman/Desktop/jiaowu/utils/logging_config.py:86 - 日志系统初始化完成
2026-01-13 06:10:56 - app - INFO - /Users/superman/Desktop/jiaowu/app.py:63 - 应用初始化完成，配置: default
2026-01-13 06:10:58 - app - INFO - /Users/superman/Desktop/jiaowu/utils/logging_config.py:86 - 日志系统初始化完成
2026-01-13 06:10:59 - app - INFO - /Users/superman/Desktop/jiaowu/app.py:63 - 应用初始化完成，配置: default
2026-01-13 06:11:01 - app - INFO - /Users/superman/Desktop/jiaowu/utils/logging_config.py:86 - 日志系统初始化完成
2026-01-13 06:11:02 - app - INFO - /Users/superman/Desktop/jiaowu/app.py:63 - 应用初始化完成，配置: default
2026-01-13 06:11:04 - app - INFO - /Users/superman/Desktop/jiaowu/utils/logging_config.py:86 - 日志系统初始化完成
2026-01-13 06:11:04 - app - INFO - /Users/superman/Desktop/jiaowu/app.py:63 - 应用初始化完成，配置: default
2026-01-13 06:11:08 - app - INFO - /Users/superman/Desktop/jiaowu/utils/logging_config.py:86 - 日志系统初始化完成
2026-01-13 06:11:08 - app - INFO - /Users/superman/Desktop/jiaowu/app.py:63 - 应用初始化完成，配置: default
2026-01-13 06:11:11 - app - INFO - /Users/superman/Desktop/jiaowu/utils/logging_config.py:86 - 日志系统初始化完成
2026-01-13 06:11:11 - app - INFO - /Users/superman/Desktop/jiaowu/app.py:63 - 应用初始化完成，配置: default
2026-01-13 06:11:20 - app - INFO - /Users/superman/Desktop/jiaowu/utils/logging_config.py:86 - 日志系统初始化完成
2026-01-13 06:11:21 - app - INFO - /Users/superman/Desktop/jiaowu/app.py:63 - 应用初始化完成，配置: default
2026-01-13 06:11:25 - app - INFO - /Users/superman/Desktop/jiaowu/utils/logging_config.py:86 - 日志系统初始化完成
2026-01-13 06:11:26 - app - INFO - /Users/superman/Desktop/jiaowu/app.py:63 - 应用初始化完成，配置: default
2026-01-13 06:11:29 - app - INFO - /Users/superman/Desktop/jiaowu/utils/logging_config.py:86 - 日志系统初始化完成
2026-01-13 06:11:29 - app - INFO - /Users/superman/Desktop/jiaowu/app.py:63 - 应用初始化完成，配置: default
2026-01-13 06:11:31 - app - INFO - /Users/superman/Desktop/jiaowu/utils/logging_config.py:86 - 日志系统初始化完成
2026-01-13 06:11:32 - app - INFO - /Users/superman/Desktop/jiaowu/app.py:63 - 应用初始化完成，配置: default
2026-01-13 06:11:34 - app - INFO - /Users/superman/Desktop/jiaowu/utils/logging_config.py:86 - 日志系统初始化完成
2026-01-13 06:11:35 - app - INFO - /Users/superman/Desktop/jiaowu/app.py:63 - 应用初始化完成，配置: default
2026-01-13 06:11:37 - app - INFO - /Users/superman/Desktop/jiaowu/utils/logging_config.py:86 - 日志系统初始化完成
2026-01-13 06:11:38 - app - INFO - /Users/superman/Desktop/jiaowu/app.py:63 - 应用初始化完成，配置: default
2026-01-13 06:11:41 - app - INFO - /Users/superman/Desktop/jiaowu/utils/logging_config.py:86 - 日志系统初始化完成
2026-01-13 06:11:42 - app - INFO - /Users/superman/Desktop/jiaowu/app.py:63 - 应用初始化完成，配置: default
2026-01-13 06:11:46 - app - INFO - /Users/superman/Desktop/jiaowu/utils/logging_config.py:86 - 日志系统初始化完成
2026-01-13 06:12:42 - app - INFO - /Users/superman/Desktop/jiaowu/utils/logging_config.py:86 - 日志系统初始化完成
2026-01-13 06:13:27 - app - INFO - /Users/superman/Desktop/jiaowu/utils/logging_config.py:86 - 日志系统初始化完成
2026-01-13 06:13:28 - app - INFO - /Users/superman/Desktop/jiaowu/app.py:63 - 应用初始化完成，配置: default
2026-01-13 06:13:29 - app - INFO - /Users/superman/Desktop/jiaowu/utils/logging_config.py:86 - 日志系统初始化完成
2026-01-13 06:13:29 - app - INFO - /Users/superman/Desktop/jiaowu/app.py:63 - 应用初始化完成，配置: default
2026-01-13 06:14:48 - app - INFO - /Users/superman/Desktop/jiaowu/utils/logging_config.py:86 - 日志系统初始化完成
2026-01-13 06:22:48 - app - INFO - /Users/superman/Desktop/jiaowu/utils/logging_config.py:86 - 日志系统初始化完成
2026-01-13 06:23:44 - app - INFO - /Users/superman/Desktop/jiaowu/utils/logging_config.py:86 - 日志系统初始化完成
2026-01-13 06:23:45 - app - INFO - /Users/superman/Desktop/jiaowu/app.py:83 - 应用初始化完成，配置: default
2026-01-13 06:23:45 - app - INFO - /Users/superman/Desktop/jiaowu/utils/logging_config.py:86 - 日志系统初始化完成
2026-01-13 06:23:46 - app - INFO - /Users/superman/Desktop/jiaowu/app.py:83 - 应用初始化完成，配置: default
2026-01-13 06:23:50 - app - INFO - /Users/superman/Desktop/jiaowu/utils/logging_config.py:86 - 日志系统初始化完成
2026-01-13 06:23:51 - app - INFO - /Users/superman/Desktop/jiaowu/app.py:83 - 应用初始化完成，配置: default
2026-01-13 06:25:45 - app - INFO - /Users/superman/Desktop/jiaowu/utils/logging_config.py:86 - 日志系统初始化完成
2026-01-13 06:25:46 - app - INFO - /Users/superman/Desktop/jiaowu/app.py:83 - 应用初始化完成，配置: default
2026-01-13 06:26:24 - app - INFO - /Users/superman/Desktop/jiaowu/utils/logging_config.py:86 - 日志系统初始化完成
2026-01-13 06:26:25 - app - INFO - /Users/superman/Desktop/jiaowu/app.py:83 - 应用初始化完成，配置: default
2026-01-13 06:28:43 - app - INFO - /Users/superman/Desktop/jiaowu/utils/logging_config.py:86 - 日志系统初始化完成
2026-01-13 06:28:44 - app - INFO - /Users/superman/Desktop/jiaowu/app.py:83 - 应用初始化完成，配置: default
2026-01-13 06:31:38 - app - INFO - /Users/superman/Desktop/jiaowu/utils/logging_config.py:86 - 日志系统初始化完成
2026-01-13 06:31:39 - app - INFO - /Users/superman/Desktop/jiaowu/app.py:83 - 应用初始化完成，配置: default
2026-01-13 06:31:53 - app - INFO - /Users/superman/Desktop/jiaowu/utils/logging_config.py:86 - 日志系统初始化完成
2026-01-13 06:31:54 - app - INFO - /Users/superman/Desktop/jiaowu/app.py:83 - 应用初始化完成，配置: default
2026-01-13 06:34:02 - app - INFO - /Users/superman/Desktop/jiaowu/utils/logging_config.py:86 - 日志系统初始化完成
2026-01-13 06:34:03 - app - INFO - /Users/superman/Desktop/jiaowu/app.py:83 - 应用初始化完成，配置: default
2026-01-13 06:34:14 - app - INFO - /Users/superman/Desktop/jiaowu/utils/logging_config.py:86 - 日志系统初始化完成
2026-01-13 06:34:14 - app - INFO - /Users/superman/Desktop/jiaowu/app.py:83 - 应用初始化完成，配置: default
2026-01-13 06:34:34 - app - INFO - /Users/superman/Desktop/jiaowu/utils/logging_config.py:86 - 日志系统初始化完成
2026-01-13 06:34:35 - app - INFO - /Users/superman/Desktop/jiaowu/app.py:83 - 应用初始化完成，配置: default
2026-01-13 06:34:43 - app - INFO - /Users/superman/Desktop/jiaowu/utils/logging_config.py:86 - 日志系统初始化完成
2026-01-13 06:34:44 - app - INFO - /Users/superman/Desktop/jiaowu/app.py:83 - 应用初始化完成，配置: default
2026-01-13 06:35:38 - app - INFO - /Users/superman/Desktop/jiaowu/utils/logging_config.py:86 - 日志系统初始化完成
2026-01-13 06:35:39 - app - INFO - /Users/superman/Desktop/jiaowu/app.py:83 - 应用初始化完成，配置: default
2026-01-13 06:35:45 - app - INFO - /Users/superman/Desktop/jiaowu/utils/logging_config.py:86 - 日志系统初始化完成
2026-01-13 06:35:45 - app - INFO - /Users/superman/Desktop/jiaowu/app.py:83 - 应用初始化完成，配置: default
2026-01-13 06:36:10 - app - INFO - /Users/superman/Desktop/jiaowu/utils/logging_config.py:86 - 日志系统初始化完成
2026-01-13 06:36:11 - app - INFO - /Users/superman/Desktop/jiaowu/app.py:83 - 应用初始化完成，配置: default
2026-01-13 06:36:22 - app - INFO - /Users/superman/Desktop/jiaowu/utils/logging_config.py:86 - 日志系统初始化完成
2026-01-13 06:36:22 - app - INFO - /Users/superman/Desktop/jiaowu/app.py:83 - 应用初始化完成，配置: default
2026-01-13 06:36:51 - app - INFO - /Users/superman/Desktop/jiaowu/utils/logging_config.py:86 - 日志系统初始化完成
2026-01-13 06:36:51 - app - INFO - /Users/superman/Desktop/jiaowu/app.py:83 - 应用初始化完成，配置: default
2026-01-13 06:37:20 - app - INFO - /Users/superman/Desktop/jiaowu/utils/logging_config.py:86 - 日志系统初始化完成
2026-01-13 06:37:21 - app - INFO - /Users/superman/Desktop/jiaowu/app.py:83 - 应用初始化完成，配置: default
2026-01-13 06:37:23 - app - INFO - /Users/superman/Desktop/jiaowu/utils/logging_config.py:86 - 日志系统初始化完成
2026-01-13 06:37:24 - app - INFO - /Users/superman/Desktop/jiaowu/app.py:83 - 应用初始化完成，配置: default
2026-01-13 06:37:26 - app - INFO - /Users/superman/Desktop/jiaowu/utils/logging_config.py:86 - 日志系统初始化完成
2026-01-13 06:37:26 - app - INFO - /Users/superman/Desktop/jiaowu/app.py:83 - 应用初始化完成，配置: default
2026-01-13 06:37:40 - app - INFO - /Users/superman/Desktop/jiaowu/utils/logging_config.py:86 - 日志系统初始化完成
2026-01-13 06:37:41 - app - INFO - /Users/superman/Desktop/jiaowu/app.py:83 - 应用初始化完成，配置: default
2026-01-13 06:38:28 - app - INFO - /Users/superman/Desktop/jiaowu/utils/logging_config.py:86 - 日志系统初始化完成
2026-01-13 06:38:28 - app - INFO - /Users/superman/Desktop/jiaowu/app.py:83 - 应用初始化完成，配置: default
2026-01-13 06:38:39 - app - INFO - /Users/superman/Desktop/jiaowu/utils/logging_config.py:86 - 日志系统初始化完成
2026-01-13 06:38:40 - app - INFO - /Users/superman/Desktop/jiaowu/app.py:83 - 应用初始化完成，配置: default
2026-01-13 06:38:42 - app - INFO - /Users/superman/Desktop/jiaowu/utils/logging_config.py:86 - 日志系统初始化完成
2026-01-13 06:38:43 - app - INFO - /Users/superman/Desktop/jiaowu/app.py:83 - 应用初始化完成，配置: default
2026-01-13 06:38:45 - app - INFO - /Users/superman/Desktop/jiaowu/utils/logging_config.py:86 - 日志系统初始化完成
2026-01-13 06:38:45 - app - INFO - /Users/superman/Desktop/jiaowu/app.py:83 - 应用初始化完成，配置: default
2026-01-13 06:38:48 - app - INFO - /Users/superman/Desktop/jiaowu/utils/logging_config.py:86 - 日志系统初始化完成
2026-01-13 06:38:48 - app - INFO - /Users/superman/Desktop/jiaowu/app.py:83 - 应用初始化完成，配置: default
2026-01-13 06:39:00 - app - INFO - /Users/superman/Desktop/jiaowu/utils/logging_config.py:86 - 日志系统初始化完成
2026-01-13 06:39:01 - app - INFO - /Users/superman/Desktop/jiaowu/app.py:83 - 应用初始化完成，配置: default
2026-01-13 06:42:50 - app - INFO - /Users/superman/Desktop/jiaowu/utils/logging_config.py:86 - 日志系统初始化完成
2026-01-13 06:42:50 - app - INFO - /Users/superman/Desktop/jiaowu/app.py:83 - 应用初始化完成，配置: default
2026-01-13 06:43:04 - app - INFO - /Users/superman/Desktop/jiaowu/utils/logging_config.py:86 - 日志系统初始化完成
2026-01-13 06:43:05 - app - INFO - /Users/superman/Desktop/jiaowu/app.py:83 - 应用初始化完成，配置: default
2026-01-13 06:44:16 - app - INFO - /Users/superman/Desktop/jiaowu/utils/logging_config.py:86 - 日志系统初始化完成
2026-01-13 06:44:16 - app - INFO - /Users/superman/Desktop/jiaowu/app.py:83 - 应用初始化完成，配置: default
2026-01-13 06:44:41 - app - INFO - /Users/superman/Desktop/jiaowu/utils/logging_config.py:86 - 日志系统初始化完成
2026-01-13 06:44:42 - app - INFO - /Users/superman/Desktop/jiaowu/app.py:83 - 应用初始化完成，配置: default
2026-01-13 06:47:03 - app - INFO - /Users/superman/Desktop/jiaowu/utils/logging_config.py:86 - 日志系统初始化完成
2026-01-13 06:47:04 - app - INFO - /Users/superman/Desktop/jiaowu/app.py:83 - 应用初始化完成，配置: default
2026-01-13 06:47:11 - app - INFO - /Users/superman/Desktop/jiaowu/utils/logging_config.py:86 - 日志系统初始化完成
2026-01-13 06:47:12 - app - INFO - /Users/superman/Desktop/jiaowu/app.py:83 - 应用初始化完成，配置: default
2026-01-13 06:47:14 - app - INFO - /Users/superman/Desktop/jiaowu/utils/logging_config.py:86 - 日志系统初始化完成
2026-01-13 06:47:14 - app - INFO - /Users/superman/Desktop/jiaowu/app.py:83 - 应用初始化完成，配置: default
2026-01-13 06:47:17 - app - INFO - /Users/superman/Desktop/jiaowu/utils/logging_config.py:86 - 日志系统初始化完成
2026-01-13 06:47:17 - app - INFO - /Users/superman/Desktop/jiaowu/app.py:83 - 应用初始化完成，配置: default
2026-01-13 06:47:29 - app - INFO - /Users/superman/Desktop/jiaowu/utils/logging_config.py:86 - 日志系统初始化完成
2026-01-13 06:47:30 - app - INFO - /Users/superman/Desktop/jiaowu/app.py:83 - 应用初始化完成，配置: default
2026-01-13 06:49:02 - app - INFO - /Users/superman/Desktop/jiaowu/utils/logging_config.py:86 - 日志系统初始化完成
2026-01-13 06:49:03 - app - INFO - /Users/superman/Desktop/jiaowu/app.py:83 - 应用初始化完成，配置: default
2026-01-13 06:49:12 - app - INFO - /Users/superman/Desktop/jiaowu/utils/logging_config.py:86 - 日志系统初始化完成
2026-01-13 06:49:13 - app - INFO - /Users/superman/Desktop/jiaowu/app.py:83 - 应用初始化完成，配置: default
2026-01-13 06:49:22 - app - INFO - /Users/superman/Desktop/jiaowu/utils/logging_config.py:86 - 日志系统初始化完成
2026-01-13 06:49:23 - app - INFO - /Users/superman/Desktop/jiaowu/app.py:83 - 应用初始化完成，配置: default
2026-01-13 06:50:10 - app - INFO - /Users/superman/Desktop/jiaowu/utils/logging_config.py:86 - 日志系统初始化完成
2026-01-13 06:50:11 - app - INFO - /Users/superman/Desktop/jiaowu/app.py:83 - 应用初始化完成，配置: default
2026-01-13 06:50:15 - app - INFO - /Users/superman/Desktop/jiaowu/utils/logging_config.py:86 - 日志系统初始化完成
2026-01-13 06:50:16 - app - INFO - /Users/superman/Desktop/jiaowu/app.py:83 - 应用初始化完成，配置: default
2026-01-13 06:50:18 - app - INFO - /Users/superman/Desktop/jiaowu/utils/logging_config.py:86 - 日志系统初始化完成
2026-01-13 06:50:19 - app - INFO - /Users/superman/Desktop/jiaowu/app.py:83 - 应用初始化完成，配置: default
2026-01-13 06:50:21 - app - INFO - /Users/superman/Desktop/jiaowu/utils/logging_config.py:86 - 日志系统初始化完成
2026-01-13 06:50:22 - app - INFO - /Users/superman/Desktop/jiaowu/app.py:83 - 应用初始化完成，配置: default
2026-01-13 06:50:32 - app - INFO - /Users/superman/Desktop/jiaowu/utils/logging_config.py:86 - 日志系统初始化完成
2026-01-13 06:50:33 - app - INFO - /Users/superman/Desktop/jiaowu/app.py:83 - 应用初始化完成，配置: default
2026-01-13 06:51:11 - app - INFO - /Users/superman/Desktop/jiaowu/utils/logging_config.py:86 - 日志系统初始化完成
2026-01-13 06:51:12 - app - INFO - /Users/superman/Desktop/jiaowu/app.py:83 - 应用初始化完成，配置: default
2026-01-13 06:51:22 - app - INFO - /Users/superman/Desktop/jiaowu/utils/logging_config.py:86 - 日志系统初始化完成
2026-01-13 06:51:23 - app - INFO - /Users/superman/Desktop/jiaowu/app.py:83 - 应用初始化完成，配置: default
2026-01-13 06:51:26 - app - INFO - /Users/superman/Desktop/jiaowu/utils/logging_config.py:86 - 日志系统初始化完成
2026-01-13 06:51:26 - app - INFO - /Users/superman/Desktop/jiaowu/app.py:83 - 应用初始化完成，配置: default
2026-01-13 06:51:28 - app - INFO - /Users/superman/Desktop/jiaowu/utils/logging_config.py:86 - 日志系统初始化完成
2026-01-13 06:51:29 - app - INFO - /Users/superman/Desktop/jiaowu/app.py:83 - 应用初始化完成，配置: default
2026-01-13 06:51:42 - app - INFO - /Users/superman/Desktop/jiaowu/utils/logging_config.py:86 - 日志系统初始化完成
2026-01-13 06:51:43 - app - INFO - /Users/superman/Desktop/jiaowu/app.py:83 - 应用初始化完成，配置: default
2026-01-13 06:52:23 - app - INFO - /Users/superman/Desktop/jiaowu/utils/logging_config.py:86 - 日志系统初始化完成
2026-01-13 06:52:24 - app - INFO - /Users/superman/Desktop/jiaowu/app.py:83 - 应用初始化完成，配置: default
2026-01-13 06:52:50 - app - INFO - /Users/superman/Desktop/jiaowu/utils/logging_config.py:86 - 日志系统初始化完成
2026-01-13 06:52:50 - app - INFO - /Users/superman/Desktop/jiaowu/app.py:83 - 应用初始化完成，配置: default
2026-01-13 06:54:56 - app - INFO - /Users/superman/Desktop/jiaowu/utils/logging_config.py:86 - 日志系统初始化完成
2026-01-13 06:54:57 - app - INFO - /Users/superman/Desktop/jiaowu/app.py:83 - 应用初始化完成，配置: default
2026-01-13 06:56:02 - app - INFO - /Users/superman/Desktop/jiaowu/utils/logging_config.py:86 - 日志系统初始化完成
2026-01-13 06:56:04 - app - INFO - /Users/superman/Desktop/jiaowu/app.py:83 - 应用初始化完成，配置: default
2026-01-13 06:59:14 - app - INFO - /Users/superman/Desktop/jiaowu/utils/logging_config.py:86 - 日志系统初始化完成
2026-01-13 06:59:15 - app - INFO - /Users/superman/Desktop/jiaowu/app.py:83 - 应用初始化完成，配置: default
2026-01-13 06:59:17 - app - INFO - /Users/superman/Desktop/jiaowu/utils/logging_config.py:86 - 日志系统初始化完成
2026-01-13 06:59:18 - app - INFO - /Users/superman/Desktop/jiaowu/app.py:83 - 应用初始化完成，配置: default
2026-01-13 06:59:20 - app - INFO - /Users/superman/Desktop/jiaowu/utils/logging_config.py:86 - 日志系统初始化完成
2026-01-13 06:59:20 - app - INFO - /Users/superman/Desktop/jiaowu/app.py:83 - 应用初始化完成，配置: default
2026-01-13 06:59:32 - app - INFO - /Users/superman/Desktop/jiaowu/utils/logging_config.py:86 - 日志系统初始化完成
2026-01-13 06:59:32 - app - INFO - /Users/superman/Desktop/jiaowu/app.py:83 - 应用初始化完成，配置: default
2026-01-13 06:59:35 - app - INFO - /Users/superman/Desktop/jiaowu/utils/logging_config.py:86 - 日志系统初始化完成
2026-01-13 06:59:35 - app - INFO - /Users/superman/Desktop/jiaowu/app.py:83 - 应用初始化完成，配置: default
2026-01-13 07:00:00 - app - INFO - /Users/superman/Desktop/jiaowu/utils/logging_config.py:86 - 日志系统初始化完成
2026-01-13 07:00:01 - app - INFO - /Users/superman/Desktop/jiaowu/app.py:83 - 应用初始化完成，配置: default
2026-01-13 07:00:40 - app - INFO - /Users/superman/Desktop/jiaowu/utils/logging_config.py:86 - 日志系统初始化完成
2026-01-13 07:00:41 - app - INFO - /Users/superman/Desktop/jiaowu/app.py:83 - 应用初始化完成，配置: default
2026-01-13 07:00:46 - app - INFO - /Users/superman/Desktop/jiaowu/utils/logging_config.py:86 - 日志系统初始化完成
2026-01-13 07:00:46 - app - INFO - /Users/superman/Desktop/jiaowu/app.py:83 - 应用初始化完成，配置: default
2026-01-13 07:00:49 - app - INFO - /Users/superman/Desktop/jiaowu/utils/logging_config.py:86 - 日志系统初始化完成
2026-01-13 07:00:49 - app - INFO - /Users/superman/Desktop/jiaowu/app.py:83 - 应用初始化完成，配置: default
2026-01-13 07:00:52 - app - INFO - /Users/superman/Desktop/jiaowu/utils/logging_config.py:86 - 日志系统初始化完成
2026-01-13 07:00:53 - app - INFO - /Users/superman/Desktop/jiaowu/app.py:83 - 应用初始化完成，配置: default
2026-01-13 07:00:55 - app - INFO - /Users/superman/Desktop/jiaowu/utils/logging_config.py:86 - 日志系统初始化完成
2026-01-13 07:00:56 - app - INFO - /Users/superman/Desktop/jiaowu/app.py:83 - 应用初始化完成，配置: default
2026-01-13 07:00:58 - app - INFO - /Users/superman/Desktop/jiaowu/utils/logging_config.py:86 - 日志系统初始化完成
2026-01-13 07:00:58 - app - INFO - /Users/superman/Desktop/jiaowu/app.py:83 - 应用初始化完成，配置: default
2026-01-13 07:01:22 - app - INFO - /Users/superman/Desktop/jiaowu/utils/logging_config.py:86 - 日志系统初始化完成
2026-01-13 07:03:29 - app - INFO - /Users/superman/Desktop/jiaowu/utils/logging_config.py:86 - 日志系统初始化完成
2026-01-13 07:03:30 - app - INFO - /Users/superman/Desktop/jiaowu/app.py:83 - 应用初始化完成，配置: default
2026-01-13 07:03:30 - app - INFO - /Users/superman/Desktop/jiaowu/utils/logging_config.py:86 - 日志系统初始化完成
2026-01-13 07:03:31 - app - INFO - /Users/superman/Desktop/jiaowu/app.py:83 - 应用初始化完成，配置: default
2026-01-13 07:06:29 - app - INFO - /Users/superman/Desktop/jiaowu/utils/logging_config.py:86 - 日志系统初始化完成
2026-01-13 07:06:29 - app - INFO - /Users/superman/Desktop/jiaowu/app.py:83 - 应用初始化完成，配置: default
2026-01-13 07:06:40 - app - INFO - /Users/superman/Desktop/jiaowu/utils/logging_config.py:86 - 日志系统初始化完成
2026-01-13 07:06:40 - app - INFO - /Users/superman/Desktop/jiaowu/app.py:83 - 应用初始化完成，配置: default
2026-01-13 07:23:52 - app - INFO - /Users/superman/Desktop/jiaowu/utils/logging_config.py:86 - 日志系统初始化完成
2026-01-13 07:23:53 - app - INFO - /Users/superman/Desktop/jiaowu/app.py:83 - 应用初始化完成，配置: default
2026-01-13 07:24:29 - app - INFO - /Users/superman/Desktop/jiaowu/utils/logging_config.py:86 - 日志系统初始化完成
2026-01-13 07:24:30 - app - INFO - /Users/superman/Desktop/jiaowu/app.py:83 - 应用初始化完成，配置: default
2026-01-13 07:26:15 - app - INFO - /Users/superman/Desktop/jiaowu/utils/logging_config.py:86 - 日志系统初始化完成
2026-01-13 07:26:16 - app - INFO - /Users/superman/Desktop/jiaowu/app.py:83 - 应用初始化完成，配置: default
2026-01-13 07:26:25 - app - INFO - /Users/superman/Desktop/jiaowu/utils/logging_config.py:86 - 日志系统初始化完成
2026-01-13 07:26:26 - app - INFO - /Users/superman/Desktop/jiaowu/app.py:83 - 应用初始化完成，配置: default
2026-01-13 07:26:37 - app - INFO - /Users/superman/Desktop/jiaowu/utils/logging_config.py:86 - 日志系统初始化完成
2026-01-13 07:26:38 - app - INFO - /Users/superman/Desktop/jiaowu/app.py:83 - 应用初始化完成，配置: default
2026-01-13 07:27:29 - app - INFO - /Users/superman/Desktop/jiaowu/utils/logging_config.py:86 - 日志系统初始化完成
2026-01-13 07:27:30 - app - INFO - /Users/superman/Desktop/jiaowu/app.py:83 - 应用初始化完成，配置: default
2026-01-13 07:27:41 - app - INFO - /Users/superman/Desktop/jiaowu/utils/logging_config.py:86 - 日志系统初始化完成
2026-01-13 07:27:42 - app - INFO - /Users/superman/Desktop/jiaowu/app.py:83 - 应用初始化完成，配置: default
2026-01-13 07:27:52 - app - INFO - /Users/superman/Desktop/jiaowu/utils/logging_config.py:86 - 日志系统初始化完成
2026-01-13 07:27:53 - app - INFO - /Users/superman/Desktop/jiaowu/app.py:83 - 应用初始化完成，配置: default
2026-01-13 07:29:58 - app - INFO - /Users/superman/Desktop/jiaowu/utils/logging_config.py:86 - 日志系统初始化完成
2026-01-13 07:29:59 - app - INFO - /Users/superman/Desktop/jiaowu/app.py:83 - 应用初始化完成，配置: default
2026-01-13 07:30:38 - app - INFO - /Users/superman/Desktop/jiaowu/utils/logging_config.py:86 - 日志系统初始化完成
2026-01-13 07:30:39 - app - INFO - /Users/superman/Desktop/jiaowu/app.py:83 - 应用初始化完成，配置: default
2026-01-13 07:30:43 - app - INFO - /Users/superman/Desktop/jiaowu/utils/logging_config.py:86 - 日志系统初始化完成
2026-01-13 07:30:44 - app - INFO - /Users/superman/Desktop/jiaowu/app.py:83 - 应用初始化完成，配置: default
2026-01-13 07:30:47 - app - INFO - /Users/superman/Desktop/jiaowu/utils/logging_config.py:86 - 日志系统初始化完成
2026-01-13 07:30:48 - app - INFO - /Users/superman/Desktop/jiaowu/app.py:83 - 应用初始化完成，配置: default
2026-01-13 07:31:21 - app - INFO - /Users/superman/Desktop/jiaowu/utils/logging_config.py:86 - 日志系统初始化完成
2026-01-13 07:31:22 - app - INFO - /Users/superman/Desktop/jiaowu/app.py:83 - 应用初始化完成，配置: default
2026-01-13 07:31:25 - app - INFO - /Users/superman/Desktop/jiaowu/utils/logging_config.py:86 - 日志系统初始化完成
2026-01-13 07:31:25 - app - INFO - /Users/superman/Desktop/jiaowu/app.py:83 - 应用初始化完成，配置: default
2026-01-13 07:31:41 - app - INFO - /Users/superman/Desktop/jiaowu/utils/logging_config.py:86 - 日志系统初始化完成
2026-01-13 07:31:42 - app - INFO - /Users/superman/Desktop/jiaowu/app.py:83 - 应用初始化完成，配置: default
2026-01-13 07:31:59 - app - INFO - /Users/superman/Desktop/jiaowu/utils/logging_config.py:86 - 日志系统初始化完成
2026-01-13 07:31:59 - app - INFO - /Users/superman/Desktop/jiaowu/app.py:83 - 应用初始化完成，配置: default
2026-01-13 07:33:54 - app - INFO - /Users/superman/Desktop/jiaowu/utils/logging_config.py:86 - 日志系统初始化完成
2026-01-13 07:33:55 - app - INFO - /Users/superman/Desktop/jiaowu/app.py:83 - 应用初始化完成，配置: default
2026-01-13 07:33:57 - app - INFO - /Users/superman/Desktop/jiaowu/utils/logging_config.py:86 - 日志系统初始化完成
2026-01-13 07:33:58 - app - INFO - /Users/superman/Desktop/jiaowu/app.py:83 - 应用初始化完成，配置: default
2026-01-13 07:34:50 - app - INFO - /Users/superman/Desktop/jiaowu/utils/logging_config.py:86 - 日志系统初始化完成
2026-01-13 07:34:50 - app - INFO - /Users/superman/Desktop/jiaowu/app.py:83 - 应用初始化完成，配置: default
2026-01-13 07:38:15 - app - INFO - /Users/superman/Desktop/jiaowu/utils/logging_config.py:86 - 日志系统初始化完成
2026-01-13 07:38:16 - app - INFO - /Users/superman/Desktop/jiaowu/app.py:83 - 应用初始化完成，配置: default
2026-01-13 07:38:17 - app - INFO - /Users/superman/Desktop/jiaowu/utils/logging_config.py:86 - 日志系统初始化完成
2026-01-13 07:38:17 - app - INFO - /Users/superman/Desktop/jiaowu/app.py:83 - 应用初始化完成，配置: default
2026-01-13 07:39:40 - app - INFO - /Users/superman/Desktop/jiaowu/utils/logging_config.py:86 - 日志系统初始化完成
2026-01-13 07:42:52 - app - INFO - /Users/superman/Desktop/jiaowu/utils/logging_config.py:86 - 日志系统初始化完成
2026-01-13 07:43:13 - app - INFO - /Users/superman/Desktop/jiaowu/utils/logging_config.py:86 - 日志系统初始化完成
2026-01-13 07:43:14 - app - INFO - /Users/superman/Desktop/jiaowu/app.py:83 - 应用初始化完成，配置: default
2026-01-13 07:43:35 - app - INFO - /Users/superman/Desktop/jiaowu/utils/logging_config.py:86 - 日志系统初始化完成
2026-01-13 07:43:35 - app - INFO - /Users/superman/Desktop/jiaowu/app.py:83 - 应用初始化完成，配置: default
2026-01-13 07:44:02 - app - INFO - /Users/superman/Desktop/jiaowu/utils/logging_config.py:86 - 日志系统初始化完成
2026-01-13 07:44:02 - app - INFO - /Users/superman/Desktop/jiaowu/app.py:83 - 应用初始化完成，配置: default
2026-01-13 07:44:39 - app - INFO - /Users/superman/Desktop/jiaowu/utils/logging_config.py:86 - 日志系统初始化完成
2026-01-13 07:44:40 - app - INFO - /Users/superman/Desktop/jiaowu/app.py:83 - 应用初始化完成，配置: default
2026-01-13 07:46:12 - app - INFO - /Users/superman/Desktop/jiaowu/utils/logging_config.py:86 - 日志系统初始化完成
2026-01-13 07:46:12 - app - INFO - /Users/superman/Desktop/jiaowu/app.py:83 - 应用初始化完成，配置: default
2026-01-13 16:39:10 - app - INFO - /Users/superman/Desktop/jiaowu/utils/logging_config.py:86 - 日志系统初始化完成
2026-01-13 16:39:10 - app - INFO - /Users/superman/Desktop/jiaowu/app.py:83 - 应用初始化完成，配置: default
2026-01-13 16:39:11 - app - INFO - /Users/superman/Desktop/jiaowu/utils/logging_config.py:86 - 日志系统初始化完成
2026-01-13 16:39:12 - app - INFO - /Users/superman/Desktop/jiaowu/app.py:83 - 应用初始化完成，配置: default
2026-01-13 16:40:35 - app - INFO - /Users/superman/Desktop/jiaowu/routes/auth.py:178 - 用户登录成功: admin
2026-01-14 16:39:03 - app - INFO - /Users/superman/Desktop/jiaowu/utils/logging_config.py:86 - 日志系统初始化完成
2026-01-14 16:39:03 - app - INFO - /Users/superman/Desktop/jiaowu/utils/logging_config.py:86 - 日志系统初始化完成
2026-01-14 16:39:04 - app - INFO - /Users/superman/Desktop/jiaowu/app.py:83 - 应用初始化完成，配置: default
2026-01-14 16:56:12 - app - INFO - /Users/superman/Desktop/jiaowu/utils/logging_config.py:86 - 日志系统初始化完成
2026-01-14 16:56:12 - app - INFO - /Users/superman/Desktop/jiaowu/app.py:83 - 应用初始化完成，配置: default
2026-01-14 16:56:13 - app - INFO - /Users/superman/Desktop/jiaowu/utils/logging_config.py:86 - 日志系统初始化完成
2026-01-14 16:56:13 - app - INFO - /Users/superman/Desktop/jiaowu/app.py:83 - 应用初始化完成，配置: default
2026-01-14 17:52:27 - app - INFO - /tmp/pycharm_project_231/utils/logging_config.py:86 - 日志系统初始化完成
2026-01-14 17:52:28 - app - INFO - app.py:83 - 应用初始化完成，配置: default
2026-01-14 17:52:29 - app - INFO - /tmp/pycharm_project_231/utils/logging_config.py:86 - 日志系统初始化完成
2026-01-14 17:52:30 - app - INFO - /tmp/pycharm_project_231/app.py:83 - 应用初始化完成，配置: default
2026-01-14 17:55:28 - app - INFO - /tmp/pycharm_project_231/utils/logging_config.py:86 - 日志系统初始化完成
2026-01-14 17:55:29 - app - INFO - app.py:83 - 应用初始化完成，配置: default
2026-01-14 17:55:30 - app - INFO - /tmp/pycharm_project_231/utils/logging_config.py:86 - 日志系统初始化完成
2026-01-14 17:55:31 - app - INFO - /tmp/pycharm_project_231/app.py:83 - 应用初始化完成，配置: default
2026-01-14 17:55:56 - app - INFO - /tmp/pycharm_project_231/utils/logging_config.py:86 - 日志系统初始化完成
2026-01-14 17:55:57 - app - INFO - app.py:83 - 应用初始化完成，配置: default
2026-01-14 17:55:58 - app - INFO - /tmp/pycharm_project_231/utils/logging_config.py:86 - 日志系统初始化完成
2026-01-14 17:55:59 - app - INFO - /tmp/pycharm_project_231/app.py:83 - 应用初始化完成，配置: default
2026-01-14 17:58:08 - app - INFO - /tmp/pycharm_project_231/utils/logging_config.py:86 - 日志系统初始化完成
2026-01-14 17:58:09 - app - INFO - app.py:83 - 应用初始化完成，配置: default
2026-01-14 17:58:10 - app - INFO - /tmp/pycharm_project_231/utils/logging_config.py:86 - 日志系统初始化完成
2026-01-14 17:58:11 - app - INFO - /tmp/pycharm_project_231/app.py:83 - 应用初始化完成，配置: default
2026-01-14 18:00:22 - app - INFO - /tmp/pycharm_project_231/utils/logging_config.py:86 - 日志系统初始化完成
2026-01-14 18:00:23 - app - INFO - app.py:83 - 应用初始化完成，配置: default
2026-01-14 18:00:24 - app - INFO - /tmp/pycharm_project_231/utils/logging_config.py:86 - 日志系统初始化完成
2026-01-14 18:00:25 - app - INFO - /tmp/pycharm_project_231/app.py:83 - 应用初始化完成，配置: default
2026-01-14 18:01:58 - app - INFO - /tmp/pycharm_project_231/utils/logging_config.py:86 - 日志系统初始化完成
2026-01-14 18:01:59 - app - INFO - app.py:83 - 应用初始化完成，配置: default
2026-01-14 18:02:00 - app - INFO - /tmp/pycharm_project_231/utils/logging_config.py:86 - 日志系统初始化完成
2026-01-14 18:02:01 - app - INFO - /tmp/pycharm_project_231/app.py:83 - 应用初始化完成，配置: default
2026-01-14 18:02:44 - app - INFO - /tmp/pycharm_project_231/utils/logging_config.py:86 - 日志系统初始化完成
2026-01-14 18:02:45 - app - INFO - app.py:83 - 应用初始化完成，配置: default
2026-01-14 18:02:45 - app - INFO - /tmp/pycharm_project_231/utils/logging_config.py:86 - 日志系统初始化完成
2026-01-14 18:02:46 - app - INFO - /tmp/pycharm_project_231/app.py:83 - 应用初始化完成，配置: default
2026-01-14 18:08:20 - app - INFO - /tmp/pycharm_project_231/utils/logging_config.py:86 - 日志系统初始化完成
2026-01-14 18:08:21 - app - INFO - app.py:83 - 应用初始化完成，配置: default
2026-01-14 18:08:22 - app - INFO - /tmp/pycharm_project_231/utils/logging_config.py:86 - 日志系统初始化完成
2026-01-14 18:08:23 - app - INFO - /tmp/pycharm_project_231/app.py:83 - 应用初始化完成，配置: default
2026-01-15 16:40:01 - app - INFO - /tmp/pycharm_project_231/utils/logging_config.py:86 - 日志系统初始化完成
2026-01-15 16:40:02 - app - INFO - /tmp/pycharm_project_231/app.py:83 - 应用初始化完成，配置: default
2026-01-15 16:40:03 - app - INFO - /tmp/pycharm_project_231/utils/logging_config.py:86 - 日志系统初始化完成
2026-01-15 16:40:04 - app - INFO - /tmp/pycharm_project_231/app.py:83 - 应用初始化完成，配置: default
2026-01-15 16:49:00 - app - INFO - /tmp/pycharm_project_231/utils/logging_config.py:86 - 日志系统初始化完成
2026-01-15 16:49:01 - app - INFO - /tmp/pycharm_project_231/app.py:83 - 应用初始化完成，配置: default
2026-01-15 16:49:02 - app - INFO - /tmp/pycharm_project_231/utils/logging_config.py:86 - 日志系统初始化完成
2026-01-15 16:49:03 - app - INFO - /tmp/pycharm_project_231/app.py:83 - 应用初始化完成，配置: default
2026-01-15 16:49:32 - app - INFO - /tmp/pycharm_project_231/utils/logging_config.py:86 - 日志系统初始化完成
2026-01-15 16:49:33 - app - INFO - /tmp/pycharm_project_231/app.py:83 - 应用初始化完成，配置: default
2026-01-15 16:49:34 - app - INFO - /tmp/pycharm_project_231/utils/logging_config.py:86 - 日志系统初始化完成
2026-01-15 16:49:34 - app - INFO - /tmp/pycharm_project_231/app.py:83 - 应用初始化完成，配置: default
2026-01-15 19:30:20 - app - INFO - /tmp/pycharm_project_231/utils/logging_config.py:86 - 日志系统初始化完成
2026-01-15 19:30:22 - app - INFO - /tmp/pycharm_project_231/app.py:83 - 应用初始化完成，配置: default
2026-01-15 19:30:23 - app - INFO - /tmp/pycharm_project_231/utils/logging_config.py:86 - 日志系统初始化完成
2026-01-15 19:30:23 - app - INFO - /tmp/pycharm_project_231/app.py:83 - 应用初始化完成，配置: default
2026-01-15 19:32:16 - app - INFO - /tmp/pycharm_project_231/utils/logging_config.py:86 - 日志系统初始化完成
2026-01-15 19:32:17 - app - INFO - /tmp/pycharm_project_231/app.py:83 - 应用初始化完成，配置: default
2026-01-15 19:32:21 - app - INFO - /tmp/pycharm_project_231/utils/logging_config.py:86 - 日志系统初始化完成
2026-01-15 19:32:22 - app - INFO - /tmp/pycharm_project_231/app.py:83 - 应用初始化完成，配置: default
2026-01-15 19:32:31 - app - INFO - /tmp/pycharm_project_231/utils/logging_config.py:86 - 日志系统初始化完成
2026-01-15 19:32:31 - app - INFO - /tmp/pycharm_project_231/utils/logging_config.py:86 - 日志系统初始化完成
2026-01-15 19:32:32 - app - INFO - /tmp/pycharm_project_231/app.py:83 - 应用初始化完成，配置: default
2026-01-15 19:32:32 - app - INFO - /tmp/pycharm_project_231/app.py:83 - 应用初始化完成，配置: default
2026-01-15 19:32:37 - app - INFO - /tmp/pycharm_project_231/utils/logging_config.py:86 - 日志系统初始化完成
2026-01-15 19:32:38 - app - INFO - /tmp/pycharm_project_231/app.py:83 - 应用初始化完成，配置: default
2026-01-15 19:32:39 - app - INFO - /tmp/pycharm_project_231/utils/logging_config.py:86 - 日志系统初始化完成
2026-01-15 19:32:40 - app - INFO - /tmp/pycharm_project_231/app.py:83 - 应用初始化完成，配置: default
2026-01-15 19:32:47 - app - INFO - /tmp/pycharm_project_231/utils/logging_config.py:86 - 日志系统初始化完成
2026-01-15 19:32:48 - app - INFO - /tmp/pycharm_project_231/app.py:83 - 应用初始化完成，配置: default
2026-01-15 19:33:20 - app - INFO - /tmp/pycharm_project_231/routes/auth.py:178 - 用户登录成功: admin
2026-01-15 19:38:37 - app - INFO - /tmp/pycharm_project_231/utils/logging_config.py:86 - 日志系统初始化完成
2026-01-15 19:38:38 - app - INFO - /tmp/pycharm_project_231/app.py:83 - 应用初始化完成，配置: default
2026-01-15 19:38:53 - app - INFO - /tmp/pycharm_project_231/utils/logging_config.py:86 - 日志系统初始化完成
2026-01-15 19:38:54 - app - INFO - /tmp/pycharm_project_231/app.py:83 - 应用初始化完成，配置: default
2026-01-15 19:41:11 - app - INFO - /tmp/pycharm_project_231/utils/logging_config.py:86 - 日志系统初始化完成
2026-01-15 19:41:12 - app - INFO - /tmp/pycharm_project_231/app.py:83 - 应用初始化完成，配置: default
2026-01-15 19:41:13 - app - INFO - /tmp/pycharm_project_231/utils/logging_config.py:86 - 日志系统初始化完成
2026-01-15 19:41:13 - app - INFO - /tmp/pycharm_project_231/app.py:83 - 应用初始化完成，配置: default
2026-01-15 19:43:38 - app - INFO - /tmp/pycharm_project_231/utils/logging_config.py:86 - 日志系统初始化完成
2026-01-15 19:43:42 - app - INFO - /tmp/pycharm_project_231/utils/logging_config.py:86 - 日志系统初始化完成
2026-01-15 19:43:43 - app - INFO - /tmp/pycharm_project_231/app.py:83 - 应用初始化完成，配置: default
2026-01-15 19:43:43 - app - INFO - /tmp/pycharm_project_231/utils/logging_config.py:86 - 日志系统初始化完成
2026-01-15 19:43:44 - app - INFO - /tmp/pycharm_project_231/app.py:83 - 应用初始化完成，配置: default
2026-01-15 19:43:54 - app - INFO - /tmp/pycharm_project_231/utils/logging_config.py:86 - 日志系统初始化完成
2026-01-15 19:43:55 - app - INFO - /tmp/pycharm_project_231/app.py:83 - 应用初始化完成，配置: default
2026-01-15 19:52:05 - app - INFO - /tmp/pycharm_project_231/routes/auth.py:178 - 用户登录成功: admin
2026-01-15 19:52:32 - app - INFO - /tmp/pycharm_project_231/routes/auth.py:178 - 用户登录成功: admin
2026-01-15 19:54:37 - app - INFO - /tmp/pycharm_project_231/routes/auth.py:178 - 用户登录成功: admin
2026-01-15 20:45:29 - app - INFO - /tmp/pycharm_project_231/routes/auth.py:178 - 用户登录成功: admin
2026-01-15 20:48:48 - app - INFO - /tmp/pycharm_project_231/routes/auth.py:178 - 用户登录成功: admin
2026-01-15 21:03:45 - app - INFO - /tmp/pycharm_project_231/utils/logging_config.py:86 - 日志系统初始化完成
2026-01-15 21:03:46 - app - INFO - /tmp/pycharm_project_231/app.py:83 - 应用初始化完成，配置: default
2026-01-15 21:03:54 - app - INFO - /tmp/pycharm_project_231/utils/logging_config.py:86 - 日志系统初始化完成
2026-01-15 21:03:54 - app - INFO - /tmp/pycharm_project_231/app.py:83 - 应用初始化完成，配置: default
2026-01-15 21:03:58 - app - INFO - /tmp/pycharm_project_231/utils/logging_config.py:86 - 日志系统初始化完成
2026-01-15 21:03:59 - app - INFO - /tmp/pycharm_project_231/app.py:83 - 应用初始化完成，配置: default
2026-01-15 21:10:39 - app - INFO - /tmp/pycharm_project_231/utils/logging_config.py:86 - 日志系统初始化完成
2026-01-15 21:10:40 - app - INFO - /tmp/pycharm_project_231/app.py:83 - 应用初始化完成，配置: default
2026-01-15 21:10:41 - app - INFO - /tmp/pycharm_project_231/utils/logging_config.py:86 - 日志系统初始化完成
2026-01-15 21:10:42 - app - INFO - /tmp/pycharm_project_231/app.py:83 - 应用初始化完成，配置: default
2026-01-15 21:21:41 - app - INFO - /tmp/pycharm_project_231/utils/logging_config.py:86 - 日志系统初始化完成
2026-01-15 21:21:42 - app - INFO - /tmp/pycharm_project_231/app.py:83 - 应用初始化完成，配置: default
2026-01-15 21:21:45 - app - INFO - /tmp/pycharm_project_231/utils/logging_config.py:86 - 日志系统初始化完成
2026-01-15 21:21:46 - app - INFO - /tmp/pycharm_project_231/app.py:83 - 应用初始化完成，配置: default
2026-01-15 21:22:21 - app - INFO - /tmp/pycharm_project_231/utils/logging_config.py:86 - 日志系统初始化完成
2026-01-15 21:22:22 - app - INFO - /tmp/pycharm_project_231/app.py:83 - 应用初始化完成，配置: default
2026-01-15 21:22:27 - app - INFO - /tmp/pycharm_project_231/utils/logging_config.py:86 - 日志系统初始化完成
2026-01-15 21:22:28 - app - INFO - /tmp/pycharm_project_231/app.py:83 - 应用初始化完成，配置: default
2026-01-15 21:22:33 - app - INFO - /tmp/pycharm_project_231/utils/logging_config.py:86 - 日志系统初始化完成
2026-01-15 21:22:33 - app - INFO - /tmp/pycharm_project_231/app.py:83 - 应用初始化完成，配置: default
2026-01-15 21:24:48 - app - INFO - /tmp/pycharm_project_231/utils/logging_config.py:86 - 日志系统初始化完成
2026-01-15 21:24:49 - app - INFO - /tmp/pycharm_project_231/app.py:83 - 应用初始化完成，配置: default
2026-01-15 21:25:23 - app - INFO - /tmp/pycharm_project_231/utils/logging_config.py:86 - 日志系统初始化完成
2026-01-15 21:25:24 - app - INFO - /tmp/pycharm_project_231/app.py:83 - 应用初始化完成，配置: default
2026-01-15 21:27:30 - app - INFO - /tmp/pycharm_project_231/utils/logging_config.py:86 - 日志系统初始化完成
2026-01-15 21:27:30 - app - INFO - /tmp/pycharm_project_231/app.py:83 - 应用初始化完成，配置: default
2026-01-15 21:27:34 - app - INFO - /tmp/pycharm_project_231/utils/logging_config.py:86 - 日志系统初始化完成
2026-01-15 21:27:34 - app - INFO - /tmp/pycharm_project_231/app.py:83 - 应用初始化完成，配置: default
2026-01-15 21:27:36 - app - INFO - /tmp/pycharm_project_231/utils/logging_config.py:86 - 日志系统初始化完成
2026-01-15 21:27:37 - app - INFO - /tmp/pycharm_project_231/app.py:83 - 应用初始化完成，配置: default
2026-01-15 21:27:41 - app - INFO - /tmp/pycharm_project_231/utils/logging_config.py:86 - 日志系统初始化完成
2026-01-15 21:27:42 - app - INFO - /tmp/pycharm_project_231/app.py:83 - 应用初始化完成，配置: default
2026-01-15 21:30:56 - app - INFO - /tmp/pycharm_project_231/utils/logging_config.py:86 - 日志系统初始化完成
2026-01-15 21:30:57 - app - INFO - /tmp/pycharm_project_231/app.py:83 - 应用初始化完成，配置: default
2026-01-15 21:31:02 - app - INFO - /tmp/pycharm_project_231/utils/logging_config.py:86 - 日志系统初始化完成
2026-01-15 21:31:03 - app - INFO - /tmp/pycharm_project_231/app.py:83 - 应用初始化完成，配置: default
2026-01-15 21:31:49 - app - INFO - /tmp/pycharm_project_231/utils/logging_config.py:86 - 日志系统初始化完成
2026-01-15 21:31:50 - app - INFO - /tmp/pycharm_project_231/app.py:83 - 应用初始化完成，配置: default
2026-01-15 21:31:59 - app - INFO - /tmp/pycharm_project_231/utils/logging_config.py:86 - 日志系统初始化完成
2026-01-15 21:32:00 - app - INFO - /tmp/pycharm_project_231/app.py:83 - 应用初始化完成，配置: default
2026-01-15 21:34:55 - app - INFO - /tmp/pycharm_project_231/utils/logging_config.py:86 - 日志系统初始化完成
2026-01-15 21:34:56 - app - INFO - /tmp/pycharm_project_231/app.py:83 - 应用初始化完成，配置: default
2026-01-15 21:35:12 - app - INFO - /tmp/pycharm_project_231/utils/logging_config.py:86 - 日志系统初始化完成
2026-01-15 21:35:13 - app - INFO - /tmp/pycharm_project_231/app.py:83 - 应用初始化完成，配置: default
2026-01-15 21:35:16 - app - INFO - /tmp/pycharm_project_231/utils/logging_config.py:86 - 日志系统初始化完成
2026-01-15 21:35:17 - app - INFO - /tmp/pycharm_project_231/app.py:83 - 应用初始化完成，配置: default
2026-01-15 21:35:40 - app - INFO - /tmp/pycharm_project_231/utils/logging_config.py:86 - 日志系统初始化完成
2026-01-15 21:35:41 - app - INFO - /tmp/pycharm_project_231/app.py:83 - 应用初始化完成，配置: default
2026-01-15 21:36:49 - app - INFO - /tmp/pycharm_project_231/utils/logging_config.py:86 - 日志系统初始化完成
2026-01-15 21:36:50 - app - INFO - /tmp/pycharm_project_231/app.py:83 - 应用初始化完成，配置: default
2026-01-15 21:36:57 - app - INFO - /tmp/pycharm_project_231/utils/logging_config.py:86 - 日志系统初始化完成
2026-01-15 21:36:58 - app - INFO - /tmp/pycharm_project_231/app.py:83 - 应用初始化完成，配置: default
2026-01-15 21:37:03 - app - INFO - /tmp/pycharm_project_231/utils/logging_config.py:86 - 日志系统初始化完成
2026-01-15 21:37:04 - app - INFO - /tmp/pycharm_project_231/app.py:83 - 应用初始化完成，配置: default
2026-01-15 21:37:33 - app - INFO - /tmp/pycharm_project_231/utils/logging_config.py:86 - 日志系统初始化完成
2026-01-15 21:37:34 - app - INFO - /tmp/pycharm_project_231/app.py:83 - 应用初始化完成，配置: default
2026-01-15 21:37:47 - app - INFO - /tmp/pycharm_project_231/utils/logging_config.py:86 - 日志系统初始化完成
2026-01-15 21:37:48 - app - INFO - /tmp/pycharm_project_231/app.py:83 - 应用初始化完成，配置: default
2026-01-15 21:53:06 - app - INFO - /tmp/pycharm_project_231/routes/auth.py:178 - 用户登录成功: admin
2026-01-15 22:00:43 - app - INFO - /tmp/pycharm_project_231/routes/auth.py:178 - 用户登录成功: admin1
2026-01-16 00:00:57 - app - INFO - /tmp/pycharm_project_231/utils/logging_config.py:86 - 日志系统初始化完成
2026-01-16 00:00:59 - app - INFO - /tmp/pycharm_project_231/app.py:83 - 应用初始化完成，配置: default
2026-01-16 00:02:11 - app - INFO - /tmp/pycharm_project_231/utils/logging_config.py:86 - 日志系统初始化完成
2026-01-16 00:02:12 - app - INFO - /tmp/pycharm_project_231/app.py:83 - 应用初始化完成，配置: default
2026-01-16 00:05:42 - app - INFO - /tmp/pycharm_project_231/utils/logging_config.py:86 - 日志系统初始化完成
2026-01-16 00:05:43 - app - INFO - /tmp/pycharm_project_231/app.py:83 - 应用初始化完成，配置: default
2026-01-16 00:07:03 - app - INFO - /tmp/pycharm_project_231/utils/logging_config.py:86 - 日志系统初始化完成
2026-01-16 00:07:04 - app - INFO - /tmp/pycharm_project_231/app.py:83 - 应用初始化完成，配置: default
2026-01-16 00:12:51 - app - INFO - /tmp/pycharm_project_231/routes/auth.py:178 - 用户登录成功: admin1
2026-01-16 00:13:38 - app - INFO - /tmp/pycharm_project_231/routes/auth.py:178 - 用户登录成功: admin
2026-01-16 00:18:36 - app - INFO - /tmp/pycharm_project_231/routes/auth.py:178 - 用户登录成功: admin
2026-01-16 00:23:51 - app - INFO - /tmp/pycharm_project_231/utils/logging_config.py:86 - 日志系统初始化完成
2026-01-16 00:23:52 - app - INFO - /tmp/pycharm_project_231/app.py:83 - 应用初始化完成，配置: default
2026-01-16 00:24:23 - app - INFO - /tmp/pycharm_project_231/utils/logging_config.py:86 - 日志系统初始化完成
2026-01-16 00:24:24 - app - INFO - /tmp/pycharm_project_231/app.py:83 - 应用初始化完成，配置: default
2026-01-16 00:34:36 - app - INFO - /tmp/pycharm_project_231/utils/logging_config.py:86 - 日志系统初始化完成
2026-01-16 00:34:37 - app - INFO - /tmp/pycharm_project_231/app.py:83 - 应用初始化完成，配置: default
2026-01-16 00:35:06 - app - INFO - /tmp/pycharm_project_231/utils/logging_config.py:86 - 日志系统初始化完成
2026-01-16 00:35:07 - app - INFO - /tmp/pycharm_project_231/app.py:83 - 应用初始化完成，配置: default
2026-01-16 00:35:20 - app - INFO - /tmp/pycharm_project_231/routes/auth.py:178 - 用户登录成功: admin1
2026-01-16 00:36:59 - app - INFO - /tmp/pycharm_project_231/routes/auth.py:178 - 用户登录成功: admin
2026-01-16 00:39:13 - app - INFO - /tmp/pycharm_project_231/routes/auth.py:178 - 用户登录成功: admin1
2026-01-16 01:27:26 - app - INFO - /tmp/pycharm_project_231/utils/logging_config.py:86 - 日志系统初始化完成
2026-01-16 01:27:42 - app - INFO - /tmp/pycharm_project_231/utils/logging_config.py:86 - 日志系统初始化完成
2026-01-16 01:27:56 - app - INFO - /tmp/pycharm_project_231/utils/logging_config.py:86 - 日志系统初始化完成
2026-01-16 01:28:04 - app - INFO - /tmp/pycharm_project_231/utils/logging_config.py:86 - 日志系统初始化完成
2026-01-16 01:28:04 - app - INFO - /tmp/pycharm_project_231/app.py:83 - 应用初始化完成，配置: default
2026-01-16 01:28:05 - app - INFO - /tmp/pycharm_project_231/utils/logging_config.py:86 - 日志系统初始化完成
2026-01-16 01:28:06 - app - INFO - /tmp/pycharm_project_231/app.py:83 - 应用初始化完成，配置: default
2026-01-16 01:30:58 - app - INFO - /tmp/pycharm_project_231/utils/logging_config.py:86 - 日志系统初始化完成
2026-01-16 01:31:33 - app - INFO - /tmp/pycharm_project_231/utils/logging_config.py:86 - 日志系统初始化完成
2026-01-16 01:31:42 - app - INFO - /tmp/pycharm_project_231/utils/logging_config.py:86 - 日志系统初始化完成
2026-01-16 01:31:43 - app - INFO - /tmp/pycharm_project_231/app.py:83 - 应用初始化完成，配置: default
2026-01-16 01:31:44 - app - INFO - /tmp/pycharm_project_231/utils/logging_config.py:86 - 日志系统初始化完成
2026-01-16 01:31:45 - app - INFO - /tmp/pycharm_project_231/app.py:83 - 应用初始化完成，配置: default
2026-01-16 01:33:29 - app - INFO - /tmp/pycharm_project_231/utils/logging_config.py:86 - 日志系统初始化完成
2026-01-16 01:33:30 - app - INFO - /tmp/pycharm_project_231/app.py:83 - 应用初始化完成，配置: default
2026-01-16 01:33:31 - app - INFO - /tmp/pycharm_project_231/utils/logging_config.py:86 - 日志系统初始化完成
2026-01-16 01:33:32 - app - INFO - /tmp/pycharm_project_231/app.py:83 - 应用初始化完成，配置: default
2026-01-16 01:33:34 - app - INFO - /tmp/pycharm_project_231/utils/logging_config.py:86 - 日志系统初始化完成
2026-01-16 01:33:35 - app - INFO - /tmp/pycharm_project_231/app.py:83 - 应用初始化完成，配置: default
2026-01-16 01:33:38 - app - INFO - /tmp/pycharm_project_231/utils/logging_config.py:86 - 日志系统初始化完成
2026-01-16 01:33:39 - app - INFO - /tmp/pycharm_project_231/app.py:83 - 应用初始化完成，配置: default
2026-01-16 01:33:39 - app - INFO - /tmp/pycharm_project_231/utils/logging_config.py:86 - 日志系统初始化完成
2026-01-16 01:33:40 - app - INFO - /tmp/pycharm_project_231/app.py:83 - 应用初始化完成，配置: default
2026-01-16 01:38:35 - app - INFO - /tmp/pycharm_project_231/utils/logging_config.py:86 - 日志系统初始化完成
2026-01-16 01:38:36 - app - INFO - /tmp/pycharm_project_231/app.py:83 - 应用初始化完成，配置: default
2026-01-16 01:38:36 - app - INFO - /tmp/pycharm_project_231/utils/logging_config.py:86 - 日志系统初始化完成
2026-01-16 01:38:37 - app - INFO - /tmp/pycharm_project_231/app.py:83 - 应用初始化完成，配置: default
2026-01-16 01:41:40 - app - INFO - /tmp/pycharm_project_231/utils/logging_config.py:86 - 日志系统初始化完成
2026-01-16 01:41:41 - app - INFO - /tmp/pycharm_project_231/app.py:83 - 应用初始化完成，配置: default
2026-01-16 01:41:46 - app - INFO - /tmp/pycharm_project_231/utils/logging_config.py:86 - 日志系统初始化完成
2026-01-16 01:41:47 - app - INFO - /tmp/pycharm_project_231/app.py:83 - 应用初始化完成，配置: default
2026-01-16 01:41:55 - app - INFO - /tmp/pycharm_project_231/utils/logging_config.py:86 - 日志系统初始化完成
2026-01-16 01:41:56 - app - INFO - /tmp/pycharm_project_231/app.py:83 - 应用初始化完成，配置: default
2026-01-16 01:49:21 - app - INFO - /tmp/pycharm_project_231/utils/logging_config.py:86 - 日志系统初始化完成
2026-01-16 01:49:22 - app - INFO - /tmp/pycharm_project_231/app.py:83 - 应用初始化完成，配置: default
2026-01-16 01:49:35 - app - INFO - /tmp/pycharm_project_231/utils/logging_config.py:86 - 日志系统初始化完成
2026-01-16 01:49:36 - app - INFO - /tmp/pycharm_project_231/app.py:83 - 应用初始化完成，配置: default
2026-01-16 01:50:12 - app - INFO - /tmp/pycharm_project_231/utils/logging_config.py:86 - 日志系统初始化完成
2026-01-16 01:50:13 - app - INFO - /tmp/pycharm_project_231/app.py:83 - 应用初始化完成，配置: default
2026-01-16 01:50:14 - app - INFO - /tmp/pycharm_project_231/utils/logging_config.py:86 - 日志系统初始化完成
2026-01-16 01:50:15 - app - INFO - /tmp/pycharm_project_231/app.py:83 - 应用初始化完成，配置: default
2026-01-16 01:58:16 - app - INFO - /tmp/pycharm_project_231/routes/auth.py:178 - 用户登录成功: admin
2026-01-16 02:01:22 - app - INFO - /tmp/pycharm_project_231/routes/auth.py:178 - 用户登录成功: admin
2026-01-16 02:04:38 - app - INFO - /tmp/pycharm_project_231/utils/logging_config.py:86 - 日志系统初始化完成
2026-01-16 02:04:39 - app - INFO - /tmp/pycharm_project_231/app.py:83 - 应用初始化完成，配置: default
2026-01-16 02:04:40 - app - INFO - /tmp/pycharm_project_231/utils/logging_config.py:86 - 日志系统初始化完成
2026-01-16 02:04:41 - app - INFO - /tmp/pycharm_project_231/app.py:83 - 应用初始化完成，配置: default
2026-01-16 03:18:17 - app - INFO - /tmp/pycharm_project_231/utils/logging_config.py:86 - 日志系统初始化完成
2026-01-16 03:18:18 - app - INFO - /tmp/pycharm_project_231/app.py:83 - 应用初始化完成，配置: default
2026-01-16 03:18:19 - app - INFO - /tmp/pycharm_project_231/utils/logging_config.py:86 - 日志系统初始化完成
2026-01-16 03:18:20 - app - INFO - /tmp/pycharm_project_231/app.py:83 - 应用初始化完成，配置: default
2026-01-16 03:18:52 - app - INFO - /tmp/pycharm_project_231/routes/auth.py:178 - 用户登录成功: admin
2026-01-16 03:30:00 - app - INFO - /tmp/pycharm_project_231/routes/auth.py:178 - 用户登录成功: admin
2026-01-16 03:36:41 - app - INFO - /tmp/pycharm_project_231/utils/logging_config.py:86 - 日志系统初始化完成
2026-01-16 03:36:41 - app - INFO - /tmp/pycharm_project_231/app.py:83 - 应用初始化完成，配置: default
2026-01-16 03:36:42 - app - INFO - /tmp/pycharm_project_231/utils/logging_config.py:86 - 日志系统初始化完成
2026-01-16 03:36:43 - app - INFO - /tmp/pycharm_project_231/app.py:83 - 应用初始化完成，配置: default
2026-01-16 03:37:39 - app - INFO - /tmp/pycharm_project_231/utils/logging_config.py:86 - 日志系统初始化完成
2026-01-16 03:37:40 - app - INFO - /tmp/pycharm_project_231/app.py:83 - 应用初始化完成，配置: default
2026-01-16 03:37:41 - app - INFO - /tmp/pycharm_project_231/utils/logging_config.py:86 - 日志系统初始化完成
2026-01-16 03:37:42 - app - INFO - /tmp/pycharm_project_231/app.py:83 - 应用初始化完成，配置: default
2026-01-16 03:38:24 - app - INFO - /tmp/pycharm_project_231/utils/logging_config.py:86 - 日志系统初始化完成
2026-01-16 03:38:25 - app - INFO - /tmp/pycharm_project_231/app.py:83 - 应用初始化完成，配置: default
2026-01-16 03:38:26 - app - INFO - /tmp/pycharm_project_231/utils/logging_config.py:86 - 日志系统初始化完成
2026-01-16 03:38:27 - app - INFO - /tmp/pycharm_project_231/app.py:83 - 应用初始化完成，配置: default
2026-01-16 04:16:22 - app - INFO - /tmp/pycharm_project_231/utils/logging_config.py:86 - 日志系统初始化完成
2026-01-16 04:16:23 - app - INFO - /tmp/pycharm_project_231/app.py:83 - 应用初始化完成，配置: default
2026-01-16 04:16:24 - app - INFO - /tmp/pycharm_project_231/utils/logging_config.py:86 - 日志系统初始化完成
2026-01-16 04:16:25 - app - INFO - /tmp/pycharm_project_231/app.py:83 - 应用初始化完成，配置: default
2026-01-16 05:44:37 - app - INFO - /tmp/pycharm_project_231/utils/logging_config.py:86 - 日志系统初始化完成
2026-01-16 05:44:38 - app - INFO - /tmp/pycharm_project_231/app.py:83 - 应用初始化完成，配置: default
2026-01-16 05:45:12 - app - INFO - /tmp/pycharm_project_231/utils/logging_config.py:86 - 日志系统初始化完成
2026-01-16 05:45:13 - app - INFO - /tmp/pycharm_project_231/app.py:83 - 应用初始化完成，配置: default
2026-01-16 05:45:52 - app - INFO - /tmp/pycharm_project_231/utils/logging_config.py:86 - 日志系统初始化完成
2026-01-16 05:45:53 - app - INFO - /tmp/pycharm_project_231/app.py:83 - 应用初始化完成，配置: default
2026-01-16 05:45:54 - app - INFO - /tmp/pycharm_project_231/utils/logging_config.py:86 - 日志系统初始化完成
2026-01-16 05:45:55 - app - INFO - /tmp/pycharm_project_231/app.py:83 - 应用初始化完成，配置: default
2026-01-16 06:28:13 - app - INFO - /tmp/pycharm_project_231/utils/logging_config.py:86 - 日志系统初始化完成
2026-01-16 06:28:14 - app - INFO - /tmp/pycharm_project_231/app.py:83 - 应用初始化完成，配置: default
2026-01-16 06:28:15 - app - INFO - /tmp/pycharm_project_231/utils/logging_config.py:86 - 日志系统初始化完成
2026-01-16 06:28:16 - app - INFO - /tmp/pycharm_project_231/app.py:83 - 应用初始化完成，配置: default
2026-01-16 06:28:31 - app - INFO - /tmp/pycharm_project_231/routes/auth.py:178 - 用户登录成功: admin
2026-01-16 17:02:13 - app - INFO - /tmp/pycharm_project_231/utils/logging_config.py:86 - 日志系统初始化完成
2026-01-16 17:02:14 - app - INFO - /tmp/pycharm_project_231/app.py:83 - 应用初始化完成，配置: default
2026-01-16 17:45:18 - app - INFO - /tmp/pycharm_project_231/routes/auth.py:178 - 用户登录成功: admin
2026-01-16 17:53:36 - app - INFO - /tmp/pycharm_project_231/utils/logging_config.py:86 - 日志系统初始化完成
2026-01-16 17:53:38 - app - INFO - /tmp/pycharm_project_231/app.py:83 - 应用初始化完成，配置: default
2026-01-16 17:53:39 - app - INFO - /tmp/pycharm_project_231/utils/logging_config.py:86 - 日志系统初始化完成
2026-01-16 17:53:39 - app - INFO - /tmp/pycharm_project_231/app.py:83 - 应用初始化完成，配置: default
2026-01-16 17:54:56 - app - INFO - /tmp/pycharm_project_231/utils/logging_config.py:86 - 日志系统初始化完成
2026-01-16 17:54:58 - app - INFO - /tmp/pycharm_project_231/app.py:83 - 应用初始化完成，配置: default
2026-01-16 18:26:45 - app - INFO - /tmp/pycharm_project_231/utils/logging_config.py:86 - 日志系统初始化完成
2026-01-16 18:26:47 - app - INFO - /tmp/pycharm_project_231/app.py:83 - 应用初始化完成，配置: default
2026-01-16 18:26:48 - app - INFO - /tmp/pycharm_project_231/utils/logging_config.py:86 - 日志系统初始化完成
2026-01-16 18:26:49 - app - INFO - /tmp/pycharm_project_231/app.py:83 - 应用初始化完成，配置: default
2026-01-16 18:27:43 - app - INFO - /tmp/pycharm_project_231/utils/logging_config.py:86 - 日志系统初始化完成
2026-01-16 18:27:44 - app - INFO - /tmp/pycharm_project_231/app.py:83 - 应用初始化完成，配置: default
2026-01-16 18:27:45 - app - INFO - /tmp/pycharm_project_231/utils/logging_config.py:86 - 日志系统初始化完成
2026-01-16 18:27:46 - app - INFO - /tmp/pycharm_project_231/app.py:83 - 应用初始化完成，配置: default
2026-01-16 18:39:06 - app - INFO - /tmp/pycharm_project_231/utils/logging_config.py:86 - 日志系统初始化完成
2026-01-16 18:39:10 - app - INFO - /tmp/pycharm_project_231/app.py:83 - 应用初始化完成，配置: default
2026-01-16 18:41:38 - app - INFO - /tmp/pycharm_project_231/utils/logging_config.py:86 - 日志系统初始化完成
2026-01-16 18:41:40 - app - INFO - /tmp/pycharm_project_231/app.py:83 - 应用初始化完成，配置: default
2026-01-16 18:42:03 - app - INFO - /tmp/pycharm_project_231/utils/logging_config.py:86 - 日志系统初始化完成
2026-01-16 18:42:04 - app - INFO - /tmp/pycharm_project_231/app.py:83 - 应用初始化完成，配置: default
2026-01-16 18:47:01 - app - INFO - /tmp/pycharm_project_231/utils/logging_config.py:86 - 日志系统初始化完成
2026-01-16 18:47:02 - app - INFO - /tmp/pycharm_project_231/app.py:83 - 应用初始化完成，配置: default
2026-01-16 18:47:05 - app - INFO - /tmp/pycharm_project_231/utils/logging_config.py:86 - 日志系统初始化完成
2026-01-16 18:47:06 - app - INFO - /tmp/pycharm_project_231/app.py:83 - 应用初始化完成，配置: default
2026-01-16 18:47:08 - app - INFO - /tmp/pycharm_project_231/utils/logging_config.py:86 - 日志系统初始化完成
2026-01-16 18:47:09 - app - INFO - /tmp/pycharm_project_231/app.py:83 - 应用初始化完成，配置: default
2026-01-16 18:48:57 - app - INFO - /tmp/pycharm_project_231/utils/logging_config.py:86 - 日志系统初始化完成
2026-01-16 18:48:58 - app - INFO - /tmp/pycharm_project_231/app.py:83 - 应用初始化完成，配置: default
2026-01-16 18:50:14 - app - INFO - /tmp/pycharm_project_231/utils/logging_config.py:86 - 日志系统初始化完成
2026-01-16 18:50:15 - app - INFO - /tmp/pycharm_project_231/app.py:83 - 应用初始化完成，配置: default
2026-01-16 18:50:58 - app - INFO - /tmp/pycharm_project_231/utils/logging_config.py:86 - 日志系统初始化完成
2026-01-16 18:50:59 - app - INFO - /tmp/pycharm_project_231/app.py:83 - 应用初始化完成，配置: default
2026-01-16 18:53:10 - app - INFO - /tmp/pycharm_project_231/utils/logging_config.py:86 - 日志系统初始化完成
2026-01-16 18:53:11 - app - INFO - /tmp/pycharm_project_231/app.py:83 - 应用初始化完成，配置: default
2026-01-16 18:53:16 - app - INFO - /tmp/pycharm_project_231/utils/logging_config.py:86 - 日志系统初始化完成
2026-01-16 18:53:17 - app - INFO - /tmp/pycharm_project_231/app.py:83 - 应用初始化完成，配置: default
2026-01-16 18:53:53 - app - INFO - /tmp/pycharm_project_231/utils/logging_config.py:86 - 日志系统初始化完成
2026-01-16 18:54:23 - app - INFO - /tmp/pycharm_project_231/utils/logging_config.py:86 - 日志系统初始化完成
2026-01-16 18:54:24 - app - INFO - /tmp/pycharm_project_231/app.py:83 - 应用初始化完成，配置: default
2026-01-16 18:54:25 - app - INFO - /tmp/pycharm_project_231/utils/logging_config.py:86 - 日志系统初始化完成
2026-01-16 18:54:26 - app - INFO - /tmp/pycharm_project_231/app.py:83 - 应用初始化完成，配置: default
2026-01-16 19:11:21 - app - INFO - /tmp/pycharm_project_231/utils/logging_config.py:86 - 日志系统初始化完成
2026-01-16 19:11:22 - app - INFO - /tmp/pycharm_project_231/app.py:83 - 应用初始化完成，配置: default
2026-01-16 19:20:21 - app - INFO - /tmp/pycharm_project_231/utils/logging_config.py:86 - 日志系统初始化完成
2026-01-16 19:20:22 - app - INFO - /tmp/pycharm_project_231/app.py:83 - 应用初始化完成，配置: default
2026-01-16 19:20:22 - app - INFO - /tmp/pycharm_project_231/utils/logging_config.py:86 - 日志系统初始化完成
2026-01-16 19:20:23 - app - INFO - /tmp/pycharm_project_231/app.py:83 - 应用初始化完成，配置: default
2026-01-16 19:25:32 - app - INFO - /tmp/pycharm_project_231/utils/logging_config.py:86 - 日志系统初始化完成
2026-01-16 19:25:33 - app - INFO - /tmp/pycharm_project_231/app.py:83 - 应用初始化完成，配置: default
2026-01-16 19:25:34 - app - INFO - /tmp/pycharm_project_231/utils/logging_config.py:86 - 日志系统初始化完成
2026-01-16 19:25:35 - app - INFO - /tmp/pycharm_project_231/app.py:83 - 应用初始化完成，配置: default
2026-01-16 19:50:29 - app - INFO - /tmp/pycharm_project_231/routes/auth.py:178 - 用户登录成功: admin1
2026-01-16 19:50:53 - app - INFO - /tmp/pycharm_project_231/routes/auth.py:178 - 用户登录成功: admin
2026-01-16 19:53:32 - app - INFO - /tmp/pycharm_project_231/routes/auth.py:178 - 用户登录成功: admin1
2026-01-16 19:54:27 - app - INFO - /tmp/pycharm_project_231/routes/auth.py:178 - 用户登录成功: admin
2026-01-16 19:56:23 - app - INFO - /tmp/pycharm_project_231/utils/logging_config.py:86 - 日志系统初始化完成
2026-01-16 19:56:24 - app - INFO - /tmp/pycharm_project_231/app.py:83 - 应用初始化完成，配置: default
2026-01-16 19:58:40 - app - INFO - /tmp/pycharm_project_231/routes/auth.py:178 - 用户登录成功: admin1
2026-01-16 19:59:05 - app - INFO - /tmp/pycharm_project_231/routes/auth.py:178 - 用户登录成功: admin
2026-01-16 20:00:00 - app - INFO - /tmp/pycharm_project_231/routes/auth.py:178 - 用户登录成功: admin1
2026-01-16 20:48:20 - app - INFO - /tmp/pycharm_project_231/routes/auth.py:178 - 用户登录成功: admin
2026-01-16 21:00:36 - app - INFO - /tmp/pycharm_project_231/routes/auth.py:178 - 用户登录成功: admin
2026-01-16 21:35:16 - app - INFO - /tmp/pycharm_project_231/utils/logging_config.py:86 - 日志系统初始化完成
2026-01-16 21:43:49 - app - INFO - /tmp/pycharm_project_231/utils/logging_config.py:86 - 日志系统初始化完成
2026-01-16 21:43:50 - app - INFO - /tmp/pycharm_project_231/app.py:83 - 应用初始化完成，配置: default
2026-01-16 21:43:51 - app - INFO - /tmp/pycharm_project_231/utils/logging_config.py:86 - 日志系统初始化完成
2026-01-16 21:43:51 - app - INFO - /tmp/pycharm_project_231/app.py:83 - 应用初始化完成，配置: default
2026-01-17 11:46:06 - app - INFO - /tmp/pycharm_project_231/utils/logging_config.py:86 - 日志系统初始化完成
2026-01-17 11:46:07 - app - INFO - /tmp/pycharm_project_231/app.py:83 - 应用初始化完成，配置: default
2026-01-17 11:46:08 - app - INFO - /tmp/pycharm_project_231/utils/logging_config.py:86 - 日志系统初始化完成
2026-01-17 11:46:08 - app - INFO - /tmp/pycharm_project_231/app.py:83 - 应用初始化完成，配置: default
2026-01-17 11:52:09 - app - ERROR - /tmp/pycharm_project_231/routes/auth.py:229 - 登录错误: local variable 'current_app' referenced before assignment
2026-01-17 11:52:09 - app - DEBUG - /tmp/pycharm_project_231/routes/auth.py:230 - 错误堆栈: Traceback (most recent call last):
  File "/tmp/pycharm_project_231/routes/auth.py", line 189, in login
    current_app.logger.info(f"用户登录成功: {username}")
UnboundLocalError: local variable 'current_app' referenced before assignment

2026-01-17 11:52:11 - app - ERROR - /tmp/pycharm_project_231/routes/auth.py:229 - 登录错误: local variable 'current_app' referenced before assignment
2026-01-17 11:52:11 - app - DEBUG - /tmp/pycharm_project_231/routes/auth.py:230 - 错误堆栈: Traceback (most recent call last):
  File "/tmp/pycharm_project_231/routes/auth.py", line 176, in login
    current_app.logger.info(f"用户 {username} 在其他地方登录，旧会话将被失效")
UnboundLocalError: local variable 'current_app' referenced before assignment

2026-01-17 11:52:12 - app - ERROR - /tmp/pycharm_project_231/routes/auth.py:229 - 登录错误: local variable 'current_app' referenced before assignment
2026-01-17 11:52:12 - app - DEBUG - /tmp/pycharm_project_231/routes/auth.py:230 - 错误堆栈: Traceback (most recent call last):
  File "/tmp/pycharm_project_231/routes/auth.py", line 176, in login
    current_app.logger.info(f"用户 {username} 在其他地方登录，旧会话将被失效")
UnboundLocalError: local variable 'current_app' referenced before assignment

2026-01-17 11:52:12 - app - ERROR - /tmp/pycharm_project_231/routes/auth.py:229 - 登录错误: local variable 'current_app' referenced before assignment
2026-01-17 11:52:12 - app - DEBUG - /tmp/pycharm_project_231/routes/auth.py:230 - 错误堆栈: Traceback (most recent call last):
  File "/tmp/pycharm_project_231/routes/auth.py", line 176, in login
    current_app.logger.info(f"用户 {username} 在其他地方登录，旧会话将被失效")
UnboundLocalError: local variable 'current_app' referenced before assignment

2026-01-17 11:52:13 - app - ERROR - /tmp/pycharm_project_231/routes/auth.py:229 - 登录错误: local variable 'current_app' referenced before assignment
2026-01-17 11:52:13 - app - DEBUG - /tmp/pycharm_project_231/routes/auth.py:230 - 错误堆栈: Traceback (most recent call last):
  File "/tmp/pycharm_project_231/routes/auth.py", line 176, in login
    current_app.logger.info(f"用户 {username} 在其他地方登录，旧会话将被失效")
UnboundLocalError: local variable 'current_app' referenced before assignment

2026-01-17 11:53:11 - app - INFO - /tmp/pycharm_project_231/utils/logging_config.py:86 - 日志系统初始化完成
2026-01-17 11:53:13 - app - INFO - /tmp/pycharm_project_231/app.py:83 - 应用初始化完成，配置: default
2026-01-17 13:53:23 - app - ERROR - /tmp/pycharm_project_231/routes/auth.py:229 - 登录错误: local variable 'current_app' referenced before assignment
2026-01-17 13:53:23 - app - DEBUG - /tmp/pycharm_project_231/routes/auth.py:230 - 错误堆栈: Traceback (most recent call last):
  File "/tmp/pycharm_project_231/routes/auth.py", line 189, in login
    current_app.logger.info(f"用户登录成功: {username}")
UnboundLocalError: local variable 'current_app' referenced before assignment

2026-01-17 13:53:26 - app - ERROR - /tmp/pycharm_project_231/routes/auth.py:229 - 登录错误: local variable 'current_app' referenced before assignment
2026-01-17 13:53:26 - app - DEBUG - /tmp/pycharm_project_231/routes/auth.py:230 - 错误堆栈: Traceback (most recent call last):
  File "/tmp/pycharm_project_231/routes/auth.py", line 176, in login
    current_app.logger.info(f"用户 {username} 在其他地方登录，旧会话将被失效")
UnboundLocalError: local variable 'current_app' referenced before assignment

2026-01-17 13:53:39 - app - ERROR - /tmp/pycharm_project_231/routes/auth.py:229 - 登录错误: local variable 'current_app' referenced before assignment
2026-01-17 13:53:39 - app - DEBUG - /tmp/pycharm_project_231/routes/auth.py:230 - 错误堆栈: Traceback (most recent call last):
  File "/tmp/pycharm_project_231/routes/auth.py", line 176, in login
    current_app.logger.info(f"用户 {username} 在其他地方登录，旧会话将被失效")
UnboundLocalError: local variable 'current_app' referenced before assignment

2026-01-17 13:55:13 - app - ERROR - /tmp/pycharm_project_231/routes/auth.py:229 - 登录错误: local variable 'current_app' referenced before assignment
2026-01-17 13:55:13 - app - DEBUG - /tmp/pycharm_project_231/routes/auth.py:230 - 错误堆栈: Traceback (most recent call last):
  File "/tmp/pycharm_project_231/routes/auth.py", line 176, in login
    current_app.logger.info(f"用户 {username} 在其他地方登录，旧会话将被失效")
UnboundLocalError: local variable 'current_app' referenced before assignment

2026-01-17 13:55:15 - app - ERROR - /tmp/pycharm_project_231/routes/auth.py:229 - 登录错误: local variable 'current_app' referenced before assignment
2026-01-17 13:55:15 - app - DEBUG - /tmp/pycharm_project_231/routes/auth.py:230 - 错误堆栈: Traceback (most recent call last):
  File "/tmp/pycharm_project_231/routes/auth.py", line 176, in login
    current_app.logger.info(f"用户 {username} 在其他地方登录，旧会话将被失效")
UnboundLocalError: local variable 'current_app' referenced before assignment

2026-01-17 13:55:15 - app - ERROR - /tmp/pycharm_project_231/routes/auth.py:229 - 登录错误: local variable 'current_app' referenced before assignment
2026-01-17 13:55:15 - app - DEBUG - /tmp/pycharm_project_231/routes/auth.py:230 - 错误堆栈: Traceback (most recent call last):
  File "/tmp/pycharm_project_231/routes/auth.py", line 176, in login
    current_app.logger.info(f"用户 {username} 在其他地方登录，旧会话将被失效")
UnboundLocalError: local variable 'current_app' referenced before assignment

2026-01-17 13:55:16 - app - ERROR - /tmp/pycharm_project_231/routes/auth.py:229 - 登录错误: local variable 'current_app' referenced before assignment
2026-01-17 13:55:16 - app - DEBUG - /tmp/pycharm_project_231/routes/auth.py:230 - 错误堆栈: Traceback (most recent call last):
  File "/tmp/pycharm_project_231/routes/auth.py", line 176, in login
    current_app.logger.info(f"用户 {username} 在其他地方登录，旧会话将被失效")
UnboundLocalError: local variable 'current_app' referenced before assignment

2026-01-17 13:55:17 - app - ERROR - /tmp/pycharm_project_231/routes/auth.py:229 - 登录错误: local variable 'current_app' referenced before assignment
2026-01-17 13:55:17 - app - DEBUG - /tmp/pycharm_project_231/routes/auth.py:230 - 错误堆栈: Traceback (most recent call last):
  File "/tmp/pycharm_project_231/routes/auth.py", line 176, in login
    current_app.logger.info(f"用户 {username} 在其他地方登录，旧会话将被失效")
UnboundLocalError: local variable 'current_app' referenced before assignment

2026-01-17 14:01:13 - app - ERROR - /tmp/pycharm_project_231/routes/auth.py:229 - 登录错误: local variable 'current_app' referenced before assignment
2026-01-17 14:01:13 - app - DEBUG - /tmp/pycharm_project_231/routes/auth.py:230 - 错误堆栈: Traceback (most recent call last):
  File "/tmp/pycharm_project_231/routes/auth.py", line 176, in login
    current_app.logger.info(f"用户 {username} 在其他地方登录，旧会话将被失效")
UnboundLocalError: local variable 'current_app' referenced before assignment

2026-01-17 18:07:11 - app - INFO - /tmp/pycharm_project_231/utils/logging_config.py:86 - 日志系统初始化完成
2026-01-17 18:07:14 - app - INFO - /tmp/pycharm_project_231/app.py:83 - 应用初始化完成，配置: default
2026-01-20 13:40:52 - app - ERROR - /tmp/pycharm_project_231/routes/auth.py:229 - 登录错误: local variable 'current_app' referenced before assignment
2026-01-20 13:40:52 - app - DEBUG - /tmp/pycharm_project_231/routes/auth.py:230 - 错误堆栈: Traceback (most recent call last):
  File "/tmp/pycharm_project_231/routes/auth.py", line 176, in login
    current_app.logger.info(f"用户 {username} 在其他地方登录，旧会话将被失效")
UnboundLocalError: local variable 'current_app' referenced before assignment

2026-01-20 13:41:13 - app - ERROR - /tmp/pycharm_project_231/routes/auth.py:229 - 登录错误: local variable 'current_app' referenced before assignment
2026-01-20 13:41:13 - app - DEBUG - /tmp/pycharm_project_231/routes/auth.py:230 - 错误堆栈: Traceback (most recent call last):
  File "/tmp/pycharm_project_231/routes/auth.py", line 189, in login
    current_app.logger.info(f"用户登录成功: {username}")
UnboundLocalError: local variable 'current_app' referenced before assignment

2026-01-20 13:41:15 - app - ERROR - /tmp/pycharm_project_231/routes/auth.py:229 - 登录错误: local variable 'current_app' referenced before assignment
2026-01-20 13:41:15 - app - DEBUG - /tmp/pycharm_project_231/routes/auth.py:230 - 错误堆栈: Traceback (most recent call last):
  File "/tmp/pycharm_project_231/routes/auth.py", line 176, in login
    current_app.logger.info(f"用户 {username} 在其他地方登录，旧会话将被失效")
UnboundLocalError: local variable 'current_app' referenced before assignment

2026-01-20 13:41:15 - app - ERROR - /tmp/pycharm_project_231/routes/auth.py:229 - 登录错误: local variable 'current_app' referenced before assignment
2026-01-20 13:41:15 - app - DEBUG - /tmp/pycharm_project_231/routes/auth.py:230 - 错误堆栈: Traceback (most recent call last):
  File "/tmp/pycharm_project_231/routes/auth.py", line 176, in login
    current_app.logger.info(f"用户 {username} 在其他地方登录，旧会话将被失效")
UnboundLocalError: local variable 'current_app' referenced before assignment

2026-01-20 13:41:16 - app - ERROR - /tmp/pycharm_project_231/routes/auth.py:229 - 登录错误: local variable 'current_app' referenced before assignment
2026-01-20 13:41:16 - app - DEBUG - /tmp/pycharm_project_231/routes/auth.py:230 - 错误堆栈: Traceback (most recent call last):
  File "/tmp/pycharm_project_231/routes/auth.py", line 176, in login
    current_app.logger.info(f"用户 {username} 在其他地方登录，旧会话将被失效")
UnboundLocalError: local variable 'current_app' referenced before assignment

2026-01-25 18:31:18 - app - INFO - /tmp/pycharm_project_231/utils/logging_config.py:86 - 日志系统初始化完成
2026-01-25 18:31:20 - app - INFO - /tmp/pycharm_project_231/app.py:83 - 应用初始化完成，配置: default
2026-01-25 18:32:54 - app - INFO - /tmp/pycharm_project_231/utils/logging_config.py:86 - 日志系统初始化完成
2026-01-25 18:32:56 - app - INFO - /tmp/pycharm_project_231/app.py:83 - 应用初始化完成，配置: default
2026-01-25 18:44:53 - app - ERROR - /tmp/pycharm_project_231/routes/auth.py:229 - 登录错误: local variable 'current_app' referenced before assignment
2026-01-25 18:44:53 - app - DEBUG - /tmp/pycharm_project_231/routes/auth.py:230 - 错误堆栈: Traceback (most recent call last):
  File "/tmp/pycharm_project_231/routes/auth.py", line 189, in login
    current_app.logger.info(f"用户登录成功: {username}")
UnboundLocalError: local variable 'current_app' referenced before assignment

2026-01-25 18:45:30 - app - INFO - /tmp/pycharm_project_231/utils/logging_config.py:86 - 日志系统初始化完成
2026-01-25 18:45:31 - app - INFO - /tmp/pycharm_project_231/app.py:83 - 应用初始化完成，配置: default
2026-01-25 18:45:41 - app - INFO - /tmp/pycharm_project_231/routes/auth.py:176 - 用户 admin 在其他地方登录，旧会话将被失效
2026-01-25 18:45:41 - app - INFO - /tmp/pycharm_project_231/routes/auth.py:189 - 用户登录成功: admin
2026-01-25 18:53:14 - app - INFO - /tmp/pycharm_project_231/routes/auth.py:176 - 用户 admin1 在其他地方登录，旧会话将被失效
2026-01-25 18:53:14 - app - INFO - /tmp/pycharm_project_231/routes/auth.py:189 - 用户登录成功: admin1
2026-01-25 19:31:17 - app - INFO - /tmp/pycharm_project_231/utils/logging_config.py:86 - 日志系统初始化完成
2026-01-25 19:31:17 - app - WARNING - /tmp/pycharm_project_231/app.py:61 - CORS 未启用，UniApp 前端可能无法访问 API
2026-01-25 19:31:18 - app - INFO - /tmp/pycharm_project_231/app.py:106 - 应用初始化完成，配置: default
2026-01-25 19:37:01 - app - INFO - /tmp/pycharm_project_231/routes/auth.py:189 - 用户登录成功: admin
2026-01-25 19:42:28 - app - INFO - /tmp/pycharm_project_231/routes/auth.py:176 - 用户 admin 在其他地方登录，旧会话将被失效
2026-01-25 19:42:28 - app - INFO - /tmp/pycharm_project_231/routes/auth.py:189 - 用户登录成功: admin
2026-01-25 19:42:43 - app - INFO - /tmp/pycharm_project_231/routes/auth.py:176 - 用户 admin 在其他地方登录，旧会话将被失效
2026-01-25 19:42:43 - app - INFO - /tmp/pycharm_project_231/routes/auth.py:189 - 用户登录成功: admin
2026-01-25 19:44:05 - app - INFO - /tmp/pycharm_project_231/routes/auth.py:176 - 用户 admin 在其他地方登录，旧会话将被失效
2026-01-25 19:44:05 - app - INFO - /tmp/pycharm_project_231/routes/auth.py:189 - 用户登录成功: admin
2026-01-25 19:46:42 - app - INFO - /tmp/pycharm_project_231/routes/auth.py:176 - 用户 admin 在其他地方登录，旧会话将被失效
2026-01-25 19:46:42 - app - INFO - /tmp/pycharm_project_231/routes/auth.py:189 - 用户登录成功: admin
2026-01-25 19:53:23 - app - INFO - /tmp/pycharm_project_231/routes/auth.py:176 - 用户 admin 在其他地方登录，旧会话将被失效
2026-01-25 19:53:23 - app - INFO - /tmp/pycharm_project_231/routes/auth.py:189 - 用户登录成功: admin
2026-01-25 19:57:18 - app - INFO - /tmp/pycharm_project_231/routes/auth.py:176 - 用户 admin 在其他地方登录，旧会话将被失效
2026-01-25 19:57:18 - app - INFO - /tmp/pycharm_project_231/routes/auth.py:189 - 用户登录成功: admin
2026-01-25 20:04:44 - app - INFO - /tmp/pycharm_project_231/routes/auth.py:176 - 用户 admin 在其他地方登录，旧会话将被失效
2026-01-25 20:04:44 - app - INFO - /tmp/pycharm_project_231/routes/auth.py:189 - 用户登录成功: admin
2026-01-25 20:08:40 - app - INFO - /tmp/pycharm_project_231/routes/auth.py:176 - 用户 admin 在其他地方登录，旧会话将被失效
2026-01-25 20:08:40 - app - INFO - /tmp/pycharm_project_231/routes/auth.py:189 - 用户登录成功: admin
2026-01-26 21:46:03 - app - INFO - /tmp/pycharm_project_231/utils/logging_config.py:86 - 日志系统初始化完成
2026-01-26 21:46:03 - app - WARNING - /tmp/pycharm_project_231/app.py:61 - CORS 未启用，UniApp 前端可能无法访问 API
2026-01-26 21:47:28 - app - INFO - /tmp/pycharm_project_231/utils/logging_config.py:86 - 日志系统初始化完成
2026-01-26 21:47:28 - app - WARNING - /tmp/pycharm_project_231/app.py:61 - CORS 未启用，UniApp 前端可能无法访问 API
2026-01-26 21:49:17 - app - INFO - /tmp/pycharm_project_231/utils/logging_config.py:86 - 日志系统初始化完成
2026-01-26 21:49:17 - app - WARNING - /tmp/pycharm_project_231/app.py:61 - CORS 未启用，UniApp 前端可能无法访问 API
2026-01-26 21:49:18 - app - INFO - /tmp/pycharm_project_231/app.py:106 - 应用初始化完成，配置: default
2026-01-26 21:49:19 - app - INFO - /tmp/pycharm_project_231/utils/logging_config.py:86 - 日志系统初始化完成
2026-01-26 21:49:19 - app - WARNING - /tmp/pycharm_project_231/app.py:61 - CORS 未启用，UniApp 前端可能无法访问 API
2026-01-26 21:49:19 - app - INFO - /tmp/pycharm_project_231/app.py:106 - 应用初始化完成，配置: default
2026-01-26 21:55:43 - app - INFO - /tmp/pycharm_project_231/utils/logging_config.py:86 - 日志系统初始化完成
2026-01-26 21:55:43 - app - WARNING - /tmp/pycharm_project_231/app.py:61 - CORS 未启用，UniApp 前端可能无法访问 API
2026-01-26 21:55:44 - app - INFO - /tmp/pycharm_project_231/app.py:106 - 应用初始化完成，配置: default
2026-01-26 21:55:46 - app - INFO - /tmp/pycharm_project_231/utils/logging_config.py:86 - 日志系统初始化完成
2026-01-26 21:55:46 - app - WARNING - /tmp/pycharm_project_231/app.py:61 - CORS 未启用，UniApp 前端可能无法访问 API
2026-01-26 21:55:47 - app - INFO - /tmp/pycharm_project_231/app.py:106 - 应用初始化完成，配置: default
2026-01-26 21:57:36 - app - INFO - /tmp/pycharm_project_231/utils/logging_config.py:86 - 日志系统初始化完成
2026-01-26 21:57:36 - app - WARNING - /tmp/pycharm_project_231/app.py:61 - CORS 未启用，UniApp 前端可能无法访问 API
2026-01-26 21:57:37 - app - INFO - /tmp/pycharm_project_231/app.py:106 - 应用初始化完成，配置: default
2026-01-26 21:57:41 - app - INFO - /tmp/pycharm_project_231/utils/logging_config.py:86 - 日志系统初始化完成
2026-01-26 21:57:41 - app - WARNING - /tmp/pycharm_project_231/app.py:61 - CORS 未启用，UniApp 前端可能无法访问 API
2026-01-26 21:57:42 - app - INFO - /tmp/pycharm_project_231/app.py:106 - 应用初始化完成，配置: default
2026-01-26 22:00:17 - app - INFO - /tmp/pycharm_project_231/utils/logging_config.py:86 - 日志系统初始化完成
2026-01-26 22:00:17 - app - WARNING - /tmp/pycharm_project_231/app.py:61 - CORS 未启用，UniApp 前端可能无法访问 API
2026-01-26 22:00:18 - app - INFO - /tmp/pycharm_project_231/app.py:106 - 应用初始化完成，配置: default
2026-01-26 22:00:23 - app - INFO - /tmp/pycharm_project_231/utils/logging_config.py:86 - 日志系统初始化完成
2026-01-26 22:00:23 - app - WARNING - /tmp/pycharm_project_231/app.py:61 - CORS 未启用，UniApp 前端可能无法访问 API
2026-01-26 22:00:24 - app - INFO - /tmp/pycharm_project_231/app.py:106 - 应用初始化完成，配置: default
2026-01-26 22:01:52 - app - INFO - /tmp/pycharm_project_231/utils/logging_config.py:86 - 日志系统初始化完成
2026-01-26 22:01:52 - app - WARNING - /tmp/pycharm_project_231/app.py:61 - CORS 未启用，UniApp 前端可能无法访问 API
2026-01-26 22:01:53 - app - INFO - /tmp/pycharm_project_231/app.py:106 - 应用初始化完成，配置: default
2026-01-26 22:02:09 - app - INFO - /tmp/pycharm_project_231/utils/logging_config.py:86 - 日志系统初始化完成
2026-01-26 22:02:09 - app - WARNING - /tmp/pycharm_project_231/app.py:61 - CORS 未启用，UniApp 前端可能无法访问 API
2026-01-26 22:02:09 - app - INFO - /tmp/pycharm_project_231/app.py:106 - 应用初始化完成，配置: default
2026-01-26 22:04:08 - app - INFO - /tmp/pycharm_project_231/utils/logging_config.py:86 - 日志系统初始化完成
2026-01-26 22:04:08 - app - WARNING - /tmp/pycharm_project_231/app.py:61 - CORS 未启用，UniApp 前端可能无法访问 API
2026-01-26 22:04:09 - app - INFO - /tmp/pycharm_project_231/app.py:106 - 应用初始化完成，配置: default
2026-01-26 22:04:11 - app - INFO - /tmp/pycharm_project_231/utils/logging_config.py:86 - 日志系统初始化完成
2026-01-26 22:04:11 - app - WARNING - /tmp/pycharm_project_231/app.py:61 - CORS 未启用，UniApp 前端可能无法访问 API
2026-01-26 22:04:12 - app - INFO - /tmp/pycharm_project_231/app.py:106 - 应用初始化完成，配置: default
2026-01-26 22:04:16 - app - INFO - /tmp/pycharm_project_231/utils/logging_config.py:86 - 日志系统初始化完成
2026-01-26 22:04:16 - app - WARNING - /tmp/pycharm_project_231/app.py:61 - CORS 未启用，UniApp 前端可能无法访问 API
2026-01-26 22:04:17 - app - INFO - /tmp/pycharm_project_231/app.py:106 - 应用初始化完成，配置: default
2026-01-26 22:04:21 - app - INFO - /tmp/pycharm_project_231/utils/logging_config.py:86 - 日志系统初始化完成
2026-01-26 22:04:21 - app - WARNING - /tmp/pycharm_project_231/app.py:61 - CORS 未启用，UniApp 前端可能无法访问 API
2026-01-26 22:04:22 - app - INFO - /tmp/pycharm_project_231/app.py:106 - 应用初始化完成，配置: default
2026-01-26 22:04:24 - app - INFO - /tmp/pycharm_project_231/utils/logging_config.py:86 - 日志系统初始化完成
2026-01-26 22:04:24 - app - WARNING - /tmp/pycharm_project_231/app.py:61 - CORS 未启用，UniApp 前端可能无法访问 API
2026-01-26 22:04:25 - app - INFO - /tmp/pycharm_project_231/app.py:106 - 应用初始化完成，配置: default
2026-01-26 22:04:34 - app - INFO - /tmp/pycharm_project_231/utils/logging_config.py:86 - 日志系统初始化完成
2026-01-26 22:04:34 - app - WARNING - /tmp/pycharm_project_231/app.py:61 - CORS 未启用，UniApp 前端可能无法访问 API
2026-01-26 22:04:35 - app - INFO - /tmp/pycharm_project_231/app.py:106 - 应用初始化完成，配置: default
2026-01-26 22:04:37 - app - INFO - /tmp/pycharm_project_231/utils/logging_config.py:86 - 日志系统初始化完成
2026-01-26 22:04:37 - app - WARNING - /tmp/pycharm_project_231/app.py:61 - CORS 未启用，UniApp 前端可能无法访问 API
2026-01-26 22:04:38 - app - INFO - /tmp/pycharm_project_231/app.py:106 - 应用初始化完成，配置: default
2026-01-26 22:05:10 - app - INFO - /tmp/pycharm_project_231/utils/logging_config.py:86 - 日志系统初始化完成
2026-01-26 22:05:10 - app - WARNING - /tmp/pycharm_project_231/app.py:61 - CORS 未启用，UniApp 前端可能无法访问 API
2026-01-26 22:05:11 - app - INFO - /tmp/pycharm_project_231/app.py:106 - 应用初始化完成，配置: default
2026-01-26 22:05:13 - app - INFO - /tmp/pycharm_project_231/utils/logging_config.py:86 - 日志系统初始化完成
2026-01-26 22:05:13 - app - WARNING - /tmp/pycharm_project_231/app.py:61 - CORS 未启用，UniApp 前端可能无法访问 API
2026-01-26 22:05:14 - app - INFO - /tmp/pycharm_project_231/app.py:106 - 应用初始化完成，配置: default
2026-01-26 22:05:28 - app - INFO - /tmp/pycharm_project_231/utils/logging_config.py:86 - 日志系统初始化完成
2026-01-26 22:05:28 - app - WARNING - /tmp/pycharm_project_231/app.py:61 - CORS 未启用，UniApp 前端可能无法访问 API
2026-01-26 22:05:29 - app - INFO - /tmp/pycharm_project_231/app.py:106 - 应用初始化完成，配置: default
2026-01-26 22:05:51 - app - INFO - /tmp/pycharm_project_231/utils/logging_config.py:86 - 日志系统初始化完成
2026-01-26 22:05:51 - app - WARNING - /tmp/pycharm_project_231/app.py:61 - CORS 未启用，UniApp 前端可能无法访问 API
2026-01-26 22:05:52 - app - INFO - /tmp/pycharm_project_231/app.py:106 - 应用初始化完成，配置: default
2026-01-26 22:05:55 - app - INFO - /tmp/pycharm_project_231/utils/logging_config.py:86 - 日志系统初始化完成
2026-01-26 22:05:55 - app - WARNING - /tmp/pycharm_project_231/app.py:61 - CORS 未启用，UniApp 前端可能无法访问 API
2026-01-26 22:05:56 - app - INFO - /tmp/pycharm_project_231/app.py:106 - 应用初始化完成，配置: default
2026-01-26 22:05:59 - app - INFO - /tmp/pycharm_project_231/utils/logging_config.py:86 - 日志系统初始化完成
2026-01-26 22:05:59 - app - WARNING - /tmp/pycharm_project_231/app.py:61 - CORS 未启用，UniApp 前端可能无法访问 API
2026-01-26 22:06:00 - app - INFO - /tmp/pycharm_project_231/app.py:106 - 应用初始化完成，配置: default
2026-01-26 22:06:03 - app - INFO - /tmp/pycharm_project_231/utils/logging_config.py:86 - 日志系统初始化完成
2026-01-26 22:06:03 - app - WARNING - /tmp/pycharm_project_231/app.py:61 - CORS 未启用，UniApp 前端可能无法访问 API
2026-01-26 22:06:04 - app - INFO - /tmp/pycharm_project_231/app.py:106 - 应用初始化完成，配置: default
2026-01-26 22:06:28 - app - INFO - /tmp/pycharm_project_231/utils/logging_config.py:86 - 日志系统初始化完成
2026-01-26 22:06:28 - app - WARNING - /tmp/pycharm_project_231/app.py:61 - CORS 未启用，UniApp 前端可能无法访问 API
2026-01-26 22:06:29 - app - INFO - /tmp/pycharm_project_231/app.py:106 - 应用初始化完成，配置: default
2026-01-26 22:06:38 - app - INFO - /tmp/pycharm_project_231/utils/logging_config.py:86 - 日志系统初始化完成
2026-01-26 22:06:38 - app - WARNING - /tmp/pycharm_project_231/app.py:61 - CORS 未启用，UniApp 前端可能无法访问 API
2026-01-26 22:06:39 - app - INFO - /tmp/pycharm_project_231/app.py:106 - 应用初始化完成，配置: default
2026-01-26 22:08:31 - app - INFO - /tmp/pycharm_project_231/utils/logging_config.py:86 - 日志系统初始化完成
2026-01-26 22:08:31 - app - WARNING - /tmp/pycharm_project_231/app.py:61 - CORS 未启用，UniApp 前端可能无法访问 API
2026-01-26 22:08:32 - app - INFO - /tmp/pycharm_project_231/app.py:106 - 应用初始化完成，配置: default
2026-01-26 22:08:57 - app - INFO - /tmp/pycharm_project_231/utils/logging_config.py:86 - 日志系统初始化完成
2026-01-26 22:08:57 - app - WARNING - /tmp/pycharm_project_231/app.py:61 - CORS 未启用，UniApp 前端可能无法访问 API
2026-01-26 22:11:59 - app - INFO - /tmp/pycharm_project_231/utils/logging_config.py:86 - 日志系统初始化完成
2026-01-26 22:11:59 - app - WARNING - /tmp/pycharm_project_231/app.py:61 - CORS 未启用，UniApp 前端可能无法访问 API
2026-01-26 22:12:00 - app - INFO - /tmp/pycharm_project_231/app.py:106 - 应用初始化完成，配置: default
2026-01-26 22:12:01 - app - INFO - /tmp/pycharm_project_231/utils/logging_config.py:86 - 日志系统初始化完成
2026-01-26 22:12:01 - app - WARNING - /tmp/pycharm_project_231/app.py:61 - CORS 未启用，UniApp 前端可能无法访问 API
2026-01-26 22:12:02 - app - INFO - /tmp/pycharm_project_231/app.py:106 - 应用初始化完成，配置: default
2026-01-26 22:16:23 - app - INFO - /tmp/pycharm_project_231/utils/logging_config.py:86 - 日志系统初始化完成
2026-01-26 22:16:23 - app - WARNING - /tmp/pycharm_project_231/app.py:61 - CORS 未启用，UniApp 前端可能无法访问 API
2026-01-26 22:16:24 - app - INFO - /tmp/pycharm_project_231/app.py:106 - 应用初始化完成，配置: default
2026-01-26 22:16:30 - app - INFO - /tmp/pycharm_project_231/utils/logging_config.py:86 - 日志系统初始化完成
2026-01-26 22:16:30 - app - WARNING - /tmp/pycharm_project_231/app.py:61 - CORS 未启用，UniApp 前端可能无法访问 API
2026-01-26 22:16:31 - app - INFO - /tmp/pycharm_project_231/app.py:106 - 应用初始化完成，配置: default
2026-01-26 22:16:33 - app - INFO - /tmp/pycharm_project_231/utils/logging_config.py:86 - 日志系统初始化完成
2026-01-26 22:16:33 - app - WARNING - /tmp/pycharm_project_231/app.py:61 - CORS 未启用，UniApp 前端可能无法访问 API
2026-01-26 22:16:34 - app - INFO - /tmp/pycharm_project_231/app.py:106 - 应用初始化完成，配置: default
2026-01-26 22:16:42 - app - INFO - /tmp/pycharm_project_231/utils/logging_config.py:86 - 日志系统初始化完成
2026-01-26 22:16:42 - app - WARNING - /tmp/pycharm_project_231/app.py:61 - CORS 未启用，UniApp 前端可能无法访问 API
2026-01-26 22:16:43 - app - INFO - /tmp/pycharm_project_231/app.py:106 - 应用初始化完成，配置: default
2026-01-26 22:16:52 - app - INFO - /tmp/pycharm_project_231/utils/logging_config.py:86 - 日志系统初始化完成
2026-01-26 22:16:52 - app - WARNING - /tmp/pycharm_project_231/app.py:61 - CORS 未启用，UniApp 前端可能无法访问 API
2026-01-26 22:16:53 - app - INFO - /tmp/pycharm_project_231/app.py:106 - 应用初始化完成，配置: default
2026-01-26 22:19:03 - app - INFO - /tmp/pycharm_project_231/utils/logging_config.py:86 - 日志系统初始化完成
2026-01-26 22:19:03 - app - WARNING - /tmp/pycharm_project_231/app.py:61 - CORS 未启用，UniApp 前端可能无法访问 API
2026-01-26 22:19:04 - app - INFO - /tmp/pycharm_project_231/app.py:106 - 应用初始化完成，配置: default
2026-01-26 22:19:13 - app - INFO - /tmp/pycharm_project_231/utils/logging_config.py:86 - 日志系统初始化完成
2026-01-26 22:19:13 - app - WARNING - /tmp/pycharm_project_231/app.py:61 - CORS 未启用，UniApp 前端可能无法访问 API
2026-01-26 22:19:13 - app - INFO - /tmp/pycharm_project_231/app.py:106 - 应用初始化完成，配置: default
2026-01-26 22:21:16 - app - INFO - /tmp/pycharm_project_231/utils/logging_config.py:86 - 日志系统初始化完成
2026-01-26 22:21:16 - app - WARNING - /tmp/pycharm_project_231/app.py:61 - CORS 未启用，UniApp 前端可能无法访问 API
2026-01-26 22:21:17 - app - INFO - /tmp/pycharm_project_231/app.py:106 - 应用初始化完成，配置: default
2026-01-26 22:21:24 - app - INFO - /tmp/pycharm_project_231/utils/logging_config.py:86 - 日志系统初始化完成
2026-01-26 22:21:24 - app - WARNING - /tmp/pycharm_project_231/app.py:61 - CORS 未启用，UniApp 前端可能无法访问 API
2026-01-26 22:21:25 - app - INFO - /tmp/pycharm_project_231/app.py:106 - 应用初始化完成，配置: default
2026-01-26 22:21:51 - app - INFO - /tmp/pycharm_project_231/utils/logging_config.py:86 - 日志系统初始化完成
2026-01-26 22:21:51 - app - WARNING - /tmp/pycharm_project_231/app.py:61 - CORS 未启用，UniApp 前端可能无法访问 API
2026-01-26 22:21:52 - app - INFO - /tmp/pycharm_project_231/app.py:106 - 应用初始化完成，配置: default
2026-01-26 22:21:59 - app - INFO - /tmp/pycharm_project_231/utils/logging_config.py:86 - 日志系统初始化完成
2026-01-26 22:21:59 - app - WARNING - /tmp/pycharm_project_231/app.py:61 - CORS 未启用，UniApp 前端可能无法访问 API
2026-01-26 22:22:00 - app - INFO - /tmp/pycharm_project_231/app.py:106 - 应用初始化完成，配置: default
2026-01-26 22:23:12 - app - INFO - /tmp/pycharm_project_231/utils/logging_config.py:86 - 日志系统初始化完成
2026-01-26 22:23:12 - app - WARNING - /tmp/pycharm_project_231/app.py:61 - CORS 未启用，UniApp 前端可能无法访问 API
2026-01-26 22:23:12 - app - INFO - /tmp/pycharm_project_231/app.py:106 - 应用初始化完成，配置: default
2026-01-26 22:24:13 - app - INFO - /tmp/pycharm_project_231/utils/logging_config.py:86 - 日志系统初始化完成
2026-01-26 22:24:13 - app - WARNING - /tmp/pycharm_project_231/app.py:61 - CORS 未启用，UniApp 前端可能无法访问 API
2026-01-26 22:24:14 - app - INFO - /tmp/pycharm_project_231/app.py:106 - 应用初始化完成，配置: default
2026-01-26 22:25:17 - app - INFO - /tmp/pycharm_project_231/utils/logging_config.py:86 - 日志系统初始化完成
2026-01-26 22:25:17 - app - WARNING - /tmp/pycharm_project_231/app.py:61 - CORS 未启用，UniApp 前端可能无法访问 API
2026-01-26 22:25:17 - app - INFO - /tmp/pycharm_project_231/app.py:106 - 应用初始化完成，配置: default
2026-01-26 22:25:21 - app - INFO - /tmp/pycharm_project_231/utils/logging_config.py:86 - 日志系统初始化完成
2026-01-26 22:25:21 - app - WARNING - /tmp/pycharm_project_231/app.py:61 - CORS 未启用，UniApp 前端可能无法访问 API
2026-01-26 22:25:22 - app - INFO - /tmp/pycharm_project_231/app.py:106 - 应用初始化完成，配置: default
2026-01-26 22:25:24 - app - INFO - /tmp/pycharm_project_231/utils/logging_config.py:86 - 日志系统初始化完成
2026-01-26 22:25:24 - app - WARNING - /tmp/pycharm_project_231/app.py:61 - CORS 未启用，UniApp 前端可能无法访问 API
2026-01-26 22:25:24 - app - INFO - /tmp/pycharm_project_231/app.py:106 - 应用初始化完成，配置: default
2026-01-26 22:26:01 - app - WARNING - /tmp/pycharm_project_231/routes/students.py:294 - 更新财务记录失败 (month=2026-01): Entity namespace for "students" has no property "month"
2026-01-26 22:26:07 - app - WARNING - /tmp/pycharm_project_231/routes/students.py:294 - 更新财务记录失败 (month=2026-03): Entity namespace for "students" has no property "month"
2026-01-26 22:26:07 - app - WARNING - /tmp/pycharm_project_231/routes/students.py:294 - 更新财务记录失败 (month=2026-12): Entity namespace for "students" has no property "month"
2026-01-26 22:26:07 - app - WARNING - /tmp/pycharm_project_231/routes/students.py:294 - 更新财务记录失败 (month=2026-02): Entity namespace for "students" has no property "month"
2026-01-26 22:26:07 - app - WARNING - /tmp/pycharm_project_231/routes/students.py:294 - 更新财务记录失败 (month=2026-06): Entity namespace for "students" has no property "month"
2026-01-26 22:26:07 - app - WARNING - /tmp/pycharm_project_231/routes/students.py:294 - 更新财务记录失败 (month=2025-09): Entity namespace for "students" has no property "month"
2026-01-26 22:26:07 - app - WARNING - /tmp/pycharm_project_231/routes/students.py:294 - 更新财务记录失败 (month=2026-01): Entity namespace for "students" has no property "month"
2026-01-26 22:26:07 - app - WARNING - /tmp/pycharm_project_231/routes/students.py:294 - 更新财务记录失败 (month=2026-04): Entity namespace for "students" has no property "month"
2026-01-26 22:26:07 - app - WARNING - /tmp/pycharm_project_231/routes/students.py:294 - 更新财务记录失败 (month=2026-05): Entity namespace for "students" has no property "month"
2026-01-26 22:33:03 - app - INFO - /tmp/pycharm_project_231/utils/logging_config.py:86 - 日志系统初始化完成
2026-01-26 22:33:03 - app - WARNING - /tmp/pycharm_project_231/app.py:61 - CORS 未启用，UniApp 前端可能无法访问 API
2026-01-26 22:33:04 - app - INFO - /tmp/pycharm_project_231/app.py:106 - 应用初始化完成，配置: default
2026-01-26 22:33:07 - app - INFO - /tmp/pycharm_project_231/utils/logging_config.py:86 - 日志系统初始化完成
2026-01-26 22:33:07 - app - WARNING - /tmp/pycharm_project_231/app.py:61 - CORS 未启用，UniApp 前端可能无法访问 API
2026-01-26 22:33:07 - app - INFO - /tmp/pycharm_project_231/app.py:106 - 应用初始化完成，配置: default
2026-01-26 22:33:10 - app - INFO - /tmp/pycharm_project_231/utils/logging_config.py:86 - 日志系统初始化完成
2026-01-26 22:33:10 - app - WARNING - /tmp/pycharm_project_231/app.py:61 - CORS 未启用，UniApp 前端可能无法访问 API
2026-01-26 22:33:11 - app - INFO - /tmp/pycharm_project_231/app.py:106 - 应用初始化完成，配置: default
2026-01-26 22:36:00 - app - INFO - /tmp/pycharm_project_231/utils/logging_config.py:86 - 日志系统初始化完成
2026-01-26 22:36:00 - app - WARNING - /tmp/pycharm_project_231/app.py:61 - CORS 未启用，UniApp 前端可能无法访问 API
2026-01-26 22:36:01 - app - INFO - /tmp/pycharm_project_231/app.py:106 - 应用初始化完成，配置: default
2026-01-26 22:36:06 - app - INFO - /tmp/pycharm_project_231/utils/logging_config.py:86 - 日志系统初始化完成
2026-01-26 22:36:06 - app - WARNING - /tmp/pycharm_project_231/app.py:61 - CORS 未启用，UniApp 前端可能无法访问 API
2026-01-26 22:36:09 - app - INFO - /tmp/pycharm_project_231/app.py:106 - 应用初始化完成，配置: default
2026-01-26 22:41:50 - app - INFO - /tmp/pycharm_project_231/utils/logging_config.py:86 - 日志系统初始化完成
2026-01-26 22:41:50 - app - WARNING - /tmp/pycharm_project_231/app.py:61 - CORS 未启用，UniApp 前端可能无法访问 API
2026-01-26 22:41:51 - app - INFO - /tmp/pycharm_project_231/app.py:106 - 应用初始化完成，配置: default
2026-01-26 22:42:36 - app - INFO - /tmp/pycharm_project_231/utils/logging_config.py:86 - 日志系统初始化完成
2026-01-26 22:42:36 - app - WARNING - /tmp/pycharm_project_231/app.py:61 - CORS 未启用，UniApp 前端可能无法访问 API
2026-01-26 22:42:37 - app - INFO - /tmp/pycharm_project_231/app.py:106 - 应用初始化完成，配置: default
2026-01-26 22:42:40 - app - INFO - /tmp/pycharm_project_231/utils/logging_config.py:86 - 日志系统初始化完成
2026-01-26 22:42:40 - app - WARNING - /tmp/pycharm_project_231/app.py:61 - CORS 未启用，UniApp 前端可能无法访问 API
2026-01-26 22:42:41 - app - INFO - /tmp/pycharm_project_231/app.py:106 - 应用初始化完成，配置: default
2026-01-26 22:51:04 - app - INFO - /tmp/pycharm_project_231/utils/logging_config.py:86 - 日志系统初始化完成
2026-01-26 22:51:04 - app - WARNING - /tmp/pycharm_project_231/app.py:61 - CORS 未启用，UniApp 前端可能无法访问 API
2026-01-26 22:51:05 - app - INFO - /tmp/pycharm_project_231/app.py:106 - 应用初始化完成，配置: default
2026-01-27 14:39:03 - app - INFO - /tmp/pycharm_project_231/utils/logging_config.py:86 - 日志系统初始化完成
2026-01-27 14:39:03 - app - WARNING - /tmp/pycharm_project_231/app.py:61 - CORS 未启用，UniApp 前端可能无法访问 API
2026-01-27 14:39:12 - app - INFO - /tmp/pycharm_project_231/app.py:106 - 应用初始化完成，配置: default
2026-01-27 14:39:18 - app - INFO - /tmp/pycharm_project_231/utils/logging_config.py:86 - 日志系统初始化完成
2026-01-27 14:39:18 - app - WARNING - /tmp/pycharm_project_231/app.py:61 - CORS 未启用，UniApp 前端可能无法访问 API
2026-01-27 14:39:20 - app - INFO - /tmp/pycharm_project_231/app.py:106 - 应用初始化完成，配置: default
2026-01-27 14:41:44 - app - INFO - /tmp/pycharm_project_231/utils/logging_config.py:86 - 日志系统初始化完成
2026-01-27 14:41:44 - app - WARNING - /tmp/pycharm_project_231/app.py:61 - CORS 未启用，UniApp 前端可能无法访问 API
2026-01-27 14:41:50 - app - INFO - /tmp/pycharm_project_231/app.py:106 - 应用初始化完成，配置: default
2026-01-27 14:41:53 - app - INFO - /tmp/pycharm_project_231/utils/logging_config.py:86 - 日志系统初始化完成
2026-01-27 14:41:53 - app - WARNING - /tmp/pycharm_project_231/app.py:61 - CORS 未启用，UniApp 前端可能无法访问 API
2026-01-27 14:41:57 - app - INFO - /tmp/pycharm_project_231/app.py:106 - 应用初始化完成，配置: default
2026-01-27 14:44:59 - app - INFO - /tmp/pycharm_project_231/utils/logging_config.py:86 - 日志系统初始化完成
2026-01-27 14:45:07 - app - INFO - /tmp/pycharm_project_231/utils/logging_config.py:86 - 日志系统初始化完成
2026-01-27 14:45:10 - app - INFO - /tmp/pycharm_project_231/app.py:83 - 应用初始化完成，配置: default
2026-01-27 14:45:11 - app - INFO - /tmp/pycharm_project_231/utils/logging_config.py:86 - 日志系统初始化完成
2026-01-27 14:45:12 - app - INFO - /tmp/pycharm_project_231/app.py:83 - 应用初始化完成，配置: default
2026-01-27 14:51:13 - app - INFO - /tmp/pycharm_project_231/utils/logging_config.py:86 - 日志系统初始化完成
2026-01-27 14:51:14 - app - INFO - /tmp/pycharm_project_231/app.py:83 - 应用初始化完成，配置: default
2026-01-27 18:04:52 - app - INFO - /tmp/pycharm_project_231/utils/logging_config.py:86 - 日志系统初始化完成
2026-01-27 18:04:53 - app - INFO - /tmp/pycharm_project_231/app.py:83 - 应用初始化完成，配置: default
2026-01-27 18:04:54 - app - INFO - /tmp/pycharm_project_231/utils/logging_config.py:86 - 日志系统初始化完成
2026-01-27 18:04:55 - app - INFO - /tmp/pycharm_project_231/app.py:83 - 应用初始化完成，配置: default
2026-01-27 18:16:14 - app - INFO - /tmp/pycharm_project_231/utils/logging_config.py:86 - 日志系统初始化完成
2026-01-27 18:16:14 - app - INFO - /tmp/pycharm_project_231/app.py:83 - 应用初始化完成，配置: default
2026-01-27 18:16:15 - app - INFO - /tmp/pycharm_project_231/utils/logging_config.py:86 - 日志系统初始化完成
2026-01-27 18:16:16 - app - INFO - /tmp/pycharm_project_231/app.py:83 - 应用初始化完成，配置: default
2026-01-28 00:38:02 - app - INFO - /tmp/pycharm_project_231/utils/logging_config.py:86 - 日志系统初始化完成
2026-01-28 00:38:04 - app - INFO - /tmp/pycharm_project_231/app.py:83 - 应用初始化完成，配置: default
2026-01-28 00:38:05 - app - INFO - /tmp/pycharm_project_231/utils/logging_config.py:86 - 日志系统初始化完成
2026-01-28 00:38:06 - app - INFO - /tmp/pycharm_project_231/app.py:83 - 应用初始化完成，配置: default
2026-01-28 00:41:37 - app - INFO - /tmp/pycharm_project_231/utils/logging_config.py:86 - 日志系统初始化完成
2026-01-28 00:41:38 - app - INFO - /tmp/pycharm_project_231/app.py:83 - 应用初始化完成，配置: default
2026-01-28 16:49:11 - app - INFO - /tmp/pycharm_project_231/utils/logging_config.py:86 - 日志系统初始化完成
2026-01-28 16:49:13 - app - INFO - /tmp/pycharm_project_231/app.py:83 - 应用初始化完成，配置: default
2026-01-28 16:52:24 - app - INFO - /tmp/pycharm_project_231/utils/logging_config.py:86 - 日志系统初始化完成
2026-01-28 16:52:25 - app - INFO - /tmp/pycharm_project_231/app.py:83 - 应用初始化完成，配置: default
2026-01-28 16:52:26 - app - INFO - /tmp/pycharm_project_231/utils/logging_config.py:86 - 日志系统初始化完成
2026-01-28 16:52:27 - app - INFO - /tmp/pycharm_project_231/app.py:83 - 应用初始化完成，配置: default
2026-01-28 17:17:04 - app - INFO - /tmp/pycharm_project_231/utils/logging_config.py:86 - 日志系统初始化完成
2026-01-28 17:17:05 - app - INFO - /tmp/pycharm_project_231/app.py:83 - 应用初始化完成，配置: default
2026-01-28 17:17:06 - app - INFO - /tmp/pycharm_project_231/utils/logging_config.py:86 - 日志系统初始化完成
2026-01-28 17:17:07 - app - INFO - /tmp/pycharm_project_231/app.py:83 - 应用初始化完成，配置: default
2026-01-28 19:54:05 - app - INFO - /tmp/pycharm_project_231/utils/logging_config.py:86 - 日志系统初始化完成
2026-01-28 19:54:07 - app - INFO - /tmp/pycharm_project_231/app.py:83 - 应用初始化完成，配置: default
2026-01-28 19:54:09 - app - INFO - /tmp/pycharm_project_231/utils/logging_config.py:86 - 日志系统初始化完成
2026-01-28 19:54:10 - app - INFO - /tmp/pycharm_project_231/app.py:83 - 应用初始化完成，配置: default
2026-01-29 02:13:49 - app - INFO - /tmp/pycharm_project_231/utils/logging_config.py:86 - 日志系统初始化完成
2026-01-29 02:13:51 - app - INFO - /tmp/pycharm_project_231/app.py:83 - 应用初始化完成，配置: default
2026-01-29 02:13:53 - app - INFO - /tmp/pycharm_project_231/utils/logging_config.py:86 - 日志系统初始化完成
2026-01-29 02:13:54 - app - INFO - /tmp/pycharm_project_231/app.py:83 - 应用初始化完成，配置: default
2026-01-29 02:14:02 - app - INFO - /tmp/pycharm_project_231/utils/logging_config.py:86 - 日志系统初始化完成
2026-01-29 02:14:03 - app - INFO - /tmp/pycharm_project_231/app.py:83 - 应用初始化完成，配置: default
2026-01-29 02:14:24 - app - INFO - /tmp/pycharm_project_231/utils/logging_config.py:86 - 日志系统初始化完成
2026-01-29 02:14:26 - app - INFO - /tmp/pycharm_project_231/app.py:83 - 应用初始化完成，配置: default
2026-01-29 02:14:45 - app - INFO - /tmp/pycharm_project_231/utils/logging_config.py:86 - 日志系统初始化完成
2026-01-29 02:14:47 - app - INFO - /tmp/pycharm_project_231/app.py:83 - 应用初始化完成，配置: default
2026-01-29 03:00:17 - app - INFO - /tmp/pycharm_project_231/utils/logging_config.py:86 - 日志系统初始化完成
2026-01-29 03:00:19 - app - INFO - /tmp/pycharm_project_231/app.py:83 - 应用初始化完成，配置: default
2026-01-29 03:00:23 - app - INFO - /tmp/pycharm_project_231/utils/logging_config.py:86 - 日志系统初始化完成
2026-01-29 03:00:24 - app - INFO - /tmp/pycharm_project_231/app.py:83 - 应用初始化完成，配置: default
2026-01-29 03:52:44 - app - INFO - /tmp/pycharm_project_231/utils/logging_config.py:86 - 日志系统初始化完成
2026-01-29 03:52:46 - app - INFO - /tmp/pycharm_project_231/app.py:83 - 应用初始化完成，配置: default
2026-01-29 03:52:56 - app - INFO - /tmp/pycharm_project_231/utils/logging_config.py:86 - 日志系统初始化完成
2026-01-29 03:52:57 - app - INFO - /tmp/pycharm_project_231/app.py:83 - 应用初始化完成，配置: default
2026-01-29 04:43:30 - app - INFO - /tmp/pycharm_project_231/utils/logging_config.py:86 - 日志系统初始化完成
2026-01-29 04:43:32 - app - INFO - /tmp/pycharm_project_231/app.py:83 - 应用初始化完成，配置: default
2026-01-29 04:44:37 - app - INFO - /tmp/pycharm_project_231/utils/logging_config.py:86 - 日志系统初始化完成
2026-01-29 04:44:38 - app - INFO - /tmp/pycharm_project_231/app.py:83 - 应用初始化完成，配置: default
2026-01-29 04:44:39 - app - INFO - /tmp/pycharm_project_231/utils/logging_config.py:86 - 日志系统初始化完成
2026-01-29 04:44:40 - app - INFO - /tmp/pycharm_project_231/app.py:83 - 应用初始化完成，配置: default
2026-01-29 04:44:59 - app - INFO - /tmp/pycharm_project_231/utils/logging_config.py:86 - 日志系统初始化完成
2026-01-29 04:45:00 - app - INFO - /tmp/pycharm_project_231/app.py:83 - 应用初始化完成，配置: default
2026-01-29 04:45:22 - app - INFO - /tmp/pycharm_project_231/utils/logging_config.py:86 - 日志系统初始化完成
2026-01-29 04:45:23 - app - INFO - /tmp/pycharm_project_231/app.py:83 - 应用初始化完成，配置: default
2026-01-29 04:45:24 - app - INFO - /tmp/pycharm_project_231/utils/logging_config.py:86 - 日志系统初始化完成
2026-01-29 04:45:25 - app - INFO - /tmp/pycharm_project_231/app.py:83 - 应用初始化完成，配置: default
2026-01-29 04:45:32 - app - INFO - /tmp/pycharm_project_231/utils/logging_config.py:86 - 日志系统初始化完成
2026-01-29 04:45:32 - app - INFO - /tmp/pycharm_project_231/app.py:83 - 应用初始化完成，配置: default
2026-01-29 04:45:37 - app - INFO - /tmp/pycharm_project_231/utils/logging_config.py:86 - 日志系统初始化完成
2026-01-29 04:45:38 - app - INFO - /tmp/pycharm_project_231/app.py:83 - 应用初始化完成，配置: default
2026-01-29 04:45:47 - app - INFO - /tmp/pycharm_project_231/utils/logging_config.py:86 - 日志系统初始化完成
2026-01-29 04:45:48 - app - INFO - /tmp/pycharm_project_231/app.py:83 - 应用初始化完成，配置: default
2026-01-29 04:45:53 - app - INFO - /tmp/pycharm_project_231/utils/logging_config.py:86 - 日志系统初始化完成
2026-01-29 04:45:53 - app - INFO - /tmp/pycharm_project_231/app.py:83 - 应用初始化完成，配置: default
2026-01-29 04:45:54 - app - INFO - /tmp/pycharm_project_231/utils/logging_config.py:86 - 日志系统初始化完成
2026-01-29 04:45:55 - app - INFO - /tmp/pycharm_project_231/app.py:83 - 应用初始化完成，配置: default
2026-01-29 04:46:08 - app - INFO - /tmp/pycharm_project_231/utils/logging_config.py:86 - 日志系统初始化完成
2026-01-29 04:46:09 - app - INFO - /tmp/pycharm_project_231/app.py:83 - 应用初始化完成，配置: default
2026-01-29 04:46:10 - app - INFO - /tmp/pycharm_project_231/utils/logging_config.py:86 - 日志系统初始化完成
2026-01-29 04:46:11 - app - INFO - /tmp/pycharm_project_231/app.py:83 - 应用初始化完成，配置: default
2026-01-29 04:46:18 - app - INFO - /tmp/pycharm_project_231/routes/others.py:258 - Time slots API - status parameter = 'å¯ç¨', repr = 'å\x90¯ç\x94¨'
2026-01-29 04:46:18 - app - INFO - /tmp/pycharm_project_231/routes/others.py:259 - Time slots API - request.args = {'status': 'å\x90¯ç\x94¨'}
2026-01-29 04:46:18 - app - INFO - /tmp/pycharm_project_231/routes/others.py:264 - Time slots API - filtering by status = 'å¯ç¨'
2026-01-29 04:46:18 - app - INFO - /tmp/pycharm_project_231/routes/others.py:268 - Time slots API - found 0 slots
2026-01-29 04:46:24 - app - INFO - /tmp/pycharm_project_231/utils/logging_config.py:86 - 日志系统初始化完成
2026-01-29 04:46:35 - app - INFO - /tmp/pycharm_project_231/utils/logging_config.py:86 - 日志系统初始化完成
2026-01-29 04:46:36 - app - INFO - /tmp/pycharm_project_231/app.py:83 - 应用初始化完成，配置: default
2026-01-29 04:46:37 - app - INFO - /tmp/pycharm_project_231/utils/logging_config.py:86 - 日志系统初始化完成
2026-01-29 04:46:38 - app - INFO - /tmp/pycharm_project_231/app.py:83 - 应用初始化完成，配置: default
2026-01-29 04:46:40 - app - INFO - /tmp/pycharm_project_231/routes/others.py:271 - Time slots API - final status parameter = 'å¯ç¨', repr = 'å\x90¯ç\x94¨'
2026-01-29 04:46:40 - app - INFO - /tmp/pycharm_project_231/routes/others.py:276 - Time slots API - filtering by status = 'å¯ç¨'
2026-01-29 04:46:40 - app - INFO - /tmp/pycharm_project_231/routes/others.py:280 - Time slots API - found 0 slots
2026-01-29 04:46:49 - app - INFO - /tmp/pycharm_project_231/routes/others.py:271 - Time slots API - final status parameter = '启用', repr = '启用'
2026-01-29 04:46:49 - app - INFO - /tmp/pycharm_project_231/routes/others.py:276 - Time slots API - filtering by status = '启用'
2026-01-29 04:46:50 - app - INFO - /tmp/pycharm_project_231/routes/others.py:280 - Time slots API - found 10 slots
2026-01-29 04:46:57 - app - INFO - /tmp/pycharm_project_231/utils/logging_config.py:86 - 日志系统初始化完成
2026-01-29 04:46:58 - app - INFO - /tmp/pycharm_project_231/app.py:83 - 应用初始化完成，配置: default
2026-01-29 04:47:25 - app - INFO - /tmp/pycharm_project_231/utils/logging_config.py:86 - 日志系统初始化完成
2026-01-29 04:47:26 - app - INFO - /tmp/pycharm_project_231/app.py:83 - 应用初始化完成，配置: default
2026-01-29 04:47:49 - app - INFO - /tmp/pycharm_project_231/utils/logging_config.py:86 - 日志系统初始化完成
2026-01-29 04:47:50 - app - INFO - /tmp/pycharm_project_231/app.py:83 - 应用初始化完成，配置: default
2026-01-29 04:48:57 - app - INFO - /tmp/pycharm_project_231/utils/logging_config.py:86 - 日志系统初始化完成
2026-01-29 04:48:58 - app - INFO - /tmp/pycharm_project_231/app.py:83 - 应用初始化完成，配置: default
2026-01-29 04:49:06 - app - INFO - /tmp/pycharm_project_231/utils/logging_config.py:86 - 日志系统初始化完成
2026-01-29 04:49:07 - app - INFO - /tmp/pycharm_project_231/app.py:83 - 应用初始化完成，配置: default
2026-01-29 04:49:11 - app - INFO - /tmp/pycharm_project_231/utils/logging_config.py:86 - 日志系统初始化完成
2026-01-29 04:49:12 - app - INFO - /tmp/pycharm_project_231/app.py:83 - 应用初始化完成，配置: default
2026-01-29 04:49:18 - app - INFO - /tmp/pycharm_project_231/utils/logging_config.py:86 - 日志系统初始化完成
2026-01-29 04:49:19 - app - INFO - /tmp/pycharm_project_231/app.py:83 - 应用初始化完成，配置: default
2026-01-29 04:51:21 - app - INFO - /tmp/pycharm_project_231/utils/logging_config.py:86 - 日志系统初始化完成
2026-01-29 04:51:22 - app - INFO - /tmp/pycharm_project_231/app.py:83 - 应用初始化完成，配置: default
2026-01-29 04:51:23 - app - INFO - /tmp/pycharm_project_231/utils/logging_config.py:86 - 日志系统初始化完成
2026-01-29 04:51:24 - app - INFO - /tmp/pycharm_project_231/app.py:83 - 应用初始化完成，配置: default
2026-01-29 05:23:26 - app - INFO - /tmp/pycharm_project_231/utils/logging_config.py:86 - 日志系统初始化完成
2026-01-29 05:23:30 - app - INFO - /tmp/pycharm_project_231/app.py:83 - 应用初始化完成，配置: default
2026-01-29 05:23:57 - app - INFO - /tmp/pycharm_project_231/utils/logging_config.py:86 - 日志系统初始化完成
2026-01-29 05:23:58 - app - INFO - /tmp/pycharm_project_231/app.py:83 - 应用初始化完成，配置: default
2026-01-29 05:25:16 - app - INFO - /tmp/pycharm_project_231/utils/logging_config.py:86 - 日志系统初始化完成
2026-01-29 05:25:17 - app - INFO - /tmp/pycharm_project_231/app.py:83 - 应用初始化完成，配置: default
2026-01-29 05:25:41 - app - INFO - /tmp/pycharm_project_231/utils/logging_config.py:86 - 日志系统初始化完成
2026-01-29 05:25:42 - app - INFO - /tmp/pycharm_project_231/app.py:83 - 应用初始化完成，配置: default
2026-01-29 05:28:00 - app - INFO - /tmp/pycharm_project_231/utils/logging_config.py:86 - 日志系统初始化完成
2026-01-29 05:28:00 - app - INFO - /tmp/pycharm_project_231/app.py:83 - 应用初始化完成，配置: default
2026-01-29 05:28:11 - app - INFO - /tmp/pycharm_project_231/utils/logging_config.py:86 - 日志系统初始化完成
2026-01-29 05:28:12 - app - INFO - /tmp/pycharm_project_231/app.py:83 - 应用初始化完成，配置: default
2026-01-29 05:28:50 - app - INFO - /tmp/pycharm_project_231/utils/logging_config.py:86 - 日志系统初始化完成
2026-01-29 05:28:51 - app - INFO - /tmp/pycharm_project_231/app.py:83 - 应用初始化完成，配置: default
2026-01-29 05:29:01 - app - INFO - /tmp/pycharm_project_231/utils/logging_config.py:86 - 日志系统初始化完成
2026-01-29 05:29:02 - app - INFO - /tmp/pycharm_project_231/app.py:83 - 应用初始化完成，配置: default
2026-01-29 05:29:19 - app - INFO - /tmp/pycharm_project_231/utils/logging_config.py:86 - 日志系统初始化完成
2026-01-29 05:29:20 - app - INFO - /tmp/pycharm_project_231/app.py:83 - 应用初始化完成，配置: default
2026-01-29 05:29:30 - app - INFO - /tmp/pycharm_project_231/utils/logging_config.py:86 - 日志系统初始化完成
2026-01-29 05:29:30 - app - INFO - /tmp/pycharm_project_231/app.py:83 - 应用初始化完成，配置: default
2026-01-29 05:32:08 - app - INFO - /tmp/pycharm_project_231/utils/logging_config.py:86 - 日志系统初始化完成
2026-01-29 05:32:09 - app - INFO - /tmp/pycharm_project_231/app.py:83 - 应用初始化完成，配置: default
2026-01-29 05:32:15 - app - INFO - /tmp/pycharm_project_231/utils/logging_config.py:86 - 日志系统初始化完成
2026-01-29 05:32:16 - app - INFO - /tmp/pycharm_project_231/app.py:83 - 应用初始化完成，配置: default
2026-01-29 05:32:19 - app - INFO - /tmp/pycharm_project_231/utils/logging_config.py:86 - 日志系统初始化完成
2026-01-29 05:32:20 - app - INFO - /tmp/pycharm_project_231/app.py:83 - 应用初始化完成，配置: default
2026-01-29 05:32:26 - app - INFO - /tmp/pycharm_project_231/utils/logging_config.py:86 - 日志系统初始化完成
2026-01-29 05:32:26 - app - INFO - /tmp/pycharm_project_231/app.py:83 - 应用初始化完成，配置: default
2026-01-29 05:32:31 - app - INFO - /tmp/pycharm_project_231/utils/logging_config.py:86 - 日志系统初始化完成
2026-01-29 05:32:31 - app - INFO - /tmp/pycharm_project_231/app.py:83 - 应用初始化完成，配置: default
2026-01-29 05:32:48 - app - INFO - /tmp/pycharm_project_231/utils/logging_config.py:86 - 日志系统初始化完成
2026-01-29 05:32:49 - app - INFO - /tmp/pycharm_project_231/app.py:83 - 应用初始化完成，配置: default
2026-01-29 05:36:17 - app - INFO - /tmp/pycharm_project_231/utils/logging_config.py:86 - 日志系统初始化完成
2026-01-29 05:36:19 - app - INFO - /tmp/pycharm_project_231/app.py:83 - 应用初始化完成，配置: default
2026-01-29 05:36:27 - app - INFO - /tmp/pycharm_project_231/utils/logging_config.py:86 - 日志系统初始化完成
2026-01-29 05:36:28 - app - INFO - /tmp/pycharm_project_231/app.py:83 - 应用初始化完成，配置: default
2026-01-29 05:36:46 - app - INFO - /tmp/pycharm_project_231/utils/logging_config.py:86 - 日志系统初始化完成
2026-01-29 05:36:47 - app - INFO - /tmp/pycharm_project_231/app.py:83 - 应用初始化完成，配置: default
2026-01-29 05:36:59 - app - INFO - /tmp/pycharm_project_231/utils/logging_config.py:86 - 日志系统初始化完成
2026-01-29 05:36:59 - app - INFO - /tmp/pycharm_project_231/app.py:83 - 应用初始化完成，配置: default
2026-01-29 06:23:18 - app - INFO - /tmp/pycharm_project_231/utils/logging_config.py:86 - 日志系统初始化完成
2026-01-29 06:23:20 - app - INFO - /tmp/pycharm_project_231/app.py:83 - 应用初始化完成，配置: default
2026-01-29 06:23:43 - app - INFO - /tmp/pycharm_project_231/utils/logging_config.py:86 - 日志系统初始化完成
2026-01-29 06:23:44 - app - INFO - /tmp/pycharm_project_231/app.py:83 - 应用初始化完成，配置: default
2026-01-29 06:23:45 - app - INFO - /tmp/pycharm_project_231/utils/logging_config.py:86 - 日志系统初始化完成
2026-01-29 06:23:45 - app - INFO - /tmp/pycharm_project_231/app.py:83 - 应用初始化完成，配置: default
2026-01-29 06:26:46 - app - INFO - /tmp/pycharm_project_231/utils/logging_config.py:86 - 日志系统初始化完成
2026-01-29 06:26:46 - app - INFO - /tmp/pycharm_project_231/app.py:83 - 应用初始化完成，配置: default
2026-01-29 06:27:52 - app - INFO - /tmp/pycharm_project_231/utils/logging_config.py:86 - 日志系统初始化完成
2026-01-29 06:27:52 - app - INFO - /tmp/pycharm_project_231/app.py:83 - 应用初始化完成，配置: default
2026-01-29 06:27:53 - app - INFO - /tmp/pycharm_project_231/utils/logging_config.py:86 - 日志系统初始化完成
2026-01-29 06:27:54 - app - INFO - /tmp/pycharm_project_231/app.py:83 - 应用初始化完成，配置: default
2026-01-29 06:32:34 - app - INFO - /tmp/pycharm_project_231/utils/logging_config.py:86 - 日志系统初始化完成
2026-01-29 06:32:35 - app - INFO - /tmp/pycharm_project_231/app.py:83 - 应用初始化完成，配置: default
2026-01-29 06:32:36 - app - INFO - /tmp/pycharm_project_231/utils/logging_config.py:86 - 日志系统初始化完成
2026-01-29 06:32:37 - app - INFO - /tmp/pycharm_project_231/app.py:83 - 应用初始化完成，配置: default
2026-01-29 06:34:02 - app - INFO - /tmp/pycharm_project_231/utils/logging_config.py:86 - 日志系统初始化完成
2026-01-29 06:34:04 - app - INFO - /tmp/pycharm_project_231/app.py:83 - 应用初始化完成，配置: default
2026-01-29 06:34:04 - app - INFO - /tmp/pycharm_project_231/utils/logging_config.py:86 - 日志系统初始化完成
2026-01-29 06:34:05 - app - INFO - /tmp/pycharm_project_231/app.py:83 - 应用初始化完成，配置: default
2026-01-29 06:36:07 - app - INFO - /tmp/pycharm_project_231/utils/logging_config.py:86 - 日志系统初始化完成
2026-01-29 06:36:08 - app - INFO - /tmp/pycharm_project_231/app.py:83 - 应用初始化完成，配置: default
2026-01-29 06:36:09 - app - INFO - /tmp/pycharm_project_231/utils/logging_config.py:86 - 日志系统初始化完成
2026-01-29 06:36:10 - app - INFO - /tmp/pycharm_project_231/app.py:83 - 应用初始化完成，配置: default
2026-01-29 06:38:35 - app - INFO - /tmp/pycharm_project_231/utils/logging_config.py:86 - 日志系统初始化完成
2026-01-29 06:38:36 - app - INFO - /tmp/pycharm_project_231/app.py:83 - 应用初始化完成，配置: default
2026-01-29 06:38:37 - app - INFO - /tmp/pycharm_project_231/utils/logging_config.py:86 - 日志系统初始化完成
2026-01-29 06:38:38 - app - INFO - /tmp/pycharm_project_231/app.py:83 - 应用初始化完成，配置: default
2026-01-29 06:55:33 - app - INFO - /tmp/pycharm_project_231/utils/logging_config.py:86 - 日志系统初始化完成
2026-01-29 06:55:35 - app - INFO - /tmp/pycharm_project_231/app.py:83 - 应用初始化完成，配置: default
2026-01-29 06:55:36 - app - INFO - /tmp/pycharm_project_231/utils/logging_config.py:86 - 日志系统初始化完成
2026-01-29 06:55:37 - app - INFO - /tmp/pycharm_project_231/app.py:83 - 应用初始化完成，配置: default
2026-01-29 07:00:17 - app - INFO - /tmp/pycharm_project_231/utils/logging_config.py:86 - 日志系统初始化完成
2026-01-29 07:00:19 - app - INFO - /tmp/pycharm_project_231/app.py:83 - 应用初始化完成，配置: default
2026-01-29 07:00:20 - app - INFO - /tmp/pycharm_project_231/utils/logging_config.py:86 - 日志系统初始化完成
2026-01-29 07:00:21 - app - INFO - /tmp/pycharm_project_231/app.py:83 - 应用初始化完成，配置: default
2026-01-29 07:03:59 - app - INFO - /tmp/pycharm_project_231/utils/logging_config.py:86 - 日志系统初始化完成
2026-01-29 07:04:01 - app - INFO - /tmp/pycharm_project_231/app.py:83 - 应用初始化完成，配置: default
2026-01-29 07:04:01 - app - INFO - /tmp/pycharm_project_231/utils/logging_config.py:86 - 日志系统初始化完成
2026-01-29 07:04:02 - app - INFO - /tmp/pycharm_project_231/app.py:83 - 应用初始化完成，配置: default
2026-01-29 07:06:12 - app - INFO - /tmp/pycharm_project_231/utils/logging_config.py:86 - 日志系统初始化完成
2026-01-29 07:06:13 - app - INFO - /tmp/pycharm_project_231/app.py:83 - 应用初始化完成，配置: default
2026-01-29 07:06:14 - app - INFO - /tmp/pycharm_project_231/utils/logging_config.py:86 - 日志系统初始化完成
2026-01-29 07:06:15 - app - INFO - /tmp/pycharm_project_231/app.py:83 - 应用初始化完成，配置: default
2026-01-29 07:07:00 - app - INFO - /tmp/pycharm_project_231/utils/logging_config.py:86 - 日志系统初始化完成
2026-01-29 07:07:01 - app - INFO - /tmp/pycharm_project_231/app.py:83 - 应用初始化完成，配置: default
2026-01-29 07:07:02 - app - INFO - /tmp/pycharm_project_231/utils/logging_config.py:86 - 日志系统初始化完成
2026-01-29 07:07:03 - app - INFO - /tmp/pycharm_project_231/app.py:83 - 应用初始化完成，配置: default
2026-01-29 07:09:50 - app - INFO - /tmp/pycharm_project_231/utils/logging_config.py:86 - 日志系统初始化完成
2026-01-29 07:09:51 - app - INFO - /tmp/pycharm_project_231/app.py:83 - 应用初始化完成，配置: default
2026-01-29 07:09:52 - app - INFO - /tmp/pycharm_project_231/utils/logging_config.py:86 - 日志系统初始化完成
2026-01-29 07:09:53 - app - INFO - /tmp/pycharm_project_231/app.py:83 - 应用初始化完成，配置: default
2026-01-29 07:13:50 - app - INFO - /tmp/pycharm_project_231/utils/logging_config.py:86 - 日志系统初始化完成
2026-01-29 07:13:52 - app - INFO - /tmp/pycharm_project_231/app.py:83 - 应用初始化完成，配置: default
2026-01-29 07:13:53 - app - INFO - /tmp/pycharm_project_231/utils/logging_config.py:86 - 日志系统初始化完成
2026-01-29 07:13:54 - app - INFO - /tmp/pycharm_project_231/app.py:83 - 应用初始化完成，配置: default
2026-01-29 07:15:15 - app - INFO - /tmp/pycharm_project_231/utils/logging_config.py:86 - 日志系统初始化完成
2026-01-29 07:15:16 - app - INFO - /tmp/pycharm_project_231/app.py:83 - 应用初始化完成，配置: default
2026-01-29 07:15:17 - app - INFO - /tmp/pycharm_project_231/utils/logging_config.py:86 - 日志系统初始化完成
2026-01-29 07:15:18 - app - INFO - /tmp/pycharm_project_231/app.py:83 - 应用初始化完成，配置: default
2026-01-29 07:18:30 - app - INFO - /tmp/pycharm_project_231/utils/logging_config.py:86 - 日志系统初始化完成
2026-01-29 07:18:31 - app - INFO - /tmp/pycharm_project_231/app.py:83 - 应用初始化完成，配置: default
2026-01-29 07:18:32 - app - INFO - /tmp/pycharm_project_231/utils/logging_config.py:86 - 日志系统初始化完成
2026-01-29 07:18:33 - app - INFO - /tmp/pycharm_project_231/app.py:83 - 应用初始化完成，配置: default
2026-01-29 07:19:34 - app - INFO - /tmp/pycharm_project_231/utils/logging_config.py:86 - 日志系统初始化完成
2026-01-29 07:19:35 - app - INFO - /tmp/pycharm_project_231/app.py:83 - 应用初始化完成，配置: default
2026-01-29 07:19:35 - app - INFO - /tmp/pycharm_project_231/utils/logging_config.py:86 - 日志系统初始化完成
2026-01-29 07:19:36 - app - INFO - /tmp/pycharm_project_231/app.py:83 - 应用初始化完成，配置: default
2026-01-29 07:25:13 - app - INFO - /tmp/pycharm_project_231/utils/logging_config.py:86 - 日志系统初始化完成
2026-01-29 07:25:14 - app - INFO - /tmp/pycharm_project_231/app.py:83 - 应用初始化完成，配置: default
2026-01-29 07:25:15 - app - INFO - /tmp/pycharm_project_231/utils/logging_config.py:86 - 日志系统初始化完成
2026-01-29 07:25:16 - app - INFO - /tmp/pycharm_project_231/app.py:83 - 应用初始化完成，配置: default
2026-01-29 07:27:02 - app - INFO - /tmp/pycharm_project_231/utils/logging_config.py:86 - 日志系统初始化完成
2026-01-29 07:27:03 - app - INFO - /tmp/pycharm_project_231/app.py:83 - 应用初始化完成，配置: default
2026-01-29 07:27:04 - app - INFO - /tmp/pycharm_project_231/utils/logging_config.py:86 - 日志系统初始化完成
2026-01-29 07:27:05 - app - INFO - /tmp/pycharm_project_231/app.py:83 - 应用初始化完成，配置: default
2026-01-29 09:46:25 - app - INFO - /tmp/pycharm_project_231/utils/logging_config.py:86 - 日志系统初始化完成
2026-01-29 09:46:27 - app - INFO - /tmp/pycharm_project_231/app.py:83 - 应用初始化完成，配置: default
2026-01-29 09:48:41 - app - INFO - /tmp/pycharm_project_231/utils/logging_config.py:86 - 日志系统初始化完成
2026-01-29 09:48:43 - app - INFO - /tmp/pycharm_project_231/app.py:83 - 应用初始化完成，配置: default
2026-01-29 09:48:44 - app - INFO - /tmp/pycharm_project_231/utils/logging_config.py:86 - 日志系统初始化完成
2026-01-29 09:48:45 - app - INFO - /tmp/pycharm_project_231/app.py:83 - 应用初始化完成，配置: default
2026-01-29 10:31:29 - app - INFO - /tmp/pycharm_project_231/utils/logging_config.py:86 - 日志系统初始化完成
2026-01-29 10:31:31 - app - INFO - /tmp/pycharm_project_231/app.py:83 - 应用初始化完成，配置: default
2026-01-29 10:32:28 - app - INFO - /tmp/pycharm_project_231/utils/logging_config.py:86 - 日志系统初始化完成
2026-01-29 10:32:30 - app - INFO - /tmp/pycharm_project_231/app.py:83 - 应用初始化完成，配置: default
2026-01-29 10:32:30 - app - INFO - /tmp/pycharm_project_231/utils/logging_config.py:86 - 日志系统初始化完成
2026-01-29 10:32:31 - app - INFO - /tmp/pycharm_project_231/app.py:83 - 应用初始化完成，配置: default
2026-01-29 10:49:15 - app - INFO - /tmp/pycharm_project_231/utils/logging_config.py:86 - 日志系统初始化完成
2026-01-29 10:49:17 - app - INFO - /tmp/pycharm_project_231/app.py:83 - 应用初始化完成，配置: default
2026-01-29 11:16:04 - app - INFO - /tmp/pycharm_project_231/utils/logging_config.py:86 - 日志系统初始化完成
2026-01-29 11:16:06 - app - INFO - /tmp/pycharm_project_231/app.py:83 - 应用初始化完成，配置: default
2026-01-29 11:17:50 - app - INFO - /tmp/pycharm_project_231/utils/logging_config.py:86 - 日志系统初始化完成
2026-01-29 11:17:52 - app - INFO - /tmp/pycharm_project_231/app.py:83 - 应用初始化完成，配置: default
2026-01-29 11:18:31 - app - INFO - /tmp/pycharm_project_231/utils/logging_config.py:86 - 日志系统初始化完成
2026-01-29 11:18:33 - app - INFO - /tmp/pycharm_project_231/app.py:83 - 应用初始化完成，配置: default
2026-01-29 11:20:51 - app - INFO - /tmp/pycharm_project_231/utils/logging_config.py:86 - 日志系统初始化完成
2026-01-29 11:20:53 - app - INFO - /tmp/pycharm_project_231/app.py:83 - 应用初始化完成，配置: default
2026-01-29 11:23:24 - app - INFO - /tmp/pycharm_project_231/utils/logging_config.py:86 - 日志系统初始化完成
2026-01-29 11:23:26 - app - INFO - /tmp/pycharm_project_231/app.py:83 - 应用初始化完成，配置: default
2026-01-29 11:25:23 - app - INFO - /tmp/pycharm_project_231/utils/logging_config.py:86 - 日志系统初始化完成
2026-01-29 11:25:25 - app - INFO - /tmp/pycharm_project_231/app.py:83 - 应用初始化完成，配置: default
2026-01-29 11:28:05 - app - INFO - /tmp/pycharm_project_231/utils/logging_config.py:86 - 日志系统初始化完成
2026-01-29 11:28:07 - app - INFO - /tmp/pycharm_project_231/app.py:83 - 应用初始化完成，配置: default
2026-01-29 11:30:15 - app - INFO - /tmp/pycharm_project_231/utils/logging_config.py:86 - 日志系统初始化完成
2026-01-29 11:30:18 - app - INFO - /tmp/pycharm_project_231/app.py:83 - 应用初始化完成，配置: default
2026-01-29 11:31:50 - app - INFO - /tmp/pycharm_project_231/utils/logging_config.py:86 - 日志系统初始化完成
2026-01-29 11:31:52 - app - INFO - /tmp/pycharm_project_231/app.py:83 - 应用初始化完成，配置: default
2026-01-29 11:54:34 - app - INFO - /tmp/pycharm_project_231/utils/logging_config.py:86 - 日志系统初始化完成
2026-01-29 11:54:36 - app - INFO - /tmp/pycharm_project_231/app.py:83 - 应用初始化完成，配置: default
2026-01-29 12:19:57 - app - INFO - /tmp/pycharm_project_231/utils/logging_config.py:86 - 日志系统初始化完成
2026-01-29 12:19:59 - app - INFO - /tmp/pycharm_project_231/app.py:83 - 应用初始化完成，配置: default
2026-01-29 12:26:46 - app - INFO - /tmp/pycharm_project_231/utils/logging_config.py:86 - 日志系统初始化完成
2026-01-29 12:26:48 - app - INFO - /tmp/pycharm_project_231/app.py:83 - 应用初始化完成，配置: default
2026-01-29 13:26:53 - app - INFO - /tmp/pycharm_project_231/utils/logging_config.py:86 - 日志系统初始化完成
2026-01-29 13:26:55 - app - INFO - /tmp/pycharm_project_231/app.py:83 - 应用初始化完成，配置: default
2026-01-29 13:27:00 - app - INFO - /tmp/pycharm_project_231/utils/logging_config.py:86 - 日志系统初始化完成
2026-01-29 13:27:01 - app - INFO - /tmp/pycharm_project_231/app.py:83 - 应用初始化完成，配置: default
2026-01-29 13:27:04 - app - INFO - /tmp/pycharm_project_231/utils/logging_config.py:86 - 日志系统初始化完成
2026-01-29 13:27:05 - app - INFO - /tmp/pycharm_project_231/app.py:83 - 应用初始化完成，配置: default
2026-01-29 13:27:07 - app - INFO - /tmp/pycharm_project_231/utils/logging_config.py:86 - 日志系统初始化完成
2026-01-29 13:27:08 - app - INFO - /tmp/pycharm_project_231/app.py:83 - 应用初始化完成，配置: default
2026-01-29 13:27:28 - app - INFO - /tmp/pycharm_project_231/utils/logging_config.py:86 - 日志系统初始化完成
2026-01-29 13:27:29 - app - INFO - /tmp/pycharm_project_231/app.py:83 - 应用初始化完成，配置: default
2026-01-31 14:58:10 - app - INFO - /tmp/pycharm_project_231/utils/logging_config.py:86 - 日志系统初始化完成
2026-01-31 14:58:12 - app - INFO - /tmp/pycharm_project_231/app.py:83 - 应用初始化完成，配置: default
2026-01-31 15:04:46 - app - INFO - /tmp/pycharm_project_231/utils/logging_config.py:86 - 日志系统初始化完成
2026-01-31 15:04:48 - app - INFO - /tmp/pycharm_project_231/app.py:83 - 应用初始化完成，配置: default
2026-01-31 15:06:27 - app - INFO - /tmp/pycharm_project_231/utils/logging_config.py:86 - 日志系统初始化完成
2026-01-31 15:06:29 - app - INFO - /tmp/pycharm_project_231/app.py:83 - 应用初始化完成，配置: default
2026-01-31 15:22:23 - app - INFO - /tmp/pycharm_project_231/utils/logging_config.py:86 - 日志系统初始化完成
2026-01-31 15:22:24 - app - INFO - /tmp/pycharm_project_231/app.py:83 - 应用初始化完成，配置: default
2026-01-31 15:22:32 - app - INFO - /tmp/pycharm_project_231/utils/logging_config.py:86 - 日志系统初始化完成
2026-01-31 15:22:32 - app - INFO - /tmp/pycharm_project_231/app.py:83 - 应用初始化完成，配置: default
2026-01-31 15:22:40 - app - INFO - /tmp/pycharm_project_231/utils/logging_config.py:86 - 日志系统初始化完成
2026-01-31 15:22:40 - app - INFO - /tmp/pycharm_project_231/app.py:83 - 应用初始化完成，配置: default
2026-01-31 15:22:55 - app - INFO - /tmp/pycharm_project_231/utils/logging_config.py:86 - 日志系统初始化完成
2026-01-31 15:22:56 - app - INFO - /tmp/pycharm_project_231/app.py:83 - 应用初始化完成，配置: default
2026-01-31 15:36:15 - app - INFO - /tmp/pycharm_project_231/utils/logging_config.py:86 - 日志系统初始化完成
2026-01-31 15:36:16 - app - INFO - /tmp/pycharm_project_231/app.py:83 - 应用初始化完成，配置: default
2026-01-31 15:36:22 - app - INFO - /tmp/pycharm_project_231/utils/logging_config.py:86 - 日志系统初始化完成
2026-01-31 15:36:23 - app - INFO - /tmp/pycharm_project_231/app.py:83 - 应用初始化完成，配置: default
2026-01-31 15:36:30 - app - INFO - /tmp/pycharm_project_231/utils/logging_config.py:86 - 日志系统初始化完成
2026-01-31 15:36:31 - app - INFO - /tmp/pycharm_project_231/app.py:83 - 应用初始化完成，配置: default
2026-01-31 15:36:32 - app - INFO - /tmp/pycharm_project_231/utils/logging_config.py:86 - 日志系统初始化完成
2026-01-31 15:36:33 - app - INFO - /tmp/pycharm_project_231/app.py:83 - 应用初始化完成，配置: default
2026-01-31 15:36:37 - app - INFO - /tmp/pycharm_project_231/utils/logging_config.py:86 - 日志系统初始化完成
2026-01-31 15:36:38 - app - INFO - /tmp/pycharm_project_231/app.py:83 - 应用初始化完成，配置: default
2026-01-31 15:36:43 - app - INFO - /tmp/pycharm_project_231/utils/logging_config.py:86 - 日志系统初始化完成
2026-01-31 15:36:44 - app - INFO - /tmp/pycharm_project_231/app.py:83 - 应用初始化完成，配置: default
2026-01-31 16:08:04 - app - INFO - /tmp/pycharm_project_231/utils/logging_config.py:86 - 日志系统初始化完成
2026-01-31 16:08:09 - app - INFO - /tmp/pycharm_project_231/app.py:83 - 应用初始化完成，配置: default
2026-01-31 16:14:52 - app - INFO - /tmp/pycharm_project_231/utils/logging_config.py:86 - 日志系统初始化完成
2026-01-31 16:14:54 - app - INFO - /tmp/pycharm_project_231/app.py:83 - 应用初始化完成，配置: default
2026-01-31 17:44:10 - app - INFO - /tmp/pycharm_project_231/utils/logging_config.py:86 - 日志系统初始化完成
2026-01-31 17:44:11 - app - INFO - /tmp/pycharm_project_231/app.py:83 - 应用初始化完成，配置: default
2026-01-31 17:44:12 - app - INFO - /tmp/pycharm_project_231/utils/logging_config.py:86 - 日志系统初始化完成
2026-01-31 17:44:13 - app - INFO - /tmp/pycharm_project_231/app.py:83 - 应用初始化完成，配置: default
2026-01-31 17:59:28 - app - INFO - /tmp/pycharm_project_231/utils/logging_config.py:86 - 日志系统初始化完成
2026-01-31 17:59:30 - app - INFO - /tmp/pycharm_project_231/app.py:83 - 应用初始化完成，配置: default
2026-01-31 23:24:38 - app - INFO - /tmp/pycharm_project_231/utils/logging_config.py:86 - 日志系统初始化完成
2026-01-31 23:24:39 - app - INFO - /tmp/pycharm_project_231/app.py:83 - 应用初始化完成，配置: default
2026-01-31 23:24:42 - app - INFO - /tmp/pycharm_project_231/utils/logging_config.py:86 - 日志系统初始化完成
2026-01-31 23:24:43 - app - INFO - /tmp/pycharm_project_231/app.py:83 - 应用初始化完成，配置: default
2026-02-01 00:11:55 - app - INFO - /tmp/pycharm_project_231/utils/logging_config.py:86 - 日志系统初始化完成
2026-02-01 00:11:57 - app - INFO - /tmp/pycharm_project_231/app.py:83 - 应用初始化完成，配置: default
2026-02-01 00:12:03 - app - INFO - /tmp/pycharm_project_231/utils/logging_config.py:86 - 日志系统初始化完成
2026-02-01 00:12:04 - app - INFO - /tmp/pycharm_project_231/app.py:83 - 应用初始化完成，配置: default
2026-02-01 00:12:17 - app - INFO - /tmp/pycharm_project_231/utils/logging_config.py:86 - 日志系统初始化完成
2026-02-01 00:12:18 - app - INFO - /tmp/pycharm_project_231/app.py:83 - 应用初始化完成，配置: default
2026-02-01 00:12:27 - app - INFO - /tmp/pycharm_project_231/utils/logging_config.py:86 - 日志系统初始化完成
2026-02-01 00:12:28 - app - INFO - /tmp/pycharm_project_231/app.py:83 - 应用初始化完成，配置: default
2026-02-01 00:12:32 - app - INFO - /tmp/pycharm_project_231/utils/logging_config.py:86 - 日志系统初始化完成
2026-02-01 00:12:33 - app - INFO - /tmp/pycharm_project_231/app.py:83 - 应用初始化完成，配置: default
2026-02-01 00:14:59 - app - INFO - /tmp/pycharm_project_231/utils/logging_config.py:86 - 日志系统初始化完成
2026-02-01 00:15:00 - app - INFO - /tmp/pycharm_project_231/app.py:83 - 应用初始化完成，配置: default
2026-02-01 00:37:20 - app - INFO - /tmp/pycharm_project_231/utils/logging_config.py:86 - 日志系统初始化完成
2026-02-01 00:37:21 - app - INFO - /tmp/pycharm_project_231/app.py:83 - 应用初始化完成，配置: default
2026-02-01 00:59:36 - app - INFO - /tmp/pycharm_project_231/utils/logging_config.py:86 - 日志系统初始化完成
2026-02-01 00:59:39 - app - INFO - /tmp/pycharm_project_231/app.py:83 - 应用初始化完成，配置: default
2026-02-01 01:15:33 - app - INFO - /tmp/pycharm_project_231/utils/logging_config.py:86 - 日志系统初始化完成
2026-02-01 01:15:34 - app - INFO - /tmp/pycharm_project_231/app.py:83 - 应用初始化完成，配置: default
2026-02-01 01:16:26 - app - INFO - /tmp/pycharm_project_231/utils/logging_config.py:86 - 日志系统初始化完成
2026-02-01 01:16:27 - app - INFO - /tmp/pycharm_project_231/app.py:83 - 应用初始化完成，配置: default
2026-02-01 01:17:51 - app - INFO - /tmp/pycharm_project_231/utils/logging_config.py:86 - 日志系统初始化完成
2026-02-01 01:17:52 - app - INFO - /tmp/pycharm_project_231/app.py:83 - 应用初始化完成，配置: default
2026-02-01 01:18:21 - app - INFO - /tmp/pycharm_project_231/utils/logging_config.py:86 - 日志系统初始化完成
2026-02-01 01:18:22 - app - INFO - /tmp/pycharm_project_231/app.py:83 - 应用初始化完成，配置: default
2026-02-01 01:20:02 - app - INFO - /tmp/pycharm_project_231/utils/logging_config.py:86 - 日志系统初始化完成
2026-02-01 01:20:04 - app - INFO - /tmp/pycharm_project_231/app.py:83 - 应用初始化完成，配置: default
2026-02-01 01:20:12 - app - INFO - /tmp/pycharm_project_231/utils/logging_config.py:86 - 日志系统初始化完成
2026-02-01 01:20:13 - app - INFO - /tmp/pycharm_project_231/app.py:83 - 应用初始化完成，配置: default
2026-02-01 01:22:43 - app - INFO - /tmp/pycharm_project_231/utils/logging_config.py:86 - 日志系统初始化完成
2026-02-01 01:22:45 - app - INFO - /tmp/pycharm_project_231/app.py:83 - 应用初始化完成，配置: default
2026-02-01 01:30:19 - app - INFO - /tmp/pycharm_project_231/utils/logging_config.py:86 - 日志系统初始化完成
2026-02-01 01:30:21 - app - INFO - /tmp/pycharm_project_231/app.py:83 - 应用初始化完成，配置: default
2026-02-01 01:30:39 - app - INFO - /tmp/pycharm_project_231/utils/logging_config.py:86 - 日志系统初始化完成
2026-02-01 01:30:39 - app - INFO - /tmp/pycharm_project_231/app.py:83 - 应用初始化完成，配置: default
2026-02-01 01:30:50 - app - INFO - /tmp/pycharm_project_231/utils/logging_config.py:86 - 日志系统初始化完成
2026-02-01 01:30:51 - app - INFO - /tmp/pycharm_project_231/app.py:83 - 应用初始化完成，配置: default
2026-02-01 01:34:00 - app - INFO - /tmp/pycharm_project_231/utils/logging_config.py:86 - 日志系统初始化完成
2026-02-01 01:34:01 - app - INFO - /tmp/pycharm_project_231/app.py:83 - 应用初始化完成，配置: default
2026-02-01 01:53:19 - app - INFO - /tmp/pycharm_project_231/utils/logging_config.py:86 - 日志系统初始化完成
2026-02-01 01:53:20 - app - INFO - /tmp/pycharm_project_231/app.py:83 - 应用初始化完成，配置: default
2026-02-01 01:53:31 - app - INFO - /tmp/pycharm_project_231/utils/logging_config.py:86 - 日志系统初始化完成
2026-02-01 01:53:32 - app - INFO - /tmp/pycharm_project_231/app.py:83 - 应用初始化完成，配置: default
2026-02-01 01:53:37 - app - INFO - /tmp/pycharm_project_231/utils/logging_config.py:86 - 日志系统初始化完成
2026-02-01 01:53:37 - app - INFO - /tmp/pycharm_project_231/app.py:83 - 应用初始化完成，配置: default
2026-02-01 01:53:43 - app - INFO - /tmp/pycharm_project_231/utils/logging_config.py:86 - 日志系统初始化完成
2026-02-01 01:53:43 - app - INFO - /tmp/pycharm_project_231/app.py:83 - 应用初始化完成，配置: default
2026-02-01 01:53:51 - app - INFO - /tmp/pycharm_project_231/utils/logging_config.py:86 - 日志系统初始化完成
2026-02-01 01:53:51 - app - INFO - /tmp/pycharm_project_231/app.py:83 - 应用初始化完成，配置: default
2026-02-01 01:53:54 - app - INFO - /tmp/pycharm_project_231/utils/logging_config.py:86 - 日志系统初始化完成
2026-02-01 01:53:54 - app - INFO - /tmp/pycharm_project_231/app.py:83 - 应用初始化完成，配置: default
2026-02-01 02:05:23 - app - INFO - /tmp/pycharm_project_231/utils/logging_config.py:86 - 日志系统初始化完成
2026-02-01 02:05:25 - app - INFO - /tmp/pycharm_project_231/app.py:83 - 应用初始化完成，配置: default
2026-02-01 02:05:29 - app - INFO - /tmp/pycharm_project_231/utils/logging_config.py:86 - 日志系统初始化完成
2026-02-01 02:05:30 - app - INFO - /tmp/pycharm_project_231/app.py:83 - 应用初始化完成，配置: default
2026-02-01 02:05:37 - app - INFO - /tmp/pycharm_project_231/utils/logging_config.py:86 - 日志系统初始化完成
2026-02-01 02:05:38 - app - INFO - /tmp/pycharm_project_231/app.py:83 - 应用初始化完成，配置: default
2026-02-01 02:09:53 - app - INFO - /tmp/pycharm_project_231/utils/logging_config.py:86 - 日志系统初始化完成
2026-02-01 02:09:55 - app - INFO - /tmp/pycharm_project_231/app.py:83 - 应用初始化完成，配置: default
2026-02-01 02:34:58 - app - INFO - /tmp/pycharm_project_231/utils/logging_config.py:86 - 日志系统初始化完成
2026-02-01 02:35:00 - app - INFO - /tmp/pycharm_project_231/app.py:83 - 应用初始化完成，配置: default
2026-02-01 02:35:11 - app - INFO - /tmp/pycharm_project_231/utils/logging_config.py:86 - 日志系统初始化完成
2026-02-01 02:35:12 - app - INFO - /tmp/pycharm_project_231/app.py:83 - 应用初始化完成，配置: default
2026-02-01 02:35:51 - app - INFO - /tmp/pycharm_project_231/utils/logging_config.py:86 - 日志系统初始化完成
2026-02-01 02:35:52 - app - INFO - /tmp/pycharm_project_231/app.py:83 - 应用初始化完成，配置: default
2026-02-01 02:35:59 - app - INFO - /tmp/pycharm_project_231/utils/logging_config.py:86 - 日志系统初始化完成
2026-02-01 02:35:59 - app - INFO - /tmp/pycharm_project_231/app.py:83 - 应用初始化完成，配置: default
2026-02-01 02:36:04 - app - INFO - /tmp/pycharm_project_231/utils/logging_config.py:86 - 日志系统初始化完成
2026-02-01 02:36:05 - app - INFO - /tmp/pycharm_project_231/app.py:83 - 应用初始化完成，配置: default
2026-02-01 02:36:18 - app - INFO - /tmp/pycharm_project_231/utils/logging_config.py:86 - 日志系统初始化完成
2026-02-01 02:36:19 - app - INFO - /tmp/pycharm_project_231/app.py:83 - 应用初始化完成，配置: default
2026-02-01 02:36:24 - app - INFO - /tmp/pycharm_project_231/utils/logging_config.py:86 - 日志系统初始化完成
2026-02-01 02:36:25 - app - INFO - /tmp/pycharm_project_231/app.py:83 - 应用初始化完成，配置: default
2026-02-01 02:36:36 - app - INFO - /tmp/pycharm_project_231/utils/logging_config.py:86 - 日志系统初始化完成
2026-02-01 02:36:37 - app - INFO - /tmp/pycharm_project_231/app.py:83 - 应用初始化完成，配置: default
2026-02-01 02:36:43 - app - INFO - /tmp/pycharm_project_231/utils/logging_config.py:86 - 日志系统初始化完成
2026-02-01 02:36:44 - app - INFO - /tmp/pycharm_project_231/app.py:83 - 应用初始化完成，配置: default
2026-02-01 02:36:52 - app - INFO - /tmp/pycharm_project_231/utils/logging_config.py:86 - 日志系统初始化完成
2026-02-01 02:36:53 - app - INFO - /tmp/pycharm_project_231/app.py:83 - 应用初始化完成，配置: default
2026-02-01 02:37:01 - app - INFO - /tmp/pycharm_project_231/utils/logging_config.py:86 - 日志系统初始化完成
2026-02-01 02:37:01 - app - INFO - /tmp/pycharm_project_231/app.py:83 - 应用初始化完成，配置: default
2026-02-01 02:37:09 - app - INFO - /tmp/pycharm_project_231/utils/logging_config.py:86 - 日志系统初始化完成
2026-02-01 02:37:09 - app - INFO - /tmp/pycharm_project_231/app.py:83 - 应用初始化完成，配置: default
2026-02-01 02:37:20 - app - INFO - /tmp/pycharm_project_231/utils/logging_config.py:86 - 日志系统初始化完成
2026-02-01 02:37:20 - app - INFO - /tmp/pycharm_project_231/app.py:83 - 应用初始化完成，配置: default
2026-02-01 02:37:43 - app - INFO - /tmp/pycharm_project_231/utils/logging_config.py:86 - 日志系统初始化完成
2026-02-01 02:37:44 - app - INFO - /tmp/pycharm_project_231/app.py:83 - 应用初始化完成，配置: default
2026-02-01 02:37:46 - app - INFO - /tmp/pycharm_project_231/utils/logging_config.py:86 - 日志系统初始化完成
2026-02-01 02:37:47 - app - INFO - /tmp/pycharm_project_231/app.py:83 - 应用初始化完成，配置: default
2026-02-01 02:37:55 - app - INFO - /tmp/pycharm_project_231/utils/logging_config.py:86 - 日志系统初始化完成
2026-02-01 02:37:56 - app - INFO - /tmp/pycharm_project_231/app.py:83 - 应用初始化完成，配置: default
2026-02-01 02:37:58 - app - INFO - /tmp/pycharm_project_231/utils/logging_config.py:86 - 日志系统初始化完成
2026-02-01 02:37:59 - app - INFO - /tmp/pycharm_project_231/app.py:83 - 应用初始化完成，配置: default
2026-02-01 02:38:04 - app - INFO - /tmp/pycharm_project_231/utils/logging_config.py:86 - 日志系统初始化完成
2026-02-01 02:38:05 - app - INFO - /tmp/pycharm_project_231/app.py:83 - 应用初始化完成，配置: default
2026-02-01 02:45:52 - app - INFO - /tmp/pycharm_project_231/utils/logging_config.py:86 - 日志系统初始化完成
2026-02-01 02:45:54 - app - INFO - /tmp/pycharm_project_231/app.py:83 - 应用初始化完成，配置: default
2026-02-01 03:06:41 - app - INFO - /tmp/pycharm_project_231/utils/logging_config.py:86 - 日志系统初始化完成
2026-02-01 03:06:43 - app - INFO - /tmp/pycharm_project_231/app.py:83 - 应用初始化完成，配置: default
2026-02-01 03:06:49 - app - INFO - /tmp/pycharm_project_231/utils/logging_config.py:86 - 日志系统初始化完成
2026-02-01 03:06:50 - app - INFO - /tmp/pycharm_project_231/app.py:83 - 应用初始化完成，配置: default
2026-02-01 03:31:40 - app - INFO - /tmp/pycharm_project_231/utils/logging_config.py:86 - 日志系统初始化完成
2026-02-01 03:31:41 - app - INFO - /tmp/pycharm_project_231/app.py:83 - 应用初始化完成，配置: default
2026-02-01 03:31:51 - app - INFO - /tmp/pycharm_project_231/utils/logging_config.py:86 - 日志系统初始化完成
2026-02-01 03:31:52 - app - INFO - /tmp/pycharm_project_231/app.py:83 - 应用初始化完成，配置: default
2026-02-01 03:31:59 - app - INFO - /tmp/pycharm_project_231/utils/logging_config.py:86 - 日志系统初始化完成
2026-02-01 03:32:00 - app - INFO - /tmp/pycharm_project_231/app.py:83 - 应用初始化完成，配置: default
2026-02-01 03:32:03 - app - INFO - /tmp/pycharm_project_231/utils/logging_config.py:86 - 日志系统初始化完成
2026-02-01 03:32:04 - app - INFO - /tmp/pycharm_project_231/app.py:83 - 应用初始化完成，配置: default
2026-02-01 03:32:17 - app - INFO - /tmp/pycharm_project_231/utils/logging_config.py:86 - 日志系统初始化完成
2026-02-01 03:32:18 - app - INFO - /tmp/pycharm_project_231/app.py:83 - 应用初始化完成，配置: default
2026-02-01 03:32:23 - app - INFO - /tmp/pycharm_project_231/utils/logging_config.py:86 - 日志系统初始化完成
2026-02-01 03:32:24 - app - INFO - /tmp/pycharm_project_231/app.py:83 - 应用初始化完成，配置: default
2026-02-01 03:32:26 - app - INFO - /tmp/pycharm_project_231/utils/logging_config.py:86 - 日志系统初始化完成
2026-02-01 03:32:27 - app - INFO - /tmp/pycharm_project_231/app.py:83 - 应用初始化完成，配置: default
2026-02-01 03:39:58 - app - INFO - /tmp/pycharm_project_231/utils/logging_config.py:86 - 日志系统初始化完成
2026-02-01 03:39:59 - app - INFO - /tmp/pycharm_project_231/app.py:83 - 应用初始化完成，配置: default
2026-02-01 03:46:29 - app - INFO - /tmp/pycharm_project_231/utils/logging_config.py:86 - 日志系统初始化完成
2026-02-01 03:46:29 - app - INFO - /tmp/pycharm_project_231/app.py:83 - 应用初始化完成，配置: default
2026-02-01 03:51:17 - app - INFO - /tmp/pycharm_project_231/utils/logging_config.py:86 - 日志系统初始化完成
2026-02-01 03:51:18 - app - INFO - /tmp/pycharm_project_231/app.py:83 - 应用初始化完成，配置: default
2026-02-01 03:51:43 - app - INFO - /tmp/pycharm_project_231/utils/logging_config.py:86 - 日志系统初始化完成
2026-02-01 03:51:44 - app - INFO - /tmp/pycharm_project_231/app.py:83 - 应用初始化完成，配置: default
2026-02-01 03:51:49 - app - INFO - /tmp/pycharm_project_231/utils/logging_config.py:86 - 日志系统初始化完成
2026-02-01 03:51:50 - app - INFO - /tmp/pycharm_project_231/app.py:83 - 应用初始化完成，配置: default
2026-02-01 03:51:53 - app - INFO - /tmp/pycharm_project_231/utils/logging_config.py:86 - 日志系统初始化完成
2026-02-01 03:51:54 - app - INFO - /tmp/pycharm_project_231/app.py:83 - 应用初始化完成，配置: default
2026-02-01 03:51:57 - app - INFO - /tmp/pycharm_project_231/utils/logging_config.py:86 - 日志系统初始化完成
2026-02-01 03:51:58 - app - INFO - /tmp/pycharm_project_231/app.py:83 - 应用初始化完成，配置: default
2026-02-01 03:52:08 - app - INFO - /tmp/pycharm_project_231/utils/logging_config.py:86 - 日志系统初始化完成
2026-02-01 03:52:09 - app - INFO - /tmp/pycharm_project_231/app.py:83 - 应用初始化完成，配置: default
2026-02-01 03:52:11 - app - INFO - /tmp/pycharm_project_231/utils/logging_config.py:86 - 日志系统初始化完成
2026-02-01 03:52:12 - app - INFO - /tmp/pycharm_project_231/app.py:83 - 应用初始化完成，配置: default
2026-02-01 03:52:16 - app - INFO - /tmp/pycharm_project_231/utils/logging_config.py:86 - 日志系统初始化完成
2026-02-01 03:52:17 - app - INFO - /tmp/pycharm_project_231/app.py:83 - 应用初始化完成，配置: default
2026-02-01 03:52:22 - app - INFO - /tmp/pycharm_project_231/utils/logging_config.py:86 - 日志系统初始化完成
2026-02-01 03:52:24 - app - INFO - /tmp/pycharm_project_231/app.py:83 - 应用初始化完成，配置: default
2026-02-01 03:52:54 - app - INFO - /tmp/pycharm_project_231/utils/logging_config.py:86 - 日志系统初始化完成
2026-02-01 03:52:59 - app - INFO - /tmp/pycharm_project_231/app.py:83 - 应用初始化完成，配置: default
2026-02-01 03:55:06 - app - INFO - /tmp/pycharm_project_231/utils/logging_config.py:86 - 日志系统初始化完成
2026-02-01 03:55:08 - app - INFO - /tmp/pycharm_project_231/app.py:83 - 应用初始化完成，配置: default
2026-02-01 03:55:20 - app - INFO - /tmp/pycharm_project_231/utils/logging_config.py:86 - 日志系统初始化完成
2026-02-01 03:55:21 - app - INFO - /tmp/pycharm_project_231/app.py:83 - 应用初始化完成，配置: default
2026-02-01 04:27:28 - app - INFO - /tmp/pycharm_project_231/utils/logging_config.py:86 - 日志系统初始化完成
2026-02-01 04:27:29 - app - INFO - /tmp/pycharm_project_231/app.py:83 - 应用初始化完成，配置: default
2026-02-01 05:29:44 - app - INFO - /tmp/pycharm_project_231/utils/logging_config.py:86 - 日志系统初始化完成
2026-02-01 05:29:45 - app - INFO - /tmp/pycharm_project_231/app.py:83 - 应用初始化完成，配置: default
2026-02-01 06:02:18 - app - INFO - /tmp/pycharm_project_231/utils/logging_config.py:86 - 日志系统初始化完成
2026-02-01 06:02:19 - app - INFO - /tmp/pycharm_project_231/app.py:83 - 应用初始化完成，配置: default
2026-02-01 06:02:24 - app - INFO - /tmp/pycharm_project_231/utils/logging_config.py:86 - 日志系统初始化完成
2026-02-01 06:02:25 - app - INFO - /tmp/pycharm_project_231/app.py:83 - 应用初始化完成，配置: default
2026-02-01 06:02:57 - app - INFO - /tmp/pycharm_project_231/utils/logging_config.py:86 - 日志系统初始化完成
2026-02-01 06:02:58 - app - INFO - /tmp/pycharm_project_231/app.py:83 - 应用初始化完成，配置: default
2026-02-01 06:05:47 - app - INFO - /tmp/pycharm_project_231/utils/logging_config.py:86 - 日志系统初始化完成
2026-02-01 06:05:48 - app - INFO - /tmp/pycharm_project_231/app.py:83 - 应用初始化完成，配置: default
2026-02-01 06:23:52 - app - INFO - /tmp/pycharm_project_231/utils/logging_config.py:86 - 日志系统初始化完成
2026-02-01 06:23:54 - app - INFO - /tmp/pycharm_project_231/app.py:83 - 应用初始化完成，配置: default
2026-02-01 17:35:38 - app - INFO - /tmp/pycharm_project_231/utils/logging_config.py:86 - 日志系统初始化完成
2026-02-01 17:35:39 - app - INFO - /tmp/pycharm_project_231/app.py:83 - 应用初始化完成，配置: default
2026-02-01 17:35:42 - app - INFO - /tmp/pycharm_project_231/utils/logging_config.py:86 - 日志系统初始化完成
2026-02-01 17:35:43 - app - INFO - /tmp/pycharm_project_231/app.py:83 - 应用初始化完成，配置: default
2026-02-01 17:40:23 - app - INFO - /tmp/pycharm_project_231/utils/logging_config.py:86 - 日志系统初始化完成
2026-02-01 17:40:24 - app - INFO - /tmp/pycharm_project_231/app.py:83 - 应用初始化完成，配置: default
2026-02-01 17:40:58 - app - INFO - /tmp/pycharm_project_231/utils/logging_config.py:86 - 日志系统初始化完成
2026-02-01 17:41:00 - app - INFO - /tmp/pycharm_project_231/app.py:83 - 应用初始化完成，配置: default
2026-02-01 17:41:35 - app - INFO - /tmp/pycharm_project_231/utils/logging_config.py:86 - 日志系统初始化完成
2026-02-01 17:41:40 - app - INFO - /tmp/pycharm_project_231/app.py:83 - 应用初始化完成，配置: default
2026-02-02 00:51:46 - app - INFO - /tmp/pycharm_project_231/utils/logging_config.py:86 - 日志系统初始化完成
2026-02-02 00:51:47 - app - INFO - /tmp/pycharm_project_231/app.py:83 - 应用初始化完成，配置: default
2026-02-02 00:51:51 - app - INFO - /tmp/pycharm_project_231/utils/logging_config.py:86 - 日志系统初始化完成
2026-02-02 00:51:52 - app - INFO - /tmp/pycharm_project_231/app.py:83 - 应用初始化完成，配置: default
2026-02-02 00:51:55 - app - INFO - /tmp/pycharm_project_231/utils/logging_config.py:86 - 日志系统初始化完成
2026-02-02 00:51:56 - app - INFO - /tmp/pycharm_project_231/app.py:83 - 应用初始化完成，配置: default
2026-02-02 00:52:02 - app - INFO - /tmp/pycharm_project_231/utils/logging_config.py:86 - 日志系统初始化完成
2026-02-02 00:52:02 - app - INFO - /tmp/pycharm_project_231/app.py:83 - 应用初始化完成，配置: default
2026-02-02 00:53:24 - app - INFO - /tmp/pycharm_project_231/utils/logging_config.py:86 - 日志系统初始化完成
2026-02-02 00:53:24 - app - INFO - /tmp/pycharm_project_231/app.py:83 - 应用初始化完成，配置: default
2026-02-02 01:24:35 - app - INFO - /tmp/pycharm_project_231/utils/logging_config.py:86 - 日志系统初始化完成
2026-02-02 01:24:36 - app - INFO - /tmp/pycharm_project_231/app.py:83 - 应用初始化完成，配置: default
2026-02-02 01:24:45 - app - INFO - /tmp/pycharm_project_231/utils/logging_config.py:86 - 日志系统初始化完成
2026-02-02 01:24:46 - app - INFO - /tmp/pycharm_project_231/app.py:83 - 应用初始化完成，配置: default
2026-02-02 01:28:39 - app - INFO - /tmp/pycharm_project_231/utils/logging_config.py:86 - 日志系统初始化完成
2026-02-02 01:28:40 - app - INFO - /tmp/pycharm_project_231/app.py:83 - 应用初始化完成，配置: default
2026-02-02 01:53:49 - app - INFO - /tmp/pycharm_project_231/utils/logging_config.py:86 - 日志系统初始化完成
2026-02-02 01:53:50 - app - INFO - /tmp/pycharm_project_231/app.py:83 - 应用初始化完成，配置: default
2026-02-02 02:37:44 - app - INFO - /tmp/pycharm_project_231/utils/logging_config.py:86 - 日志系统初始化完成
2026-02-02 02:37:46 - app - INFO - /tmp/pycharm_project_231/app.py:83 - 应用初始化完成，配置: default
2026-02-02 02:38:53 - app - INFO - /tmp/pycharm_project_231/utils/logging_config.py:86 - 日志系统初始化完成
2026-02-02 02:38:54 - app - INFO - /tmp/pycharm_project_231/app.py:83 - 应用初始化完成，配置: default
2026-02-02 02:40:22 - app - INFO - /tmp/pycharm_project_231/utils/logging_config.py:86 - 日志系统初始化完成
2026-02-02 02:51:22 - app - INFO - /tmp/pycharm_project_231/utils/logging_config.py:86 - 日志系统初始化完成
2026-02-02 02:51:44 - app - INFO - /tmp/pycharm_project_231/utils/logging_config.py:86 - 日志系统初始化完成
2026-02-02 02:53:22 - app - INFO - /tmp/pycharm_project_231/utils/logging_config.py:86 - 日志系统初始化完成
2026-02-02 02:53:28 - app - INFO - /tmp/pycharm_project_231/utils/logging_config.py:86 - 日志系统初始化完成
2026-02-02 02:53:35 - app - INFO - /tmp/pycharm_project_231/utils/logging_config.py:86 - 日志系统初始化完成
2026-02-02 02:53:36 - app - INFO - /tmp/pycharm_project_231/app.py:83 - 应用初始化完成，配置: default
2026-02-02 02:53:57 - app - INFO - /tmp/pycharm_project_231/utils/logging_config.py:86 - 日志系统初始化完成
2026-02-02 02:53:58 - app - INFO - /tmp/pycharm_project_231/app.py:83 - 应用初始化完成，配置: default
2026-02-02 02:53:59 - app - INFO - /tmp/pycharm_project_231/utils/logging_config.py:86 - 日志系统初始化完成
2026-02-02 02:54:00 - app - INFO - /tmp/pycharm_project_231/app.py:83 - 应用初始化完成，配置: default
2026-02-02 03:14:39 - app - INFO - /tmp/pycharm_project_231/utils/logging_config.py:86 - 日志系统初始化完成
2026-02-02 03:14:41 - app - INFO - /tmp/pycharm_project_231/app.py:83 - 应用初始化完成，配置: default
2026-02-02 03:15:49 - app - INFO - /tmp/pycharm_project_231/utils/logging_config.py:86 - 日志系统初始化完成
2026-02-02 03:15:50 - app - INFO - /tmp/pycharm_project_231/app.py:83 - 应用初始化完成，配置: default
2026-02-02 04:37:14 - app - INFO - /tmp/pycharm_project_231/utils/logging_config.py:86 - 日志系统初始化完成
2026-02-02 04:37:15 - app - INFO - /tmp/pycharm_project_231/app.py:83 - 应用初始化完成，配置: default
2026-02-02 04:37:23 - app - INFO - /tmp/pycharm_project_231/utils/logging_config.py:86 - 日志系统初始化完成
2026-02-02 04:37:24 - app - INFO - /tmp/pycharm_project_231/app.py:83 - 应用初始化完成，配置: default
2026-02-02 04:37:28 - app - INFO - /tmp/pycharm_project_231/utils/logging_config.py:86 - 日志系统初始化完成
2026-02-02 04:37:29 - app - INFO - /tmp/pycharm_project_231/app.py:83 - 应用初始化完成，配置: default
2026-02-02 04:37:31 - app - INFO - /tmp/pycharm_project_231/utils/logging_config.py:86 - 日志系统初始化完成
2026-02-02 04:37:32 - app - INFO - /tmp/pycharm_project_231/app.py:83 - 应用初始化完成，配置: default
2026-02-02 04:37:36 - app - INFO - /tmp/pycharm_project_231/utils/logging_config.py:86 - 日志系统初始化完成
2026-02-02 04:37:37 - app - INFO - /tmp/pycharm_project_231/app.py:83 - 应用初始化完成，配置: default
2026-02-02 04:51:13 - app - INFO - /tmp/pycharm_project_231/utils/logging_config.py:86 - 日志系统初始化完成
2026-02-02 04:51:15 - app - INFO - /tmp/pycharm_project_231/app.py:83 - 应用初始化完成，配置: default
2026-02-02 04:53:16 - app - INFO - /tmp/pycharm_project_231/utils/logging_config.py:86 - 日志系统初始化完成
2026-02-02 04:53:17 - app - INFO - /tmp/pycharm_project_231/app.py:83 - 应用初始化完成，配置: default
2026-02-02 04:53:20 - app - INFO - /tmp/pycharm_project_231/utils/logging_config.py:86 - 日志系统初始化完成
2026-02-02 04:53:21 - app - INFO - /tmp/pycharm_project_231/app.py:83 - 应用初始化完成，配置: default
2026-02-02 04:53:26 - app - INFO - /tmp/pycharm_project_231/utils/logging_config.py:86 - 日志系统初始化完成
2026-02-02 04:53:27 - app - INFO - /tmp/pycharm_project_231/app.py:83 - 应用初始化完成，配置: default
2026-02-02 04:53:34 - app - INFO - /tmp/pycharm_project_231/utils/logging_config.py:86 - 日志系统初始化完成
2026-02-02 04:53:35 - app - INFO - /tmp/pycharm_project_231/app.py:83 - 应用初始化完成，配置: default
2026-02-02 04:56:21 - app - INFO - /tmp/pycharm_project_231/utils/logging_config.py:86 - 日志系统初始化完成
2026-02-02 04:56:22 - app - INFO - /tmp/pycharm_project_231/app.py:83 - 应用初始化完成，配置: default
2026-02-02 05:06:40 - app - INFO - /tmp/pycharm_project_231/utils/logging_config.py:86 - 日志系统初始化完成
2026-02-02 05:06:41 - app - INFO - /tmp/pycharm_project_231/app.py:83 - 应用初始化完成，配置: default
2026-02-02 05:06:50 - app - INFO - /tmp/pycharm_project_231/utils/logging_config.py:86 - 日志系统初始化完成
2026-02-02 05:06:51 - app - INFO - /tmp/pycharm_project_231/app.py:83 - 应用初始化完成，配置: default
2026-02-02 05:06:57 - app - INFO - /tmp/pycharm_project_231/utils/logging_config.py:86 - 日志系统初始化完成
2026-02-02 05:06:58 - app - INFO - /tmp/pycharm_project_231/app.py:83 - 应用初始化完成，配置: default
2026-02-02 05:07:07 - app - INFO - /tmp/pycharm_project_231/utils/logging_config.py:86 - 日志系统初始化完成
2026-02-02 05:07:08 - app - INFO - /tmp/pycharm_project_231/app.py:83 - 应用初始化完成，配置: default
2026-02-02 05:07:19 - app - INFO - /tmp/pycharm_project_231/utils/logging_config.py:86 - 日志系统初始化完成
2026-02-02 05:07:20 - app - INFO - /tmp/pycharm_project_231/app.py:83 - 应用初始化完成，配置: default
2026-02-02 05:13:22 - app - INFO - /tmp/pycharm_project_231/utils/logging_config.py:86 - 日志系统初始化完成
2026-02-02 05:13:23 - app - INFO - /tmp/pycharm_project_231/app.py:83 - 应用初始化完成，配置: default
2026-02-02 05:17:36 - app - INFO - /tmp/pycharm_project_231/utils/logging_config.py:86 - 日志系统初始化完成
2026-02-02 05:17:36 - app - INFO - /tmp/pycharm_project_231/app.py:83 - 应用初始化完成，配置: default
2026-02-02 05:25:17 - app - INFO - /tmp/pycharm_project_231/utils/logging_config.py:86 - 日志系统初始化完成
2026-02-02 05:25:19 - app - INFO - /tmp/pycharm_project_231/app.py:83 - 应用初始化完成，配置: default
2026-02-02 10:17:47 - app - INFO - /tmp/pycharm_project_231/utils/logging_config.py:86 - 日志系统初始化完成
2026-02-02 10:17:49 - app - INFO - /tmp/pycharm_project_231/app.py:83 - 应用初始化完成，配置: default
2026-02-02 10:24:49 - app - INFO - /tmp/pycharm_project_231/utils/logging_config.py:86 - 日志系统初始化完成
2026-02-02 10:24:51 - app - INFO - /tmp/pycharm_project_231/app.py:83 - 应用初始化完成，配置: default
2026-02-02 10:32:16 - app - INFO - /tmp/pycharm_project_231/utils/logging_config.py:86 - 日志系统初始化完成
2026-02-02 10:32:18 - app - INFO - /tmp/pycharm_project_231/app.py:83 - 应用初始化完成，配置: default
2026-02-02 10:36:49 - app - INFO - /tmp/pycharm_project_231/utils/logging_config.py:86 - 日志系统初始化完成
2026-02-02 10:36:52 - app - INFO - /tmp/pycharm_project_231/app.py:83 - 应用初始化完成，配置: default
2026-02-02 10:56:33 - app - INFO - /tmp/pycharm_project_231/utils/logging_config.py:86 - 日志系统初始化完成
2026-02-02 10:56:34 - app - INFO - /tmp/pycharm_project_231/app.py:83 - 应用初始化完成，配置: default
2026-02-02 10:56:39 - app - INFO - /tmp/pycharm_project_231/utils/logging_config.py:86 - 日志系统初始化完成
2026-02-02 10:56:39 - app - INFO - /tmp/pycharm_project_231/app.py:83 - 应用初始化完成，配置: default
2026-02-02 11:08:00 - app - INFO - /tmp/pycharm_project_231/utils/logging_config.py:86 - 日志系统初始化完成
2026-02-02 11:08:01 - app - INFO - /tmp/pycharm_project_231/app.py:83 - 应用初始化完成，配置: default
2026-02-02 11:08:12 - app - INFO - /tmp/pycharm_project_231/utils/logging_config.py:86 - 日志系统初始化完成
2026-02-02 11:08:13 - app - INFO - /tmp/pycharm_project_231/app.py:83 - 应用初始化完成，配置: default
2026-02-02 11:29:41 - app - INFO - /tmp/pycharm_project_231/utils/logging_config.py:86 - 日志系统初始化完成
2026-02-02 11:29:42 - app - INFO - /tmp/pycharm_project_231/app.py:83 - 应用初始化完成，配置: default
2026-02-02 11:34:47 - app - INFO - /tmp/pycharm_project_231/utils/logging_config.py:86 - 日志系统初始化完成
2026-02-02 11:34:48 - app - INFO - /tmp/pycharm_project_231/app.py:83 - 应用初始化完成，配置: default
2026-02-02 12:42:18 - app - INFO - /tmp/pycharm_project_231/utils/logging_config.py:86 - 日志系统初始化完成
2026-02-02 12:42:21 - app - INFO - /tmp/pycharm_project_231/app.py:83 - 应用初始化完成，配置: default
2026-02-02 12:55:51 - app - INFO - /tmp/pycharm_project_231/utils/logging_config.py:86 - 日志系统初始化完成
2026-02-02 12:55:53 - app - INFO - /tmp/pycharm_project_231/app.py:83 - 应用初始化完成，配置: default
2026-02-02 13:00:36 - app - INFO - /tmp/pycharm_project_231/utils/logging_config.py:86 - 日志系统初始化完成
2026-02-02 13:00:37 - app - INFO - /tmp/pycharm_project_231/app.py:83 - 应用初始化完成，配置: default
2026-02-02 13:03:56 - app - INFO - /tmp/pycharm_project_231/utils/logging_config.py:86 - 日志系统初始化完成
2026-02-02 13:03:57 - app - INFO - /tmp/pycharm_project_231/app.py:83 - 应用初始化完成，配置: default
2026-02-02 13:08:05 - app - INFO - /tmp/pycharm_project_231/utils/logging_config.py:86 - 日志系统初始化完成
2026-02-02 13:08:06 - app - INFO - /tmp/pycharm_project_231/app.py:83 - 应用初始化完成，配置: default
2026-02-02 13:15:50 - app - INFO - /tmp/pycharm_project_231/utils/logging_config.py:86 - 日志系统初始化完成
2026-02-02 13:15:52 - app - INFO - /tmp/pycharm_project_231/app.py:83 - 应用初始化完成，配置: default
2026-02-02 13:22:01 - app - INFO - /tmp/pycharm_project_231/utils/logging_config.py:86 - 日志系统初始化完成
2026-02-02 13:22:02 - app - INFO - /tmp/pycharm_project_231/app.py:83 - 应用初始化完成，配置: default
2026-02-02 13:22:18 - app - INFO - /tmp/pycharm_project_231/utils/logging_config.py:86 - 日志系统初始化完成
2026-02-02 13:22:19 - app - INFO - /tmp/pycharm_project_231/app.py:83 - 应用初始化完成，配置: default
2026-02-02 13:24:10 - app - INFO - /tmp/pycharm_project_231/utils/logging_config.py:86 - 日志系统初始化完成
2026-02-02 13:24:11 - app - INFO - /tmp/pycharm_project_231/app.py:83 - 应用初始化完成，配置: default
2026-02-02 13:24:22 - app - INFO - /tmp/pycharm_project_231/utils/logging_config.py:86 - 日志系统初始化完成
2026-02-02 13:24:23 - app - INFO - /tmp/pycharm_project_231/app.py:83 - 应用初始化完成，配置: default
2026-02-02 13:24:32 - app - INFO - /tmp/pycharm_project_231/utils/logging_config.py:86 - 日志系统初始化完成
2026-02-02 13:24:33 - app - INFO - /tmp/pycharm_project_231/app.py:83 - 应用初始化完成，配置: default
2026-02-02 13:24:44 - app - INFO - /tmp/pycharm_project_231/utils/logging_config.py:86 - 日志系统初始化完成
2026-02-02 13:24:45 - app - INFO - /tmp/pycharm_project_231/app.py:83 - 应用初始化完成，配置: default
2026-02-02 13:28:05 - app - INFO - /tmp/pycharm_project_231/utils/logging_config.py:86 - 日志系统初始化完成
2026-02-02 13:28:06 - app - INFO - /tmp/pycharm_project_231/app.py:83 - 应用初始化完成，配置: default
2026-02-02 13:33:09 - app - INFO - /tmp/pycharm_project_231/utils/logging_config.py:86 - 日志系统初始化完成
2026-02-02 13:33:10 - app - INFO - /tmp/pycharm_project_231/app.py:83 - 应用初始化完成，配置: default
2026-02-02 13:38:33 - app - INFO - /tmp/pycharm_project_231/utils/logging_config.py:86 - 日志系统初始化完成
2026-02-02 13:38:34 - app - INFO - /tmp/pycharm_project_231/app.py:83 - 应用初始化完成，配置: default
2026-02-02 13:41:57 - app - INFO - /tmp/pycharm_project_231/utils/logging_config.py:86 - 日志系统初始化完成
2026-02-02 13:41:58 - app - INFO - /tmp/pycharm_project_231/app.py:83 - 应用初始化完成，配置: default
2026-02-02 13:46:01 - app - INFO - /tmp/pycharm_project_231/utils/logging_config.py:86 - 日志系统初始化完成
2026-02-02 13:46:02 - app - INFO - /tmp/pycharm_project_231/app.py:83 - 应用初始化完成，配置: default
2026-02-02 13:46:08 - app - INFO - /tmp/pycharm_project_231/utils/logging_config.py:86 - 日志系统初始化完成
2026-02-02 13:46:09 - app - INFO - /tmp/pycharm_project_231/app.py:83 - 应用初始化完成，配置: default
2026-02-02 13:49:00 - app - INFO - /tmp/pycharm_project_231/utils/logging_config.py:86 - 日志系统初始化完成
2026-02-02 13:49:01 - app - INFO - /tmp/pycharm_project_231/app.py:83 - 应用初始化完成，配置: default
2026-02-02 14:03:08 - app - INFO - /tmp/pycharm_project_231/utils/logging_config.py:86 - 日志系统初始化完成
2026-02-02 14:03:10 - app - INFO - /tmp/pycharm_project_231/app.py:83 - 应用初始化完成，配置: default
2026-02-02 14:03:18 - app - INFO - /tmp/pycharm_project_231/utils/logging_config.py:86 - 日志系统初始化完成
2026-02-02 14:03:20 - app - INFO - /tmp/pycharm_project_231/app.py:83 - 应用初始化完成，配置: default
2026-02-02 14:03:39 - app - INFO - /tmp/pycharm_project_231/utils/logging_config.py:86 - 日志系统初始化完成
2026-02-02 14:03:40 - app - INFO - /tmp/pycharm_project_231/app.py:83 - 应用初始化完成，配置: default
2026-02-02 14:03:52 - app - INFO - /tmp/pycharm_project_231/utils/logging_config.py:86 - 日志系统初始化完成
2026-02-02 14:03:53 - app - INFO - /tmp/pycharm_project_231/app.py:83 - 应用初始化完成，配置: default
2026-02-02 14:04:09 - app - INFO - /tmp/pycharm_project_231/utils/logging_config.py:86 - 日志系统初始化完成
2026-02-02 14:04:10 - app - INFO - /tmp/pycharm_project_231/app.py:83 - 应用初始化完成，配置: default
2026-02-02 15:29:25 - app - INFO - /tmp/pycharm_project_231/utils/logging_config.py:86 - 日志系统初始化完成
2026-02-02 15:29:27 - app - INFO - /tmp/pycharm_project_231/app.py:83 - 应用初始化完成，配置: default
2026-02-02 15:49:37 - app - INFO - /tmp/pycharm_project_231/utils/logging_config.py:86 - 日志系统初始化完成
2026-02-02 15:49:39 - app - INFO - /tmp/pycharm_project_231/app.py:83 - 应用初始化完成，配置: default
2026-02-02 15:55:25 - app - INFO - /tmp/pycharm_project_231/utils/logging_config.py:86 - 日志系统初始化完成
2026-02-02 15:55:26 - app - INFO - /tmp/pycharm_project_231/app.py:83 - 应用初始化完成，配置: default
2026-02-02 15:58:17 - app - INFO - /tmp/pycharm_project_231/utils/logging_config.py:86 - 日志系统初始化完成
2026-02-02 15:58:18 - app - INFO - /tmp/pycharm_project_231/app.py:83 - 应用初始化完成，配置: default
2026-02-02 16:07:45 - app - INFO - /tmp/pycharm_project_231/utils/logging_config.py:86 - 日志系统初始化完成
2026-02-02 16:07:46 - app - INFO - /tmp/pycharm_project_231/app.py:83 - 应用初始化完成，配置: default
2026-02-02 16:07:58 - app - INFO - /tmp/pycharm_project_231/utils/logging_config.py:86 - 日志系统初始化完成
2026-02-02 16:07:59 - app - INFO - /tmp/pycharm_project_231/app.py:83 - 应用初始化完成，配置: default
2026-02-02 16:09:59 - app - INFO - /tmp/pycharm_project_231/utils/logging_config.py:86 - 日志系统初始化完成
2026-02-02 16:10:00 - app - INFO - /tmp/pycharm_project_231/app.py:83 - 应用初始化完成，配置: default
2026-02-02 16:11:42 - app - INFO - /tmp/pycharm_project_231/utils/logging_config.py:86 - 日志系统初始化完成
2026-02-02 16:11:43 - app - INFO - /tmp/pycharm_project_231/app.py:83 - 应用初始化完成，配置: default
2026-02-02 16:17:20 - app - INFO - /tmp/pycharm_project_231/utils/logging_config.py:86 - 日志系统初始化完成
2026-02-02 16:17:21 - app - INFO - /tmp/pycharm_project_231/app.py:83 - 应用初始化完成，配置: default
2026-02-02 16:19:42 - app - INFO - /tmp/pycharm_project_231/utils/logging_config.py:86 - 日志系统初始化完成
2026-02-02 16:19:43 - app - INFO - /tmp/pycharm_project_231/app.py:83 - 应用初始化完成，配置: default
2026-02-02 16:21:27 - app - INFO - /tmp/pycharm_project_231/utils/logging_config.py:86 - 日志系统初始化完成
2026-02-02 16:21:28 - app - INFO - /tmp/pycharm_project_231/app.py:83 - 应用初始化完成，配置: default
2026-02-02 16:21:43 - app - INFO - /tmp/pycharm_project_231/utils/logging_config.py:86 - 日志系统初始化完成
2026-02-02 16:21:44 - app - INFO - /tmp/pycharm_project_231/app.py:83 - 应用初始化完成，配置: default
2026-02-02 16:21:56 - app - INFO - /tmp/pycharm_project_231/utils/logging_config.py:86 - 日志系统初始化完成
2026-02-02 16:21:57 - app - INFO - /tmp/pycharm_project_231/app.py:83 - 应用初始化完成，配置: default
2026-02-02 16:22:10 - app - INFO - /tmp/pycharm_project_231/utils/logging_config.py:86 - 日志系统初始化完成
2026-02-02 16:22:11 - app - INFO - /tmp/pycharm_project_231/app.py:83 - 应用初始化完成，配置: default
2026-02-02 16:22:45 - app - INFO - /tmp/pycharm_project_231/utils/logging_config.py:86 - 日志系统初始化完成
2026-02-02 16:22:46 - app - INFO - /tmp/pycharm_project_231/app.py:83 - 应用初始化完成，配置: default
2026-02-02 16:23:03 - app - INFO - /tmp/pycharm_project_231/utils/logging_config.py:86 - 日志系统初始化完成
2026-02-02 16:23:04 - app - INFO - /tmp/pycharm_project_231/app.py:83 - 应用初始化完成，配置: default
2026-02-02 16:28:24 - app - INFO - /tmp/pycharm_project_231/utils/logging_config.py:86 - 日志系统初始化完成
2026-02-02 16:28:25 - app - INFO - /tmp/pycharm_project_231/app.py:83 - 应用初始化完成，配置: default
2026-02-02 16:28:38 - app - INFO - /tmp/pycharm_project_231/utils/logging_config.py:86 - 日志系统初始化完成
2026-02-02 16:28:39 - app - INFO - /tmp/pycharm_project_231/app.py:83 - 应用初始化完成，配置: default
2026-02-02 16:28:45 - app - INFO - /tmp/pycharm_project_231/utils/logging_config.py:86 - 日志系统初始化完成
2026-02-02 16:28:46 - app - INFO - /tmp/pycharm_project_231/app.py:83 - 应用初始化完成，配置: default
2026-02-02 16:28:48 - app - INFO - /tmp/pycharm_project_231/utils/logging_config.py:86 - 日志系统初始化完成
2026-02-02 16:28:49 - app - INFO - /tmp/pycharm_project_231/app.py:83 - 应用初始化完成，配置: default
2026-02-02 16:29:01 - app - INFO - /tmp/pycharm_project_231/utils/logging_config.py:86 - 日志系统初始化完成
2026-02-02 16:29:02 - app - INFO - /tmp/pycharm_project_231/app.py:83 - 应用初始化完成，配置: default
2026-02-02 16:36:19 - app - INFO - /tmp/pycharm_project_231/utils/logging_config.py:86 - 日志系统初始化完成
2026-02-02 16:36:20 - app - INFO - /tmp/pycharm_project_231/app.py:83 - 应用初始化完成，配置: default
2026-02-02 17:13:51 - app - INFO - /tmp/pycharm_project_231/utils/logging_config.py:86 - 日志系统初始化完成
2026-02-02 17:13:52 - app - INFO - /tmp/pycharm_project_231/app.py:83 - 应用初始化完成，配置: default
2026-02-02 17:13:55 - app - INFO - /tmp/pycharm_project_231/utils/logging_config.py:86 - 日志系统初始化完成
2026-02-02 17:13:56 - app - INFO - /tmp/pycharm_project_231/app.py:83 - 应用初始化完成，配置: default
2026-02-02 17:28:37 - app - INFO - /tmp/pycharm_project_231/utils/logging_config.py:86 - 日志系统初始化完成
2026-02-02 17:28:39 - app - INFO - /tmp/pycharm_project_231/app.py:83 - 应用初始化完成，配置: default
2026-02-02 17:44:04 - app - INFO - /tmp/pycharm_project_231/utils/logging_config.py:86 - 日志系统初始化完成
2026-02-02 17:44:06 - app - INFO - /tmp/pycharm_project_231/app.py:83 - 应用初始化完成，配置: default
2026-02-02 17:50:44 - app - INFO - /tmp/pycharm_project_231/utils/logging_config.py:86 - 日志系统初始化完成
2026-02-02 17:50:45 - app - INFO - /tmp/pycharm_project_231/app.py:83 - 应用初始化完成，配置: default
2026-02-02 17:52:58 - app - INFO - /tmp/pycharm_project_231/utils/logging_config.py:86 - 日志系统初始化完成
2026-02-02 17:52:59 - app - INFO - /tmp/pycharm_project_231/app.py:83 - 应用初始化完成，配置: default
2026-02-02 18:16:31 - app - INFO - /tmp/pycharm_project_231/utils/logging_config.py:86 - 日志系统初始化完成
2026-02-02 18:16:32 - app - INFO - /tmp/pycharm_project_231/app.py:83 - 应用初始化完成，配置: default
2026-02-02 18:41:38 - app - INFO - /tmp/pycharm_project_231/utils/logging_config.py:86 - 日志系统初始化完成
2026-02-02 18:41:40 - app - INFO - /tmp/pycharm_project_231/app.py:83 - 应用初始化完成，配置: default
2026-02-02 18:49:26 - app - INFO - /tmp/pycharm_project_231/utils/logging_config.py:86 - 日志系统初始化完成
2026-02-02 18:49:27 - app - INFO - /tmp/pycharm_project_231/app.py:83 - 应用初始化完成，配置: default
2026-02-02 18:49:33 - app - INFO - /tmp/pycharm_project_231/utils/logging_config.py:86 - 日志系统初始化完成
2026-02-02 18:49:34 - app - INFO - /tmp/pycharm_project_231/app.py:83 - 应用初始化完成，配置: default
2026-02-02 18:49:36 - app - INFO - /tmp/pycharm_project_231/utils/logging_config.py:86 - 日志系统初始化完成
2026-02-02 18:49:37 - app - INFO - /tmp/pycharm_project_231/app.py:83 - 应用初始化完成，配置: default
2026-02-02 18:49:40 - app - INFO - /tmp/pycharm_project_231/utils/logging_config.py:86 - 日志系统初始化完成
2026-02-02 18:49:41 - app - INFO - /tmp/pycharm_project_231/app.py:83 - 应用初始化完成，配置: default
2026-02-02 18:49:47 - app - INFO - /tmp/pycharm_project_231/utils/logging_config.py:86 - 日志系统初始化完成
2026-02-02 18:49:48 - app - INFO - /tmp/pycharm_project_231/app.py:83 - 应用初始化完成，配置: default
2026-02-02 18:49:52 - app - INFO - /tmp/pycharm_project_231/utils/logging_config.py:86 - 日志系统初始化完成
2026-02-02 18:49:53 - app - INFO - /tmp/pycharm_project_231/app.py:83 - 应用初始化完成，配置: default
2026-02-02 18:50:00 - app - INFO - /tmp/pycharm_project_231/utils/logging_config.py:86 - 日志系统初始化完成
2026-02-02 18:50:02 - app - INFO - /tmp/pycharm_project_231/app.py:83 - 应用初始化完成，配置: default
2026-02-02 18:50:05 - app - INFO - /tmp/pycharm_project_231/utils/logging_config.py:86 - 日志系统初始化完成
2026-02-02 18:50:06 - app - INFO - /tmp/pycharm_project_231/app.py:83 - 应用初始化完成，配置: default
2026-02-02 18:50:08 - app - INFO - /tmp/pycharm_project_231/utils/logging_config.py:86 - 日志系统初始化完成
2026-02-02 18:50:09 - app - INFO - /tmp/pycharm_project_231/app.py:83 - 应用初始化完成，配置: default
2026-02-02 18:50:15 - app - INFO - /tmp/pycharm_project_231/utils/logging_config.py:86 - 日志系统初始化完成
2026-02-02 18:50:16 - app - INFO - /tmp/pycharm_project_231/app.py:83 - 应用初始化完成，配置: default
2026-02-02 18:50:23 - app - INFO - /tmp/pycharm_project_231/utils/logging_config.py:86 - 日志系统初始化完成
2026-02-02 18:50:24 - app - INFO - /tmp/pycharm_project_231/app.py:83 - 应用初始化完成，配置: default
2026-02-02 18:54:23 - app - INFO - /tmp/pycharm_project_231/utils/logging_config.py:86 - 日志系统初始化完成
2026-02-02 18:54:24 - app - INFO - /tmp/pycharm_project_231/app.py:83 - 应用初始化完成，配置: default
2026-02-02 18:54:51 - app - INFO - /tmp/pycharm_project_231/utils/logging_config.py:86 - 日志系统初始化完成
2026-02-02 18:54:52 - app - INFO - /tmp/pycharm_project_231/app.py:83 - 应用初始化完成，配置: default
2026-02-02 18:55:02 - app - INFO - /tmp/pycharm_project_231/utils/logging_config.py:86 - 日志系统初始化完成
2026-02-02 18:55:03 - app - INFO - /tmp/pycharm_project_231/app.py:83 - 应用初始化完成，配置: default
2026-02-02 18:55:08 - app - INFO - /tmp/pycharm_project_231/utils/logging_config.py:86 - 日志系统初始化完成
2026-02-02 18:55:09 - app - INFO - /tmp/pycharm_project_231/app.py:83 - 应用初始化完成，配置: default
2026-02-02 18:55:19 - app - INFO - /tmp/pycharm_project_231/utils/logging_config.py:86 - 日志系统初始化完成
2026-02-02 18:55:19 - app - INFO - /tmp/pycharm_project_231/app.py:83 - 应用初始化完成，配置: default
2026-02-02 18:56:31 - app - INFO - /tmp/pycharm_project_231/utils/logging_config.py:86 - 日志系统初始化完成
2026-02-02 18:56:33 - app - INFO - /tmp/pycharm_project_231/app.py:83 - 应用初始化完成，配置: default
2026-02-02 18:57:34 - app - INFO - /tmp/pycharm_project_231/utils/logging_config.py:86 - 日志系统初始化完成
2026-02-02 18:57:38 - app - INFO - /tmp/pycharm_project_231/app.py:83 - 应用初始化完成，配置: default
2026-02-02 19:03:23 - app - INFO - /tmp/pycharm_project_231/utils/logging_config.py:86 - 日志系统初始化完成
2026-02-02 19:03:24 - app - INFO - /tmp/pycharm_project_231/app.py:83 - 应用初始化完成，配置: default
2026-02-02 19:03:28 - app - INFO - /tmp/pycharm_project_231/utils/logging_config.py:86 - 日志系统初始化完成
2026-02-02 19:03:29 - app - INFO - /tmp/pycharm_project_231/app.py:83 - 应用初始化完成，配置: default
2026-02-02 19:03:32 - app - INFO - /tmp/pycharm_project_231/utils/logging_config.py:86 - 日志系统初始化完成
2026-02-02 19:03:33 - app - INFO - /tmp/pycharm_project_231/app.py:83 - 应用初始化完成，配置: default
2026-02-02 19:05:01 - app - INFO - /tmp/pycharm_project_231/utils/logging_config.py:86 - 日志系统初始化完成
2026-02-02 19:05:02 - app - INFO - /tmp/pycharm_project_231/app.py:83 - 应用初始化完成，配置: default
2026-02-02 19:05:17 - app - INFO - /tmp/pycharm_project_231/utils/logging_config.py:86 - 日志系统初始化完成
2026-02-02 19:05:18 - app - INFO - /tmp/pycharm_project_231/app.py:83 - 应用初始化完成，配置: default
2026-02-02 19:05:24 - app - INFO - /tmp/pycharm_project_231/utils/logging_config.py:86 - 日志系统初始化完成
2026-02-02 19:05:25 - app - INFO - /tmp/pycharm_project_231/app.py:83 - 应用初始化完成，配置: default
2026-02-02 19:05:35 - app - INFO - /tmp/pycharm_project_231/utils/logging_config.py:86 - 日志系统初始化完成
2026-02-02 19:05:36 - app - INFO - /tmp/pycharm_project_231/app.py:83 - 应用初始化完成，配置: default
2026-02-02 19:05:46 - app - INFO - /tmp/pycharm_project_231/utils/logging_config.py:86 - 日志系统初始化完成
2026-02-02 19:05:47 - app - INFO - /tmp/pycharm_project_231/app.py:83 - 应用初始化完成，配置: default
2026-02-02 19:05:57 - app - INFO - /tmp/pycharm_project_231/utils/logging_config.py:86 - 日志系统初始化完成
2026-02-02 19:05:58 - app - INFO - /tmp/pycharm_project_231/app.py:83 - 应用初始化完成，配置: default
2026-02-02 19:06:01 - app - INFO - /tmp/pycharm_project_231/utils/logging_config.py:86 - 日志系统初始化完成
2026-02-02 19:06:02 - app - INFO - /tmp/pycharm_project_231/app.py:83 - 应用初始化完成，配置: default
2026-02-02 19:06:26 - app - INFO - /tmp/pycharm_project_231/utils/logging_config.py:86 - 日志系统初始化完成
2026-02-02 19:06:26 - app - INFO - /tmp/pycharm_project_231/app.py:83 - 应用初始化完成，配置: default
2026-02-02 19:20:35 - app - INFO - /tmp/pycharm_project_231/utils/logging_config.py:86 - 日志系统初始化完成
2026-02-02 19:20:42 - app - INFO - /tmp/pycharm_project_231/app.py:83 - 应用初始化完成，配置: default
2026-02-02 19:20:49 - app - INFO - /tmp/pycharm_project_231/utils/logging_config.py:86 - 日志系统初始化完成
2026-02-02 19:20:51 - app - INFO - /tmp/pycharm_project_231/app.py:83 - 应用初始化完成，配置: default
2026-02-02 19:23:12 - app - INFO - /tmp/pycharm_project_231/utils/logging_config.py:86 - 日志系统初始化完成
2026-02-02 19:23:15 - app - INFO - /tmp/pycharm_project_231/app.py:83 - 应用初始化完成，配置: default
2026-02-02 19:34:58 - app - INFO - /tmp/pycharm_project_231/utils/logging_config.py:86 - 日志系统初始化完成
2026-02-02 19:34:59 - app - INFO - /tmp/pycharm_project_231/app.py:83 - 应用初始化完成，配置: default
2026-02-02 19:35:05 - app - INFO - /tmp/pycharm_project_231/utils/logging_config.py:86 - 日志系统初始化完成
2026-02-02 19:35:06 - app - INFO - /tmp/pycharm_project_231/app.py:83 - 应用初始化完成，配置: default
2026-02-02 19:35:10 - app - INFO - /tmp/pycharm_project_231/utils/logging_config.py:86 - 日志系统初始化完成
2026-02-02 19:35:11 - app - INFO - /tmp/pycharm_project_231/app.py:83 - 应用初始化完成，配置: default
2026-02-02 21:43:44 - app - INFO - /tmp/pycharm_project_231/utils/logging_config.py:86 - 日志系统初始化完成
2026-02-02 21:43:45 - app - INFO - /tmp/pycharm_project_231/app.py:83 - 应用初始化完成，配置: default
2026-02-02 21:47:38 - app - INFO - /tmp/pycharm_project_231/utils/logging_config.py:86 - 日志系统初始化完成
2026-02-02 21:47:40 - app - INFO - /tmp/pycharm_project_231/app.py:83 - 应用初始化完成，配置: default
2026-02-02 21:56:05 - app - INFO - /tmp/pycharm_project_231/utils/logging_config.py:86 - 日志系统初始化完成
2026-02-02 21:56:08 - app - INFO - /tmp/pycharm_project_231/app.py:83 - 应用初始化完成，配置: default
2026-02-02 22:21:31 - app - INFO - /tmp/pycharm_project_231/utils/logging_config.py:86 - 日志系统初始化完成
2026-02-02 22:21:33 - app - INFO - /tmp/pycharm_project_231/app.py:83 - 应用初始化完成，配置: default
2026-02-03 11:37:10 - app - INFO - /tmp/pycharm_project_231/utils/logging_config.py:86 - 日志系统初始化完成
2026-02-03 11:37:12 - app - INFO - /tmp/pycharm_project_231/app.py:83 - 应用初始化完成，配置: default
2026-02-03 17:44:42 - app - INFO - /tmp/pycharm_project_231/utils/logging_config.py:86 - 日志系统初始化完成
2026-02-03 17:44:44 - app - INFO - /tmp/pycharm_project_231/app.py:83 - 应用初始化完成，配置: default
2026-02-04 12:22:44 - app - INFO - /tmp/pycharm_project_231/utils/logging_config.py:86 - 日志系统初始化完成
2026-02-04 12:22:47 - app - INFO - /tmp/pycharm_project_231/app.py:83 - 应用初始化完成，配置: default
2026-02-04 22:13:58 - app - INFO - /tmp/pycharm_project_231/utils/logging_config.py:86 - 日志系统初始化完成
2026-02-04 22:14:00 - app - INFO - /tmp/pycharm_project_231/app.py:83 - 应用初始化完成，配置: default
2026-02-05 00:48:09 - app - INFO - /tmp/pycharm_project_231/utils/logging_config.py:86 - 日志系统初始化完成
2026-02-05 00:48:10 - app - INFO - /tmp/pycharm_project_231/app.py:83 - 应用初始化完成，配置: default
2026-02-05 00:49:10 - app - INFO - /tmp/pycharm_project_231/utils/logging_config.py:86 - 日志系统初始化完成
2026-02-05 00:49:11 - app - INFO - /tmp/pycharm_project_231/app.py:83 - 应用初始化完成，配置: default
2026-02-05 00:52:57 - app - INFO - /tmp/pycharm_project_231/utils/logging_config.py:86 - 日志系统初始化完成
2026-02-05 00:52:58 - app - INFO - /tmp/pycharm_project_231/app.py:83 - 应用初始化完成，配置: default
2026-02-05 00:59:57 - app - INFO - /tmp/pycharm_project_231/utils/logging_config.py:86 - 日志系统初始化完成
2026-02-05 00:59:58 - app - INFO - /tmp/pycharm_project_231/app.py:83 - 应用初始化完成，配置: default
2026-02-05 01:01:54 - app - INFO - /tmp/pycharm_project_231/utils/logging_config.py:86 - 日志系统初始化完成
2026-02-05 01:01:56 - app - INFO - /tmp/pycharm_project_231/app.py:83 - 应用初始化完成，配置: default
2026-02-05 01:09:01 - app - INFO - /tmp/pycharm_project_231/utils/logging_config.py:86 - 日志系统初始化完成
2026-02-05 01:09:03 - app - INFO - /tmp/pycharm_project_231/app.py:83 - 应用初始化完成，配置: default
2026-02-05 01:16:44 - app - INFO - /tmp/pycharm_project_231/utils/logging_config.py:86 - 日志系统初始化完成
2026-02-05 01:16:46 - app - INFO - /tmp/pycharm_project_231/app.py:83 - 应用初始化完成，配置: default
2026-02-05 01:29:32 - app - INFO - /tmp/pycharm_project_231/utils/logging_config.py:86 - 日志系统初始化完成
2026-02-05 01:29:34 - app - INFO - /tmp/pycharm_project_231/app.py:83 - 应用初始化完成，配置: default
2026-02-05 01:38:12 - app - INFO - /tmp/pycharm_project_231/utils/logging_config.py:86 - 日志系统初始化完成
2026-02-05 01:38:14 - app - INFO - /tmp/pycharm_project_231/app.py:83 - 应用初始化完成，配置: default
2026-02-05 01:50:25 - app - INFO - /tmp/pycharm_project_231/utils/logging_config.py:86 - 日志系统初始化完成
2026-02-05 01:50:27 - app - INFO - /tmp/pycharm_project_231/app.py:83 - 应用初始化完成，配置: default
2026-02-05 02:02:27 - app - INFO - /tmp/pycharm_project_231/utils/logging_config.py:86 - 日志系统初始化完成
2026-02-05 02:02:28 - app - INFO - /tmp/pycharm_project_231/app.py:83 - 应用初始化完成，配置: default
2026-02-05 02:19:53 - app - INFO - /tmp/pycharm_project_231/utils/logging_config.py:86 - 日志系统初始化完成
2026-02-05 02:19:55 - app - INFO - /tmp/pycharm_project_231/app.py:83 - 应用初始化完成，配置: default
2026-02-05 02:20:43 - app - INFO - /tmp/pycharm_project_231/utils/logging_config.py:86 - 日志系统初始化完成
2026-02-05 02:20:45 - app - INFO - /tmp/pycharm_project_231/app.py:83 - 应用初始化完成，配置: default
2026-02-05 02:38:02 - app - INFO - /tmp/pycharm_project_231/utils/logging_config.py:86 - 日志系统初始化完成
2026-02-05 02:38:04 - app - INFO - /tmp/pycharm_project_231/app.py:83 - 应用初始化完成，配置: default
2026-02-05 03:07:34 - app - INFO - /tmp/pycharm_project_231/utils/logging_config.py:86 - 日志系统初始化完成
2026-02-05 03:07:36 - app - INFO - /tmp/pycharm_project_231/app.py:83 - 应用初始化完成，配置: default
2026-02-08 11:05:20 - app - INFO - /tmp/pycharm_project_231/utils/logging_config.py:86 - 日志系统初始化完成
2026-02-08 11:05:22 - app - INFO - /tmp/pycharm_project_231/app.py:83 - 应用初始化完成，配置: default
2026-02-08 12:59:59 - app - INFO - /tmp/pycharm_project_231/utils/logging_config.py:86 - 日志系统初始化完成
2026-02-08 13:00:00 - app - INFO - /tmp/pycharm_project_231/app.py:83 - 应用初始化完成，配置: default
2026-02-08 13:01:07 - app - INFO - /tmp/pycharm_project_231/utils/logging_config.py:86 - 日志系统初始化完成
2026-02-08 13:01:09 - app - INFO - /tmp/pycharm_project_231/app.py:83 - 应用初始化完成，配置: default
2026-02-08 13:10:18 - app - INFO - /tmp/pycharm_project_231/utils/logging_config.py:86 - 日志系统初始化完成
2026-02-08 13:10:21 - app - INFO - /tmp/pycharm_project_231/app.py:83 - 应用初始化完成，配置: default
2026-02-08 13:17:51 - app - INFO - /tmp/pycharm_project_231/utils/logging_config.py:86 - 日志系统初始化完成
2026-02-08 13:17:53 - app - INFO - /tmp/pycharm_project_231/app.py:83 - 应用初始化完成，配置: default
2026-02-08 13:27:24 - app - INFO - /tmp/pycharm_project_231/utils/logging_config.py:86 - 日志系统初始化完成
2026-02-08 13:27:26 - app - INFO - /tmp/pycharm_project_231/app.py:83 - 应用初始化完成，配置: default
2026-02-08 13:28:28 - app - INFO - /tmp/pycharm_project_231/utils/logging_config.py:86 - 日志系统初始化完成
2026-02-08 13:28:30 - app - INFO - /tmp/pycharm_project_231/app.py:83 - 应用初始化完成，配置: default
2026-02-08 17:57:49 - app - INFO - /tmp/pycharm_project_231/utils/logging_config.py:86 - 日志系统初始化完成
2026-02-08 18:06:30 - app - INFO - /tmp/pycharm_project_231/utils/logging_config.py:86 - 日志系统初始化完成
2026-02-08 18:06:41 - app - INFO - /tmp/pycharm_project_231/utils/logging_config.py:86 - 日志系统初始化完成
2026-02-08 18:07:05 - app - INFO - /tmp/pycharm_project_231/utils/logging_config.py:86 - 日志系统初始化完成
2026-02-08 18:07:06 - app - INFO - /tmp/pycharm_project_231/app.py:83 - 应用初始化完成，配置: default
2026-02-08 18:07:07 - app - INFO - /tmp/pycharm_project_231/utils/logging_config.py:86 - 日志系统初始化完成
2026-02-08 18:07:08 - app - INFO - /tmp/pycharm_project_231/app.py:83 - 应用初始化完成，配置: default
2026-02-08 18:09:07 - app - INFO - /tmp/pycharm_project_231/utils/logging_config.py:86 - 日志系统初始化完成
2026-02-08 18:14:13 - app - INFO - /tmp/pycharm_project_231/utils/logging_config.py:86 - 日志系统初始化完成
2026-02-08 18:14:14 - app - INFO - /tmp/pycharm_project_231/app.py:83 - 应用初始化完成，配置: default
2026-02-08 18:14:15 - app - INFO - /tmp/pycharm_project_231/utils/logging_config.py:86 - 日志系统初始化完成
2026-02-08 18:14:15 - app - INFO - /tmp/pycharm_project_231/app.py:83 - 应用初始化完成，配置: default
2026-02-08 18:15:33 - app - INFO - /tmp/pycharm_project_231/utils/logging_config.py:86 - 日志系统初始化完成
2026-02-08 18:15:34 - app - INFO - /tmp/pycharm_project_231/app.py:83 - 应用初始化完成，配置: default
2026-02-08 18:23:15 - app - INFO - /tmp/pycharm_project_231/utils/logging_config.py:86 - 日志系统初始化完成
2026-02-08 18:23:17 - app - INFO - /tmp/pycharm_project_231/app.py:83 - 应用初始化完成，配置: default
2026-02-08 18:32:34 - app - INFO - /tmp/pycharm_project_231/utils/logging_config.py:86 - 日志系统初始化完成
2026-02-08 18:32:36 - app - INFO - /tmp/pycharm_project_231/app.py:83 - 应用初始化完成，配置: default
2026-02-08 18:46:12 - app - INFO - /tmp/pycharm_project_231/utils/logging_config.py:86 - 日志系统初始化完成
2026-02-08 18:46:14 - app - INFO - /tmp/pycharm_project_231/app.py:83 - 应用初始化完成，配置: default
2026-02-08 18:46:37 - app - INFO - /tmp/pycharm_project_231/utils/logging_config.py:86 - 日志系统初始化完成
2026-02-08 18:46:38 - app - INFO - /tmp/pycharm_project_231/app.py:83 - 应用初始化完成，配置: default
2026-02-08 18:47:13 - app - INFO - /tmp/pycharm_project_231/utils/logging_config.py:86 - 日志系统初始化完成
2026-02-08 18:47:14 - app - INFO - /tmp/pycharm_project_231/app.py:83 - 应用初始化完成，配置: default
2026-02-08 18:47:20 - app - INFO - /tmp/pycharm_project_231/utils/logging_config.py:86 - 日志系统初始化完成
2026-02-08 18:47:21 - app - INFO - /tmp/pycharm_project_231/utils/logging_config.py:86 - 日志系统初始化完成
2026-02-08 18:47:22 - app - INFO - /tmp/pycharm_project_231/app.py:83 - 应用初始化完成，配置: default
2026-02-08 18:47:22 - app - INFO - /tmp/pycharm_project_231/app.py:83 - 应用初始化完成，配置: default
2026-02-08 18:53:50 - app - INFO - /tmp/pycharm_project_231/utils/logging_config.py:86 - 日志系统初始化完成
2026-02-08 18:53:51 - app - INFO - /tmp/pycharm_project_231/app.py:83 - 应用初始化完成，配置: default
2026-02-08 18:58:43 - app - INFO - /tmp/pycharm_project_231/utils/logging_config.py:86 - 日志系统初始化完成
2026-02-08 18:58:47 - app - INFO - /tmp/pycharm_project_231/app.py:83 - 应用初始化完成，配置: default
2026-02-08 22:47:13 - app - INFO - /tmp/pycharm_project_231/utils/logging_config.py:86 - 日志系统初始化完成
2026-02-08 22:47:14 - app - INFO - /tmp/pycharm_project_231/app.py:83 - 应用初始化完成，配置: default
2026-02-08 22:47:44 - app - INFO - /tmp/pycharm_project_231/utils/logging_config.py:86 - 日志系统初始化完成
2026-02-08 22:47:45 - app - INFO - /tmp/pycharm_project_231/app.py:83 - 应用初始化完成，配置: default
2026-02-08 22:50:36 - app - INFO - /tmp/pycharm_project_231/utils/logging_config.py:86 - 日志系统初始化完成
2026-02-08 22:50:37 - app - INFO - /tmp/pycharm_project_231/app.py:83 - 应用初始化完成，配置: default
2026-02-08 22:50:38 - app - INFO - /tmp/pycharm_project_231/utils/logging_config.py:86 - 日志系统初始化完成
2026-02-08 22:50:39 - app - INFO - /tmp/pycharm_project_231/app.py:83 - 应用初始化完成，配置: default
2026-02-09 13:34:52 - app - INFO - /tmp/pycharm_project_231/utils/logging_config.py:86 - 日志系统初始化完成
2026-02-09 13:34:53 - app - INFO - /tmp/pycharm_project_231/app.py:83 - 应用初始化完成，配置: default
2026-02-09 13:35:13 - app - INFO - /tmp/pycharm_project_231/utils/logging_config.py:86 - 日志系统初始化完成
2026-02-09 13:35:14 - app - INFO - /tmp/pycharm_project_231/app.py:83 - 应用初始化完成，配置: default
2026-02-09 13:35:14 - app - INFO - /tmp/pycharm_project_231/utils/logging_config.py:86 - 日志系统初始化完成
2026-02-09 13:35:15 - app - INFO - /tmp/pycharm_project_231/app.py:83 - 应用初始化完成，配置: default
2026-02-09 13:40:32 - app - INFO - /tmp/pycharm_project_231/utils/logging_config.py:86 - 日志系统初始化完成
2026-02-09 13:40:33 - app - INFO - /tmp/pycharm_project_231/app.py:83 - 应用初始化完成，配置: default
2026-02-09 13:40:41 - app - INFO - /tmp/pycharm_project_231/utils/logging_config.py:86 - 日志系统初始化完成
2026-02-09 13:40:42 - app - INFO - /tmp/pycharm_project_231/app.py:83 - 应用初始化完成，配置: default
2026-02-09 13:40:42 - app - INFO - /tmp/pycharm_project_231/utils/logging_config.py:86 - 日志系统初始化完成
2026-02-09 13:40:43 - app - INFO - /tmp/pycharm_project_231/app.py:83 - 应用初始化完成，配置: default
2026-02-09 13:46:17 - app - INFO - /tmp/pycharm_project_231/utils/logging_config.py:86 - 日志系统初始化完成
2026-02-09 13:46:18 - app - INFO - /tmp/pycharm_project_231/app.py:83 - 应用初始化完成，配置: default
2026-02-09 13:46:54 - app - INFO - /tmp/pycharm_project_231/utils/logging_config.py:86 - 日志系统初始化完成
2026-02-09 13:46:55 - app - INFO - /tmp/pycharm_project_231/app.py:83 - 应用初始化完成，配置: default
2026-02-09 13:46:56 - app - INFO - /tmp/pycharm_project_231/utils/logging_config.py:86 - 日志系统初始化完成
2026-02-09 13:46:56 - app - INFO - /tmp/pycharm_project_231/app.py:83 - 应用初始化完成，配置: default
2026-02-09 13:53:56 - app - INFO - /tmp/pycharm_project_231/utils/logging_config.py:86 - 日志系统初始化完成
2026-02-09 13:53:57 - app - INFO - /tmp/pycharm_project_231/app.py:83 - 应用初始化完成，配置: default
2026-02-09 13:54:00 - app - INFO - /tmp/pycharm_project_231/utils/logging_config.py:86 - 日志系统初始化完成
2026-02-09 13:54:01 - app - INFO - /tmp/pycharm_project_231/app.py:83 - 应用初始化完成，配置: default
2026-02-09 15:28:21 - app - INFO - /tmp/pycharm_project_231/utils/logging_config.py:86 - 日志系统初始化完成
2026-02-09 15:28:23 - app - INFO - /tmp/pycharm_project_231/app.py:83 - 应用初始化完成，配置: default
2026-02-09 15:29:11 - app - INFO - /tmp/pycharm_project_231/utils/logging_config.py:86 - 日志系统初始化完成
2026-02-09 15:29:12 - app - INFO - /tmp/pycharm_project_231/app.py:83 - 应用初始化完成，配置: default
